term,estimate,std.error,specialty
same_sex,0.01143217245153525,0.005223632482111885,derm
same_prac,0.31539188628387976,0.06608008512200969,derm
diff_dist,-0.03180153382615525,0.0017859908349932229,derm
same_race,0.008082139562240995,0.004644882203826951,derm
diff_age,1.9000443307201143e-4,5.528646872090874e-4,derm
diff_gradyear,-3.0370277713742704e-4,5.427385311799899e-4,derm
