specialty,pct_of_pcp_groups,n_pcp_groups
Orthopedic Surgery,0.028378857750975522,546886
Cardiology,0.034937811536590806,546886
Dermatology,0.011975073415666154,546886
