doctor,specialty,treat,n_years,move_year,doc_group,doc_hrr,female,age,experience,white,n_choice,n_refer
1134227614,ortho,0,1,2010,103886,1,1,36,11,0,104,2
1083820781,ortho,0,1,2010,246731,11,0,35,7,0,19,1
1164412466,ortho,0,1,2010,261095,12,0,50,30,1,115,1
1548289580,ortho,0,1,2010,323365,12,0,65,38,1,115,3
1629284211,ortho,1,1,2010,322513,12,0,43,7,1,115,2
1730178914,ortho,0,1,2010,102683,12,0,47,12,1,115,2
1497822621,ortho,0,1,2010,260496,21,0,52,9,1,21,1
1770683641,ortho,0,1,2010,93468,21,1,33,7,1,21,1
1962558197,ortho,0,1,2010,276505,22,1,58,23,1,10,1
1407875941,ortho,0,1,2010,271360,23,0,47,20,1,60,1
1043392186,ortho,0,1,2010,114451,56,1,47,22,1,179,1
1487677977,ortho,0,1,2010,341891,56,0,55,27,0,179,2
1447228796,ortho,0,1,2010,342209,69,1,42,18,1,12,1
1659578243,ortho,0,1,2010,38233,69,1,34,6,1,12,1
1083768618,ortho,1,2,2010,270897,77,0,36,5,1,103,2
1710931019,ortho,0,1,2010,108586,78,0,47,24,1,18,1
1861500274,ortho,1,3,2010,108586,78,0,37,11,1,166,3
1609898758,ortho,1,1,2010,135462,79,1,51,22,0,39,2
1598975690,ortho,0,1,2010,134878,80,0,33,6,1,86,1
1487674685,ortho,1,1,2010,291339,85,0,46,20,0,23,1
1568431781,ortho,0,1,2010,318107,103,0,54,28,1,84,3
1023058591,ortho,0,1,2010,311027,104,0,59,33,1,26,1
1346224169,ortho,0,1,2010,316953,104,0,56,30,1,26,1
1932128873,ortho,0,1,2010,317945,104,0,34,8,1,26,1
1245295013,ortho,0,1,2010,318115,107,0,50,22,1,11,1
1003876228,ortho,0,1,2010,15420,109,1,34,9,0,26,1
1265485171,ortho,0,1,2010,265999,118,1,54,14,1,84,1
1366557621,ortho,0,1,2010,111155,119,1,44,10,1,53,2
1497916910,ortho,1,1,2010,265447,119,0,36,7,0,53,1
1982829628,ortho,0,1,2010,266127,119,1,34,6,1,53,2
1043223753,ortho,0,1,2010,250838,123,0,43,14,1,51,1
1801096037,ortho,0,1,2010,253055,123,0,38,6,0,51,1
1851378012,ortho,0,1,2010,112495,127,0,38,10,1,47,1
1053316133,ortho,0,1,2010,249020,129,0,62,37,0,18,2
1255324091,ortho,0,2,2010,72082,129,0,53,27,1,122,6
1487855987,ortho,0,1,2010,61649,129,0,42,14,0,18,1
1023057999,ortho,1,1,2010,247298,130,0,46,19,1,107,1
1740257773,ortho,1,1,2010,241818,134,0,56,26,1,39,1
1992818595,ortho,0,1,2010,276118,134,0,41,15,1,39,2
1770583445,ortho,0,1,2010,247212,137,0,49,22,1,24,1
1801998877,ortho,1,1,2010,251085,141,0,35,10,0,41,1
1255327680,ortho,0,1,2010,241239,144,0,48,22,1,142,1
1205884020,ortho,1,1,2010,238554,147,0,40,22,1,19,1
1346213303,ortho,1,1,2010,303336,151,0,43,10,1,41,1
1982771671,ortho,1,2,2010,302804,151,0,58,20,1,63,2
1114033669,ortho,1,2,2010,145793,161,1,46,19,1,56,2
1437115870,ortho,0,1,2010,11798,163,1,40,15,1,17,1
1104820869,ortho,1,1,2010,149305,172,0,54,29,1,34,2
1144284480,ortho,0,1,2010,141829,179,0,65,27,1,31,4
1932186723,ortho,0,1,2010,106429,180,0,41,16,0,30,1
1124012729,ortho,1,3,2010,105147,183,1,41,13,1,275,4
1235129065,ortho,1,1,2010,105147,183,1,41,15,1,126,1
1548476120,ortho,0,1,2010,118313,187,0,51,24,1,34,1
1215915855,ortho,0,1,2010,167057,191,0,60,35,1,28,4
1306825062,ortho,0,1,2010,167057,191,0,64,,1,28,1
1306990817,ortho,1,1,2010,166920,191,1,41,21,0,28,1
1346228970,ortho,0,1,2010,167057,191,0,48,19,1,28,6
1508823998,ortho,0,2,2010,167057,191,0,37,13,0,41,8
1720058019,ortho,0,1,2010,167057,191,0,61,35,1,28,3
1154547073,ortho,0,1,2010,110616,195,0,32,5,1,5,3
1023115730,ortho,0,1,2010,163674,205,1,42,25,1,71,1
1144225053,ortho,0,1,2010,220075,223,0,38,13,0,113,1
1295727790,ortho,0,1,2010,144575,223,0,40,14,1,113,3
1548265580,ortho,0,1,2010,48886,225,1,43,16,1,20,3
1396741963,ortho,1,1,2010,9944,227,0,48,21,1,185,2
1942268438,ortho,0,1,2010,10428,227,1,49,24,1,185,1
1922197151,ortho,1,1,2010,160953,232,1,37,10,1,49,1
1093777013,ortho,0,1,2010,108496,233,0,59,38,1,17,2
1396741682,ortho,0,1,2010,154596,236,1,45,14,1,45,1
1417162173,ortho,0,1,2010,156413,238,1,31,5,0,24,2
1164512034,ortho,0,1,2010,73664,243,0,37,5,1,11,1
1609811975,ortho,0,2,2010,100008,245,0,53,27,1,69,4
1801851498,ortho,1,2,2010,164059,250,1,38,12,0,77,2
1184744765,ortho,0,1,2010,169910,264,0,50,12,1,27,1
1407046220,ortho,1,1,2010,277598,267,1,38,3,1,16,1
1992727309,ortho,1,1,2010,169975,267,0,41,15,1,16,1
1629036173,ortho,1,1,2010,169670,270,0,45,20,1,38,2
1285846055,ortho,0,1,2010,169376,273,0,39,15,1,144,1
1225188212,ortho,1,1,2010,294459,274,1,38,11,1,37,2
1356396394,ortho,0,1,2010,294468,274,0,53,26,1,37,3
1427088855,ortho,0,1,2010,294468,274,0,55,21,1,37,2
1437148194,ortho,0,1,2010,294466,274,0,54,13,1,37,1
1871504969,ortho,0,1,2010,49566,279,0,45,10,1,45,1
1417956368,ortho,0,1,2010,4081,282,1,43,18,0,46,2
1871573063,ortho,0,1,2010,80119,283,0,44,17,0,103,1
1841405008,ortho,0,1,2010,110711,284,1,32,6,1,47,2
1083681993,ortho,0,1,2010,34935,308,0,38,13,1,31,1
1194784009,ortho,0,1,2010,90843,309,0,54,23,1,36,3
1205882370,ortho,0,1,2010,231935,309,1,43,12,1,36,2
1811066996,ortho,1,2,2010,229383,309,0,56,28,1,69,4
1831385939,ortho,0,1,2010,231353,309,1,34,6,1,36,1
1457424046,ortho,0,1,2010,232014,311,0,55,27,1,76,1
1467422501,ortho,0,1,2010,229519,311,1,35,9,1,76,2
1992702252,ortho,1,1,2010,240246,311,0,49,24,1,76,1
1164477998,ortho,1,1,2010,108340,312,0,54,28,1,53,1
1154369627,ortho,0,1,2010,230002,318,0,45,15,0,48,1
1720071103,ortho,0,1,2010,231350,318,1,36,10,0,48,2
1356336457,ortho,1,1,2010,240246,319,1,42,13,1,16,1
1013969401,ortho,1,2,2010,129229,329,1,38,9,1,190,2
1649348087,ortho,0,1,2010,295167,334,1,41,13,0,42,1
1235129370,ortho,1,1,2010,94348,339,0,65,39,1,91,1
1649304114,ortho,0,2,2010,278438,339,1,55,16,1,112,5
1144218454,ortho,1,1,2010,332454,342,1,56,20,1,31,1
1750311833,ortho,0,1,2010,227673,343,0,55,23,1,19,1
1255354866,ortho,0,1,2010,86025,346,1,41,17,1,47,1
1376588426,ortho,1,1,2010,85439,350,1,49,14,1,33,2
1275527210,ortho,0,1,2010,89351,357,0,44,18,1,118,1
1801090642,ortho,0,1,2010,327906,363,0,49,23,0,27,2
1851499834,ortho,0,1,2010,327906,363,1,44,18,0,27,1
1528043528,ortho,0,1,2010,111993,365,1,37,12,1,38,4
1659408268,ortho,0,1,2010,236052,365,1,34,6,1,38,1
1730122540,ortho,0,1,2010,111995,365,0,36,9,1,38,1
1821033085,ortho,0,1,2010,111995,365,0,61,35,1,38,1
1083704175,ortho,1,1,2010,235640,368,0,32,5,1,45,1
1245288992,ortho,1,2,2010,144711,368,1,41,15,1,103,2
1366431710,ortho,1,1,2010,258598,380,0,40,14,1,119,1
1669473716,ortho,1,1,2010,258598,380,0,36,7,1,119,1
1992798987,ortho,1,1,2010,279278,385,0,46,18,0,63,1
1639323173,ortho,1,1,2010,285712,394,1,35,10,0,70,1
1023017761,ortho,0,1,2010,232754,397,0,41,17,0,148,1
1558392779,ortho,0,1,2010,285376,406,0,44,19,0,6,1
1609823111,ortho,0,1,2010,285376,406,0,41,14,0,6,1
1043236581,ortho,1,1,2010,281570,413,1,44,19,0,15,3
1255323861,ortho,1,1,2010,281570,413,0,62,38,1,15,2
1770549172,ortho,1,1,2010,281570,413,1,42,16,1,15,1
1811971484,ortho,1,1,2010,281570,413,1,35,8,0,15,1
1225191539,ortho,1,1,2010,334967,422,1,36,6,1,28,1
1588673826,ortho,0,1,2010,64047,423,1,38,14,0,81,4
1700989134,ortho,1,1,2010,94824,427,0,57,31,1,26,1
1184894859,ortho,0,1,2010,223507,431,0,33,10,0,63,3
1780606657,ortho,0,1,2010,132795,437,0,49,24,1,24,1
1447351622,ortho,0,1,2010,124878,439,0,41,14,0,119,1
1275515058,ortho,0,1,2010,329088,440,0,39,13,1,77,1
1750302790,ortho,1,2,2010,329700,440,0,46,21,1,160,2
1821188640,ortho,0,1,2010,113428,440,1,50,21,1,77,1
1568448025,ortho,1,1,2010,161223,447,0,50,24,1,30,1
1659498822,ortho,1,1,2010,162222,451,1,43,9,1,133,1
1720183890,ortho,1,1,2010,161343,452,1,50,21,1,14,1
1740235480,ortho,1,2,2010,293115,457,0,54,13,1,62,3
1720202211,ortho,0,1,2011,102683,12,0,39,12,0,118,1
1467403246,ortho,0,1,2011,255251,31,0,32,8,0,14,2
1265546154,ortho,0,1,2011,68688,69,1,54,9,0,12,1
1760568661,ortho,1,1,2011,270897,77,0,35,9,0,88,1
1225027709,ortho,0,1,2011,12030,81,0,65,37,1,37,2
1043273469,ortho,0,1,2011,134295,89,0,62,36,1,18,2
1740262302,ortho,1,1,2011,114241,89,1,44,18,0,18,1
1780643270,ortho,0,1,2011,134295,89,0,40,14,0,18,2
1134121189,ortho,0,1,2011,317346,102,1,46,20,0,26,1
1164627097,ortho,1,1,2011,147430,103,1,40,9,1,83,1
1588625511,ortho,0,1,2011,120822,103,1,41,14,1,83,1
1609950492,ortho,1,1,2011,147430,103,1,46,20,1,83,1
1902878861,ortho,0,1,2011,317861,103,1,55,25,1,83,1
1326049016,ortho,1,1,2011,293199,104,1,37,10,1,28,1
1225011554,ortho,0,1,2011,327705,106,0,46,20,1,10,1
1518050301,ortho,0,1,2011,327705,106,0,41,14,1,10,1
1447275607,ortho,0,1,2011,16150,111,1,43,17,1,64,1
1518945351,ortho,0,1,2011,113226,111,0,47,13,1,64,1
1902808835,ortho,1,1,2011,217717,113,1,40,16,0,101,1
1013099761,ortho,0,1,2011,266059,118,1,44,13,1,97,1
1033100342,ortho,1,1,2011,137165,119,0,46,21,1,49,1
1639127996,ortho,0,1,2011,117555,119,0,42,8,1,49,3
1649223470,ortho,1,1,2011,137165,119,0,45,15,1,49,2
1740270370,ortho,1,1,2011,267187,127,0,48,13,1,41,1
1225196090,ortho,1,1,2011,251440,130,1,35,7,0,107,1
1376573295,ortho,1,1,2011,248250,130,0,42,18,0,107,1
1669421418,ortho,1,1,2011,251285,130,0,54,30,1,107,1
1164532925,ortho,0,1,2011,49391,131,0,50,24,1,23,2
1932283389,ortho,0,1,2011,31608,134,0,66,40,1,35,1
1558451849,ortho,0,1,2011,55866,137,0,41,15,1,25,2
1811956683,ortho,0,1,2011,265893,137,1,45,16,1,25,2
1174728653,ortho,0,1,2011,252943,141,0,33,7,1,43,3
1962475384,ortho,1,1,2011,251085,141,1,37,10,0,43,1
1831147578,ortho,0,1,2011,119335,144,1,43,16,1,146,1
1891756565,ortho,1,1,2011,241061,144,1,53,21,1,146,1
1184678435,ortho,0,1,2011,236363,149,0,65,39,1,31,2
1730113929,ortho,1,1,2011,331353,150,0,40,11,1,21,1
1437198884,ortho,1,1,2011,302804,151,1,46,19,1,48,1
1447246822,ortho,0,2,2011,148823,163,0,50,24,1,54,5
1114991163,ortho,0,1,2011,152062,170,0,62,20,1,22,1
1124052030,ortho,1,1,2011,152081,172,0,41,14,1,38,1
1558359240,ortho,0,1,2011,152112,173,1,54,29,1,9,1
1184610651,ortho,0,2,2011,127594,175,1,52,20,1,18,2
1548286206,ortho,0,2,2011,143660,183,0,44,18,1,177,4
1891714937,ortho,0,1,2011,102012,183,0,45,13,1,114,1
1053303479,ortho,0,1,2011,141866,187,0,36,9,1,35,3
1578689493,ortho,1,2,2011,141984,187,0,48,11,1,134,3
1255383881,ortho,0,1,2011,131964,204,1,34,8,1,56,1
1912959248,ortho,1,1,2011,256560,204,0,49,22,1,56,2
1225030737,ortho,0,1,2011,275020,210,0,45,18,1,25,1
1326006529,ortho,1,2,2011,274021,218,0,57,31,1,43,2
1881787984,ortho,1,1,2011,566,222,0,52,23,1,55,2
1760565873,ortho,1,1,2011,118578,227,0,33,5,1,180,1
1174698542,ortho,0,1,2011,10179,230,0,65,39,1,27,2
1841290970,ortho,0,1,2011,157393,235,0,44,16,1,19,1
1720157688,ortho,0,1,2011,118278,236,0,50,24,1,45,1
1992983209,ortho,0,1,2011,157151,238,0,42,5,1,25,1
1154314136,ortho,0,1,2011,257753,244,1,46,22,1,15,1
1255391397,ortho,0,1,2011,158932,244,1,49,23,1,15,1
1336119437,ortho,0,1,2011,158932,244,1,48,38,1,15,1
1336203603,ortho,0,1,2011,158932,244,0,46,14,0,15,1
1386642056,ortho,0,1,2011,158932,244,1,50,24,1,15,3
1831152560,ortho,0,1,2011,158932,244,0,54,26,1,15,2
1841272275,ortho,0,1,2011,158932,244,0,61,34,1,15,2
1932163276,ortho,0,1,2011,158932,244,0,57,30,1,15,1
1942279260,ortho,0,1,2011,158932,244,0,48,16,1,15,1
1861658874,ortho,0,1,2011,164699,256,1,42,17,0,30,1
1275582058,ortho,0,1,2011,170661,263,0,55,32,1,8,1
1003882200,ortho,0,1,2011,172252,264,0,53,30,1,29,2
1336216738,ortho,0,1,2011,132717,268,1,38,13,1,104,1
1447216239,ortho,0,1,2011,149358,273,0,46,21,0,151,3
1700877032,ortho,0,1,2011,157880,273,1,54,29,1,151,1
1689891806,ortho,0,1,2011,294468,274,1,34,7,1,41,1
1891803896,ortho,0,1,2011,53836,277,0,45,18,1,27,3
1497834394,ortho,0,1,2011,199873,278,0,53,27,1,61,1
1609816016,ortho,1,1,2011,199878,278,1,50,12,1,61,1
1235248899,ortho,0,1,2011,78799,282,0,37,7,1,50,1
1912110636,ortho,0,1,2011,114272,283,0,60,31,1,105,5
1639264807,ortho,0,1,2011,44785,293,1,38,11,1,55,2
1902910482,ortho,1,1,2011,42637,304,0,31,5,1,45,3
1790759132,ortho,1,1,2011,104100,309,1,48,17,1,38,1
1568420107,ortho,0,1,2011,120447,318,1,41,14,1,48,1
1639240617,ortho,0,1,2011,229861,319,0,64,38,1,18,2
1962407254,ortho,0,1,2011,229575,320,0,52,13,1,43,1
1417068628,ortho,0,1,2011,30290,322,0,53,25,1,25,1
1962529446,ortho,1,1,2011,330446,322,1,35,7,1,25,2
1023130499,ortho,0,1,2011,95581,327,0,36,6,1,74,1
1063689107,ortho,1,1,2011,138202,328,0,32,6,1,104,2
1720113129,ortho,1,1,2011,138202,328,1,31,5,1,104,1
1467454769,ortho,0,1,2011,277178,336,0,69,37,1,5,1
1124088687,ortho,0,1,2011,272205,341,0,56,30,1,11,1
1164406336,ortho,0,1,2011,332264,345,1,53,20,1,9,1
1841253119,ortho,0,1,2011,90134,352,0,58,29,1,47,1
1508861956,ortho,0,1,2011,110118,355,1,46,20,1,25,1
1760456214,ortho,0,1,2011,118257,359,0,40,11,0,7,1
1366454076,ortho,1,1,2011,9010,364,1,42,15,0,49,2
1619084308,ortho,0,1,2011,121797,365,1,41,12,1,39,2
1740372267,ortho,1,1,2011,259708,376,0,36,10,1,22,1
1578525382,ortho,0,1,2011,285257,382,0,39,12,1,11,3
1851345391,ortho,1,1,2011,330839,391,1,43,16,1,131,1
1922194992,ortho,0,1,2011,118669,391,0,42,17,0,131,1
1073591848,ortho,1,1,2011,285712,394,0,59,20,1,65,1
1205872900,ortho,1,2,2011,288633,397,1,39,13,1,169,2
1326075532,ortho,1,1,2011,288633,397,0,46,19,1,158,1
1518073121,ortho,0,1,2011,176055,397,0,47,18,1,158,1
1942205919,ortho,0,1,2011,117586,412,1,56,28,1,72,1
1275578825,ortho,1,1,2011,281570,413,0,42,17,0,17,1
1275593931,ortho,1,1,2011,281570,413,0,38,12,1,17,1
1235219270,ortho,0,2,2011,285094,416,0,60,36,0,95,4
1922273176,ortho,0,1,2011,173691,417,0,34,11,0,4,1
1518999275,ortho,1,1,2011,325164,421,0,46,15,1,12,1
1144388794,ortho,0,1,2011,121380,426,0,40,8,0,74,2
1841424074,ortho,0,1,2011,131252,426,0,34,4,0,74,1
1043206295,ortho,1,2,2011,221676,427,0,55,30,1,58,2
1649234048,ortho,1,1,2011,221676,427,1,57,33,1,27,1
1144281122,ortho,1,1,2011,48178,430,0,45,12,1,43,1
1225228869,ortho,0,1,2011,223444,431,1,39,11,0,65,1
1508838731,ortho,0,1,2011,293447,431,1,51,26,0,65,1
1164432381,ortho,1,1,2011,17977,432,1,55,17,1,27,1
1427187673,ortho,0,2,2011,330410,439,0,34,8,1,160,2
1528068483,ortho,1,1,2011,329994,439,0,50,16,0,115,3
1760421085,ortho,0,1,2011,164415,439,0,44,13,1,115,1
1861487084,ortho,1,1,2011,328896,439,0,59,35,1,115,1
1407844004,ortho,1,1,2011,329700,440,1,39,11,0,78,1
1518925106,ortho,1,1,2011,329696,441,1,51,19,1,22,1
1497702039,ortho,1,1,2011,226157,445,1,37,11,0,22,1
1558311514,ortho,0,1,2011,161275,449,1,49,15,1,61,1
1689781791,ortho,1,1,2011,161314,449,0,49,20,1,61,1
1316156227,ortho,0,1,2011,162315,450,0,38,6,1,22,3
1891740379,ortho,0,1,2011,162315,450,0,53,13,1,22,3
1295737823,ortho,1,1,2011,162014,451,1,55,30,1,123,3
1629267141,ortho,0,1,2012,60114,1,0,50,8,1,97,4
1437335999,ortho,0,1,2012,261768,2,1,34,10,0,18,3
1528268703,ortho,0,1,2012,263581,7,0,35,5,1,17,1
1114145778,ortho,0,2,2012,328274,11,1,35,7,1,47,2
1588878508,ortho,0,1,2012,330556,11,0,35,10,0,33,3
1649279654,ortho,0,2,2012,328274,11,0,63,37,1,47,3
1003877085,ortho,0,1,2012,104760,12,0,52,26,1,114,1
1144264524,ortho,0,1,2012,342496,12,1,64,14,1,114,2
1639173370,ortho,0,1,2012,88699,12,0,55,30,1,114,1
1427026319,ortho,0,1,2012,323831,15,0,57,31,1,30,1
1730101395,ortho,0,1,2012,323032,15,0,65,35,1,30,1
1154321032,ortho,1,1,2012,274010,19,1,43,16,1,70,2
1497841530,ortho,1,1,2012,273249,21,0,35,8,0,21,1
1063530087,ortho,0,1,2012,271219,43,1,39,9,1,26,1
1902890320,ortho,0,2,2012,335838,43,1,58,35,0,42,2
1033111836,ortho,0,1,2012,293428,56,0,39,10,1,175,1
1285603621,ortho,0,1,2012,271219,62,0,56,30,1,13,3
1326102708,ortho,0,1,2012,271219,62,1,55,29,1,13,2
1740205780,ortho,0,1,2012,134295,62,1,45,18,1,13,1
1801998968,ortho,0,1,2012,271219,62,0,44,15,1,13,3
1831118371,ortho,0,1,2012,271219,62,0,68,42,1,13,3
1720011935,ortho,0,1,2012,342209,69,0,59,29,1,10,1
1043487663,ortho,0,1,2012,333460,77,1,32,8,0,84,1
1790742146,ortho,0,1,2012,333460,77,0,55,27,1,84,1
1417913328,ortho,0,1,2012,54278,80,0,50,23,1,81,1
1578501474,ortho,1,2,2012,114077,80,1,38,15,0,134,2
1316965353,ortho,0,1,2012,120532,82,1,38,11,0,33,1
1750548640,ortho,0,1,2012,291139,83,0,41,7,0,13,2
1962401463,ortho,0,1,2012,271515,89,1,43,16,1,16,1
1760452148,ortho,0,1,2012,74085,103,0,63,36,1,83,1
1174693980,ortho,0,1,2012,318080,105,1,53,19,1,17,2
1134233919,ortho,0,1,2012,316429,106,0,42,17,1,11,1
1518943554,ortho,1,1,2012,316976,107,1,51,25,1,13,2
1033287594,ortho,0,1,2012,165847,109,0,36,10,1,24,1
1861404402,ortho,0,1,2012,113226,111,0,63,32,1,65,2
1891750790,ortho,1,1,2012,265447,119,0,60,21,1,51,3
1922064781,ortho,0,1,2012,247171,119,0,47,23,0,51,1
1285707828,ortho,0,1,2012,252893,120,0,55,14,1,19,2
1578725271,ortho,1,1,2012,247871,120,1,35,9,1,19,1
1619048386,ortho,0,1,2012,252893,120,0,40,12,1,19,1
1255388922,ortho,0,1,2012,253055,123,0,41,15,1,55,1
1033178173,ortho,0,1,2012,264683,130,0,59,29,1,109,4
1851543110,ortho,0,1,2012,290206,133,0,33,9,0,11,1
1396849691,ortho,1,1,2012,250648,134,0,38,13,1,33,2
1124205596,ortho,1,1,2012,94059,139,1,38,11,1,18,1
1871764977,ortho,0,1,2012,248640,139,0,33,8,1,18,3
1720044951,ortho,0,1,2012,252100,141,0,61,34,1,42,1
1982639340,ortho,0,1,2012,176122,141,1,42,18,0,42,3
1134320310,ortho,0,1,2012,241239,144,0,34,10,1,147,1
1407053044,ortho,0,1,2012,54398,144,1,44,17,0,147,3
1578722427,ortho,1,1,2012,241061,144,1,34,5,1,147,1
1982638557,ortho,0,1,2012,241239,144,0,51,23,1,147,1
1225071673,ortho,1,1,2012,238002,149,0,42,16,1,33,2
1053433441,ortho,0,1,2012,175073,150,0,34,7,,20,1
1265493662,ortho,0,1,2012,73908,150,1,54,31,,20,1
1699883447,ortho,0,1,2012,115605,151,0,38,9,1,38,3
1316008329,ortho,0,1,2012,149491,155,0,71,40,1,34,1
1447368055,ortho,0,1,2012,145793,155,0,65,32,1,34,1
1104891001,ortho,0,1,2012,146944,156,0,65,42,0,58,1
1205846128,ortho,0,1,2012,149851,158,1,42,17,0,20,2
1215926621,ortho,0,1,2012,149851,158,1,42,18,0,20,1
1952369753,ortho,0,1,2012,149138,158,0,43,16,0,20,2
1689644981,ortho,1,1,2012,257904,181,0,61,31,1,18,1
1093756348,ortho,1,2,2012,257904,186,1,37,9,1,149,6
1104808252,ortho,1,2,2012,257904,186,0,47,20,1,149,12
1144494592,ortho,1,2,2012,257904,186,0,54,27,1,149,5
1417023581,ortho,1,2,2012,257904,186,0,49,16,1,149,9
1417934829,ortho,1,2,2012,257904,186,0,59,33,1,149,5
1538141650,ortho,1,2,2012,257904,186,0,58,32,1,149,2
1558414870,ortho,1,2,2012,257904,186,1,55,29,0,149,12
1578566048,ortho,1,1,2012,257904,186,0,47,20,1,25,1
1164651758,ortho,0,1,2012,142510,187,1,30,3,1,30,1
1629075957,ortho,0,1,2012,142510,187,1,42,16,1,30,2
1750353595,ortho,0,1,2012,149239,191,0,38,12,1,25,4
1760595318,ortho,0,1,2012,167057,192,1,32,6,1,38,1
1710091251,ortho,0,1,2012,167057,197,0,65,38,1,11,5
1013088947,ortho,0,1,2012,216376,204,1,49,22,1,54,1
1861468696,ortho,1,1,2012,255576,208,0,53,27,1,15,2
1013993484,ortho,0,1,2012,288631,214,0,57,30,1,14,2
1225014442,ortho,0,1,2012,288631,214,1,78,37,1,14,1
1609852839,ortho,0,1,2012,288631,214,1,55,27,1,14,1
1780660910,ortho,0,1,2012,288631,214,0,63,42,1,14,3
1316966401,ortho,0,1,2012,274044,216,1,57,29,1,14,1
1326201815,ortho,1,1,2012,9944,227,0,49,15,1,196,1
1215081211,ortho,1,1,2012,119871,244,0,62,33,1,18,2
1578727335,ortho,1,1,2012,160932,246,0,49,22,1,33,2
1417951021,ortho,0,1,2012,161311,256,0,59,34,1,28,1
1598747529,ortho,0,1,2012,264112,260,1,44,10,1,8,2
1184698243,ortho,0,1,2012,150541,273,0,48,23,1,147,1
1225045719,ortho,0,1,2012,90777,273,0,62,36,1,147,1
1508842352,ortho,0,1,2012,153563,273,0,58,32,1,147,2
1770505059,ortho,1,1,2012,169926,273,1,42,10,1,147,1
1851588800,ortho,0,1,2012,224875,273,0,40,11,1,147,3
1508952037,ortho,1,1,2012,294470,274,1,39,8,1,39,3
1285678987,ortho,0,1,2012,162606,277,0,79,52,1,25,1
1760403968,ortho,1,1,2012,326298,282,1,57,19,1,47,1
1164752002,ortho,0,1,2012,62082,283,0,62,36,1,95,1
1831196971,ortho,0,1,2012,175956,283,0,49,23,1,95,1
1164449724,ortho,0,1,2012,37907,284,0,41,13,0,43,2
1346280567,ortho,0,1,2012,81379,285,0,50,24,1,42,1
1154571529,ortho,0,1,2012,105443,293,1,33,9,1,53,1
1265406615,ortho,0,1,2012,316394,293,1,48,17,1,53,1
1699749051,ortho,0,1,2012,316394,293,0,49,21,1,53,3
1518020502,ortho,0,1,2012,95830,295,0,38,10,1,74,2
1760658512,ortho,0,1,2012,180127,307,1,45,3,1,47,1
1013094903,ortho,0,1,2012,54821,309,0,62,34,1,34,4
1023080454,ortho,0,1,2012,178035,309,1,58,31,1,34,4
1235101452,ortho,0,1,2012,54821,309,0,48,16,1,34,1
1275569402,ortho,0,1,2012,178035,309,0,51,24,1,34,2
1295835007,ortho,0,1,2012,54821,309,1,47,17,1,34,3
1346225232,ortho,0,1,2012,52998,309,0,45,18,1,34,2
1447349741,ortho,0,1,2012,54821,309,0,47,21,1,34,4
1679789861,ortho,0,1,2012,54821,309,0,43,11,1,34,2
1952567166,ortho,0,1,2012,231935,309,1,33,5,1,34,1
1457316168,ortho,0,1,2012,230786,311,1,46,24,0,92,5
1508869538,ortho,0,1,2012,230882,313,0,42,15,1,31,1
1558364828,ortho,0,1,2012,231204,313,1,44,16,1,31,1
1639140775,ortho,0,1,2012,231845,314,0,39,13,1,34,1
1649267220,ortho,0,1,2012,230114,314,0,44,15,1,34,1
1215058722,ortho,0,1,2012,113182,318,1,38,5,1,51,1
1427017888,ortho,0,1,2012,240246,318,0,58,30,1,51,2
1467498840,ortho,0,1,2012,240246,318,1,45,21,0,51,3
1578590071,ortho,0,1,2012,240246,318,0,49,26,1,51,4
1730138066,ortho,0,1,2012,231423,318,0,53,22,1,51,1
1760462402,ortho,0,1,2012,231423,318,0,53,29,1,51,1
1871687327,ortho,0,1,2012,121715,318,1,52,23,1,51,1
1922009190,ortho,1,1,2012,82968,320,0,66,37,0,43,1
1760470926,ortho,0,1,2012,173017,321,1,40,15,0,14,1
1588682983,ortho,1,2,2012,114221,329,0,52,12,1,128,2
1821107715,ortho,0,1,2012,130310,329,0,39,15,1,99,1
1164450573,ortho,0,1,2012,276889,339,0,42,16,1,91,1
1598971277,ortho,1,1,2012,53105,339,1,38,9,1,91,1
1386698678,ortho,0,1,2012,116268,341,0,41,11,1,11,1
1891806295,ortho,0,1,2012,332945,341,1,38,12,1,11,1
1518162668,ortho,1,1,2012,121533,342,0,31,5,0,35,1
1629146030,ortho,0,1,2012,331905,345,0,44,11,1,10,1
1427089895,ortho,0,1,2012,89956,352,0,58,32,1,45,1
1033202502,ortho,0,1,2012,87531,358,0,55,29,1,19,2
1891931713,ortho,1,1,2012,101441,365,1,36,13,0,42,1
1982677183,ortho,0,1,2012,240246,365,0,56,30,1,42,3
1295801355,ortho,0,1,2012,74526,368,0,57,31,1,38,1
1376763094,ortho,1,1,2012,184630,371,0,35,8,1,50,3
1649425885,ortho,0,1,2012,49246,380,0,35,6,1,125,1
1265468326,ortho,0,1,2012,288633,382,0,46,20,0,11,1
1265478408,ortho,0,1,2012,288633,382,1,47,20,1,11,1
1932218971,ortho,0,1,2012,174675,390,0,37,10,1,15,1
1063664076,ortho,0,1,2012,285246,391,0,41,8,0,137,1
1275517799,ortho,0,1,2012,278550,391,1,45,21,0,137,1
1518144534,ortho,0,1,2012,278426,391,0,32,6,1,137,1
1992800486,ortho,0,1,2012,109731,391,1,55,24,1,137,3
1598743668,ortho,0,1,2012,321887,393,0,59,35,1,32,1
1942252549,ortho,0,1,2012,285345,393,0,55,29,0,32,2
1265657571,ortho,0,1,2012,286350,394,1,41,17,1,66,1
1356314355,ortho,0,1,2012,288965,394,0,37,11,1,66,3
1598762825,ortho,0,1,2012,288965,394,1,42,11,1,66,1
1992998645,ortho,0,1,2012,158842,397,1,36,11,1,158,1
1043324445,ortho,0,1,2012,279659,412,0,76,33,0,75,3
1386714160,ortho,1,1,2012,118067,412,0,65,32,1,75,1
1043224223,ortho,1,2,2012,67069,418,0,65,28,1,20,2
1215904610,ortho,1,2,2012,67069,418,0,51,23,1,20,5
1285637843,ortho,1,1,2012,67069,418,0,54,27,1,12,1
1396740064,ortho,1,2,2012,67069,418,0,54,28,1,20,5
1427051051,ortho,1,2,2012,67069,418,0,58,32,1,20,5
1750358792,ortho,1,2,2012,67069,418,0,42,15,1,20,6
1841293487,ortho,1,2,2012,67069,418,0,52,21,1,20,4
1922075126,ortho,1,2,2012,67069,418,1,43,17,1,20,4
1992919682,ortho,1,2,2012,67069,418,1,33,7,1,20,3
1245203835,ortho,1,1,2012,286489,420,1,43,16,1,8,1
1235349192,ortho,0,1,2012,334967,421,0,38,8,1,14,2
1366449241,ortho,0,1,2012,334967,421,0,40,12,1,14,1
1730176512,ortho,0,1,2012,334967,421,0,57,29,1,14,1
1770658684,ortho,0,1,2012,334967,421,0,47,18,1,14,2
1912923541,ortho,0,1,2012,334967,421,0,47,18,0,14,1
1932196771,ortho,0,1,2012,334967,421,0,59,31,1,14,1
1063511483,ortho,0,1,2012,69555,424,0,57,32,1,26,1
1083697908,ortho,0,2,2012,292204,426,0,43,20,1,174,4
1053442558,ortho,0,1,2012,223624,432,0,35,8,1,31,1
1164463378,ortho,1,1,2012,233188,437,0,36,9,1,20,2
1770784019,ortho,0,1,2012,329945,438,0,35,8,1,14,1
1053450627,ortho,0,1,2012,328949,439,0,49,22,1,123,1
1396921342,ortho,0,1,2012,117180,439,0,34,7,0,123,3
1215984638,ortho,0,1,2012,175713,440,0,53,26,1,78,3
1780899799,ortho,0,1,2012,65286,440,0,37,8,1,78,1
1962420406,ortho,0,1,2012,255527,444,1,37,9,1,14,1
1124042429,ortho,1,1,2012,162014,447,0,48,19,1,31,2
1093702714,ortho,1,1,2012,161948,449,1,60,21,0,60,1
1164415519,ortho,1,1,2012,13435,449,0,55,16,1,60,2
1861604290,ortho,1,1,2012,161209,449,1,32,6,1,60,1
1851621064,ortho,0,1,2013,172980,10,0,49,15,,29,1
1194980367,ortho,0,1,2013,119086,11,0,33,5,1,45,1
1871566455,ortho,0,1,2013,328274,11,0,45,18,1,45,3
1033159207,ortho,0,1,2013,328274,14,1,41,15,0,14,2
1174560494,ortho,0,1,2013,328274,14,1,49,20,1,14,2
1205880861,ortho,0,1,2013,328274,14,0,64,33,1,14,4
1235176207,ortho,0,1,2013,328274,14,0,63,37,1,14,4
1245277243,ortho,0,1,2013,328274,14,0,67,39,1,14,3
1245287093,ortho,0,1,2013,328274,14,1,41,16,0,14,3
1265472443,ortho,0,1,2013,328274,14,0,42,13,0,14,3
1295720746,ortho,0,1,2013,328274,14,0,40,13,1,14,2
1356379473,ortho,0,1,2013,328274,14,1,44,17,1,14,3
1356381537,ortho,0,1,2013,328274,14,1,45,23,0,14,3
1417901075,ortho,0,1,2013,328274,14,0,63,34,1,14,5
1518925460,ortho,0,1,2013,328274,14,0,57,31,1,14,4
1538106570,ortho,0,1,2013,328274,14,0,65,40,1,14,1
1538113006,ortho,0,1,2013,328274,14,0,62,38,1,14,1
1548397995,ortho,0,1,2013,328274,14,0,46,14,0,14,6
1598735201,ortho,0,1,2013,328274,14,1,55,35,0,14,3
1609813922,ortho,0,1,2013,71206,14,1,50,28,1,14,1
1639119746,ortho,0,1,2013,328274,14,0,66,27,1,14,2
1720062953,ortho,0,1,2013,328274,14,1,43,14,1,14,3
1790764843,ortho,0,1,2013,328274,14,1,40,13,1,14,3
1801830542,ortho,0,1,2013,328274,14,0,52,11,1,14,1
1831362581,ortho,0,1,2013,328274,14,1,34,10,0,14,3
1851345334,ortho,0,1,2013,328274,14,0,46,15,0,14,3
1851553861,ortho,0,1,2013,328274,14,1,36,7,1,14,2
1871540138,ortho,0,1,2013,328274,14,0,69,42,1,14,5
1952355042,ortho,0,1,2013,328274,14,1,52,17,1,14,1
1982691994,ortho,0,1,2013,328274,14,0,60,31,1,14,4
1881985760,ortho,0,1,2013,276505,16,0,31,5,1,14,1
1477659464,ortho,0,1,2013,255576,18,0,52,18,1,14,1
1659697555,ortho,1,2,2013,260846,19,0,34,3,1,173,2
1811199029,ortho,0,1,2013,227199,21,1,63,16,1,20,2
1548370786,ortho,0,1,2013,271226,33,1,43,16,1,21,2
1316900236,ortho,0,1,2013,95142,56,0,39,13,0,170,1
1518006550,ortho,0,1,2013,97468,56,1,41,10,0,170,1
1215907233,ortho,0,1,2013,270989,62,1,40,18,1,9,1
1053334995,ortho,1,1,2013,271191,77,0,44,15,0,80,2
1356311427,ortho,1,1,2013,271191,77,0,42,14,0,80,2
1427248954,ortho,0,1,2013,333362,77,1,35,12,0,80,1
1710910336,ortho,0,1,2013,333460,77,1,55,26,0,80,2
1780652420,ortho,1,1,2013,336289,80,1,43,20,1,81,1
1891964904,ortho,0,1,2013,335769,80,0,37,9,0,81,1
1851552392,ortho,0,1,2013,291586,96,1,39,6,0,26,1
1861450116,ortho,0,1,2013,97346,104,1,47,21,1,20,1
1437145190,ortho,1,1,2013,328283,106,1,40,11,1,15,1
1356470876,ortho,0,1,2013,183883,107,0,42,9,1,14,1
1700066735,ortho,0,1,2013,341774,107,0,62,35,1,14,2
1942249610,ortho,1,1,2013,180669,110,0,47,12,1,54,1
1396734646,ortho,0,1,2013,144569,118,0,57,21,1,93,1
1831265404,ortho,0,1,2013,267032,118,0,63,34,1,93,1
1013903590,ortho,0,1,2013,54133,119,0,62,35,1,50,1
1326046756,ortho,0,1,2013,101285,119,1,42,12,0,50,1
1376598276,ortho,0,1,2013,247771,119,0,40,12,1,50,1
1548265424,ortho,1,1,2013,137165,119,1,46,23,1,50,2
1780695098,ortho,0,1,2013,247171,119,0,47,21,1,50,1
1023097136,ortho,0,1,2013,6961,122,0,45,18,1,14,1
1235103912,ortho,0,1,2013,54133,123,0,41,18,1,53,3
1760688998,ortho,1,1,2013,251799,123,0,33,7,1,53,3
1861466641,ortho,0,1,2013,54133,123,0,43,18,0,53,1
1053379735,ortho,0,1,2013,182735,129,0,37,13,0,19,1
1790763332,ortho,0,1,2013,251109,129,0,52,25,1,19,1
1821065657,ortho,0,1,2013,160482,129,0,68,37,1,19,1
1982653325,ortho,0,1,2013,160482,129,0,61,33,1,19,1
1982679924,ortho,0,1,2013,160482,129,0,64,38,1,19,1
1093907560,ortho,1,1,2013,253188,130,1,34,8,1,104,1
1417990821,ortho,0,1,2013,266788,130,0,49,12,1,104,1
1447318274,ortho,0,1,2013,251145,130,0,59,28,1,104,1
1518040492,ortho,0,1,2013,325348,130,1,61,35,1,104,1
1730207317,ortho,0,1,2013,325348,130,1,36,10,0,104,1
1093785982,ortho,1,1,2013,328404,133,1,41,15,1,11,2
1760446363,ortho,0,1,2013,261013,139,0,47,21,1,19,1
1093973786,ortho,0,1,2013,180398,140,0,36,5,0,26,1
1720045552,ortho,0,1,2013,101624,140,0,52,26,1,26,1
1225178825,ortho,0,1,2013,121888,144,0,42,14,0,155,1
1659347581,ortho,0,1,2013,241992,144,1,38,12,1,155,1
1912094046,ortho,0,1,2013,121888,144,0,38,12,1,155,1
1154652741,ortho,0,1,2013,240236,146,1,32,6,1,15,1
1366602153,ortho,0,1,2013,240885,148,1,36,8,0,10,1
1558365049,ortho,0,1,2013,92821,149,1,57,18,1,31,2
1841252905,ortho,1,1,2013,241479,149,1,49,15,0,31,1
1093779365,ortho,0,1,2013,48139,151,0,70,39,1,43,2
1023007143,ortho,0,1,2013,145793,155,0,38,11,0,33,1
1245308048,ortho,0,1,2013,145793,155,1,51,17,1,33,1
1487769436,ortho,0,1,2013,145793,155,1,41,15,1,33,2
1679571178,ortho,0,1,2013,145793,155,0,70,46,0,33,1
1679748552,ortho,0,1,2013,145793,155,1,32,7,0,33,1
1699828061,ortho,0,1,2013,131724,155,0,61,35,1,33,1
1861612475,ortho,0,1,2013,145793,155,1,40,16,0,33,1
1942311972,ortho,0,1,2013,145793,155,1,40,11,1,33,1
1962689117,ortho,0,1,2013,145793,155,1,36,13,0,33,1
1851483119,ortho,0,1,2013,51322,156,0,51,22,1,52,1
1548272545,ortho,0,1,2013,132002,158,0,56,29,1,18,1
1578507562,ortho,0,1,2013,148855,158,0,37,11,1,18,1
1013011394,ortho,0,1,2013,152050,170,0,57,30,1,25,5
1609958032,ortho,1,1,2013,152112,173,0,36,12,0,14,1
1649458712,ortho,1,1,2013,257904,181,0,61,35,0,22,3
1043382385,ortho,1,1,2013,257904,183,0,66,41,0,124,2
1104095033,ortho,1,1,2013,257904,183,1,38,8,1,124,2
1164490215,ortho,1,1,2013,257904,183,0,58,32,1,124,1
1225003262,ortho,1,1,2013,257904,183,0,42,14,1,124,1
1245214162,ortho,1,1,2013,69549,183,1,43,15,1,124,2
1275644361,ortho,1,1,2013,96855,183,0,38,11,1,124,2
1356354534,ortho,1,1,2013,257904,183,0,63,38,1,124,3
1376552265,ortho,1,1,2013,257904,183,0,62,37,1,124,1
1386728863,ortho,1,1,2013,257904,183,0,35,8,1,124,2
1467455931,ortho,1,1,2013,257904,183,1,45,19,1,124,2
1528040102,ortho,1,1,2013,257904,183,0,58,31,1,124,2
1568471449,ortho,1,1,2013,257904,183,0,62,37,1,124,2
1679555718,ortho,1,1,2013,257904,183,0,45,18,1,124,4
1740262716,ortho,1,1,2013,257904,183,0,51,24,1,124,2
1801805833,ortho,1,1,2013,257904,183,0,64,37,1,124,2
1851599971,ortho,0,1,2013,114221,183,1,33,8,1,124,1
1952473290,ortho,1,1,2013,257904,183,0,67,42,0,124,1
1538181722,ortho,0,1,2013,257904,184,1,65,32,1,8,1
1821021791,ortho,0,1,2013,257904,184,0,64,38,1,8,4
1184715641,ortho,1,1,2013,166509,191,0,54,28,1,26,1
1295709657,ortho,0,1,2013,149239,191,0,49,26,1,26,1
1326010299,ortho,0,1,2013,149239,191,0,48,21,1,26,1
1497990667,ortho,0,1,2013,149239,191,0,31,5,1,26,2
1750353744,ortho,0,1,2013,149239,191,0,54,27,1,26,2
1023096518,ortho,0,1,2013,167080,192,1,42,14,1,39,1
1083677512,ortho,0,1,2013,167057,192,0,38,10,1,39,2
1104939545,ortho,0,1,2013,167057,192,1,34,7,1,39,1
1134189640,ortho,0,1,2013,167057,192,1,43,14,1,39,1
1184650905,ortho,0,1,2013,167296,192,1,36,9,1,39,2
1215915624,ortho,0,1,2013,167057,192,1,41,14,1,39,2
1225099344,ortho,0,1,2013,167057,192,0,65,27,1,39,1
1245218023,ortho,0,1,2013,167057,192,0,55,28,1,39,2
1275592941,ortho,0,1,2013,167057,192,0,57,32,1,39,2
1376520338,ortho,0,1,2013,167057,192,1,37,11,1,39,2
1497715262,ortho,0,1,2013,167057,192,0,41,14,1,39,1
1518914662,ortho,0,1,2013,167057,192,0,40,12,1,39,1
1568421873,ortho,0,1,2013,167057,192,1,40,13,1,39,1
1649408808,ortho,0,1,2013,167057,192,0,33,4,1,39,1
1679527428,ortho,0,1,2013,167057,192,1,49,23,1,39,2
1699752790,ortho,0,1,2013,167057,192,0,54,27,1,39,1
1710947346,ortho,0,1,2013,167057,192,1,63,16,1,39,1
1740268002,ortho,0,1,2013,167057,192,0,51,25,1,39,3
1760442529,ortho,0,1,2013,167057,192,0,62,36,1,39,1
1760442768,ortho,0,1,2013,167057,192,1,55,27,1,39,1
1790754695,ortho,0,1,2013,167057,192,0,42,13,1,39,2
1811904295,ortho,0,1,2013,167057,192,1,46,13,1,39,1
1831159193,ortho,0,1,2013,167057,192,0,50,22,1,39,2
1841279734,ortho,0,1,2013,167057,192,1,56,30,1,39,1
1851351456,ortho,0,1,2013,167057,192,0,81,55,1,39,2
1881691517,ortho,0,1,2013,167057,192,0,56,30,1,39,1
1124132188,ortho,0,3,2013,166498,194,0,56,31,0,58,5
1023094265,ortho,0,1,2013,167057,197,0,60,34,1,13,2
1053349167,ortho,0,1,2013,167057,197,0,36,13,0,13,1
1154309870,ortho,0,1,2013,167057,197,1,52,26,1,13,2
1194704718,ortho,0,1,2013,167057,197,0,46,20,1,13,2
1235116369,ortho,0,1,2013,167057,197,1,41,17,0,13,4
1316043565,ortho,0,1,2013,167057,197,0,39,14,1,13,5
1336127737,ortho,0,1,2013,167057,197,1,58,30,1,13,2
1356382923,ortho,0,1,2013,167057,197,1,45,9,1,13,2
1366428559,ortho,0,1,2013,167057,197,0,73,49,0,13,2
1396722468,ortho,0,1,2013,167057,197,0,44,17,1,13,3
1568423531,ortho,0,1,2013,167057,197,1,34,8,1,13,3
1609860253,ortho,0,1,2013,167057,197,1,39,13,1,13,2
1609989789,ortho,0,1,2013,167057,197,1,54,27,1,13,2
1700021805,ortho,0,1,2013,167057,197,0,40,17,0,13,2
1740287614,ortho,0,1,2013,167057,197,0,35,9,1,13,8
1851515688,ortho,0,1,2013,167057,197,1,43,20,1,13,3
1972580892,ortho,0,1,2013,167057,197,0,46,12,1,13,3
1992781793,ortho,0,1,2013,167057,197,0,63,37,1,13,1
1972682300,ortho,0,1,2013,288631,214,1,63,27,1,13,4
1962406298,ortho,0,1,2013,275977,216,0,69,44,1,20,1
1225010184,ortho,1,1,2013,550,222,0,59,33,1,52,3
1023091766,ortho,0,1,2013,10039,227,0,42,12,0,202,2
1043474018,ortho,1,1,2013,9944,227,0,55,28,1,202,2
1700070067,ortho,0,1,2013,251036,236,0,37,10,1,45,1
1174522957,ortho,0,1,2013,156413,238,0,44,18,1,28,2
1770546103,ortho,0,1,2013,159218,239,1,49,20,1,30,1
1073525507,ortho,0,1,2013,187723,244,0,64,37,1,17,2
1386775419,ortho,0,1,2013,187723,244,0,36,8,1,17,3
1790853232,ortho,0,1,2013,154593,244,1,69,42,1,17,1
1881676088,ortho,0,1,2013,98117,244,0,44,13,0,17,1
1952385098,ortho,0,1,2013,72157,245,1,44,20,1,38,1
1033314513,ortho,0,1,2013,103097,249,0,41,13,1,17,2
1194753731,ortho,1,1,2013,164059,250,0,52,22,1,28,1
1174764740,ortho,1,1,2013,164026,251,1,32,6,1,155,1
1952513541,ortho,0,1,2013,238534,273,1,35,8,1,162,1
1962693903,ortho,0,1,2013,199865,277,0,36,10,0,27,1
1326359241,ortho,0,1,2013,199613,278,0,30,3,1,73,1
1770520306,ortho,0,1,2013,50735,279,0,45,18,0,49,1
1295781748,ortho,1,1,2013,326298,282,1,48,21,1,54,1
1194740225,ortho,0,1,2013,219946,283,0,56,29,1,107,5
1457467862,ortho,0,1,2013,80281,284,0,70,44,1,42,1
1942386917,ortho,0,1,2013,81379,285,0,50,19,1,45,1
1467675827,ortho,0,1,2013,316394,293,1,50,23,1,54,1
1073562187,ortho,0,1,2013,38246,295,0,46,14,1,71,2
1861496127,ortho,0,1,2013,32267,295,1,77,46,1,71,3
1578544276,ortho,0,1,2013,28688,304,0,58,30,1,42,1
1124092465,ortho,0,1,2013,183047,309,0,37,11,1,37,2
1427091222,ortho,0,1,2013,54821,309,1,33,7,1,37,3
1124048228,ortho,1,1,2013,240246,311,1,36,10,1,95,4
1720214281,ortho,0,1,2013,232664,311,1,30,4,1,95,1
1356370696,ortho,1,1,2013,231288,314,0,53,30,0,31,1
1740264084,ortho,0,1,2013,229779,314,1,71,48,0,31,1
1275581944,ortho,0,1,2013,54821,318,1,56,30,1,59,3
1760430144,ortho,0,1,2013,54821,318,0,49,23,1,59,1
1982674362,ortho,0,1,2013,223153,318,0,48,12,1,59,1
1265432389,ortho,1,1,2013,138253,334,0,75,51,0,46,1
1851362255,ortho,0,1,2013,138667,334,0,71,48,0,46,2
1811974413,ortho,1,1,2013,93509,336,0,45,12,1,7,1
1225062359,ortho,0,1,2013,177549,339,0,46,22,0,85,1
1235137746,ortho,0,1,2013,90604,347,0,43,17,1,10,1
1598732018,ortho,1,1,2013,87798,350,0,60,31,1,38,3
1639342363,ortho,1,2,2013,85439,350,0,39,14,1,164,2
1922068162,ortho,0,1,2013,104613,350,0,57,32,1,38,1
1437314895,ortho,0,1,2013,89956,352,0,50,8,1,48,1
1598788689,ortho,0,1,2013,86658,356,0,51,22,1,151,2
1962459156,ortho,0,1,2013,85574,356,0,40,13,1,151,1
1558343897,ortho,1,1,2013,60053,365,1,43,16,1,41,3
1669793808,ortho,1,1,2013,184513,371,0,35,3,1,51,1
1477562312,ortho,0,1,2013,242811,379,0,83,57,1,50,1
1588788301,ortho,0,1,2013,260150,380,0,36,9,1,120,3
1780771543,ortho,0,1,2013,131358,380,0,49,21,1,120,2
1164458980,ortho,1,1,2013,288633,382,0,54,21,1,13,1
1659369056,ortho,1,1,2013,288633,382,0,50,26,0,13,1
1477526044,ortho,0,1,2013,285427,383,0,46,22,0,17,1
1235166786,ortho,1,1,2013,281570,385,1,39,13,0,64,1
1609890367,ortho,1,1,2013,288631,390,1,63,36,1,15,1
1114989910,ortho,1,1,2013,288633,391,0,53,27,0,153,2
1124093893,ortho,1,1,2013,288633,391,0,42,13,0,153,2
1164485140,ortho,1,1,2013,288633,391,0,47,17,0,153,2
1295728152,ortho,1,1,2013,288633,391,0,62,34,1,153,2
1538479829,ortho,1,1,2013,288633,391,1,35,5,1,153,1
1588657431,ortho,1,1,2013,288633,391,0,65,38,1,153,2
1679548366,ortho,1,1,2013,288633,391,0,62,32,1,153,3
1811002454,ortho,0,1,2013,109731,391,1,46,20,1,153,2
1821089095,ortho,1,1,2013,285209,391,1,60,29,1,153,1
1437149655,ortho,0,1,2013,285345,393,0,60,34,0,30,1
1679591267,ortho,0,1,2013,288965,394,0,55,28,1,64,3
1861657355,ortho,0,1,2013,288965,394,0,34,5,1,64,1
1740287051,ortho,0,1,2013,293974,396,0,65,39,1,13,1
1073580114,ortho,1,1,2013,67069,399,0,62,36,1,8,2
1316914831,ortho,1,1,2013,67069,399,0,60,35,1,8,3
1467689158,ortho,1,1,2013,67069,399,1,39,15,1,8,3
1760427173,ortho,1,1,2013,67069,399,1,44,18,1,8,3
1770550311,ortho,1,1,2013,67069,399,0,51,17,1,8,2
1902872716,ortho,1,1,2013,67069,399,1,52,15,1,8,1
1114026598,ortho,0,1,2013,70018,412,0,59,35,1,73,1
1366672818,ortho,0,1,2013,280996,412,0,30,4,1,73,1
1518192475,ortho,1,1,2013,288631,412,0,34,4,1,73,2
1679551816,ortho,1,1,2013,286489,420,0,43,16,1,7,2
1053346734,ortho,1,1,2013,334967,421,0,45,17,1,19,1
1093747743,ortho,1,1,2013,334967,421,0,59,30,1,19,5
1356364947,ortho,1,1,2013,334967,421,0,61,34,1,19,2
1366462913,ortho,1,1,2013,334967,421,0,44,16,1,19,3
1376651448,ortho,1,1,2013,334967,421,0,46,16,1,19,1
1528140878,ortho,1,1,2013,334967,421,0,43,14,1,19,4
1578598298,ortho,1,1,2013,334967,421,0,51,22,1,19,1
1619105236,ortho,1,1,2013,334967,421,0,35,5,1,19,5
1689603409,ortho,1,1,2013,334967,421,0,62,34,1,19,4
1740377225,ortho,1,1,2013,334967,421,0,65,34,1,19,3
1750315966,ortho,1,1,2013,334967,421,0,48,22,1,19,3
1962510040,ortho,1,1,2013,334967,421,0,53,21,1,19,2
1457557613,ortho,0,1,2013,182551,423,0,42,6,1,97,5
1821153149,ortho,0,1,2013,222462,426,0,56,30,1,81,6
1528040623,ortho,1,1,2013,94824,427,0,51,25,1,29,2
1760528947,ortho,1,1,2013,94824,427,0,37,10,1,29,1
1477635761,ortho,0,1,2013,223153,428,0,43,15,1,9,2
1245319599,ortho,1,1,2013,222462,430,1,54,27,1,41,2
1558332932,ortho,1,1,2013,222462,430,1,49,23,1,41,1
1780665331,ortho,0,1,2013,137525,432,0,69,43,0,32,3
1831181304,ortho,0,1,2013,226936,435,0,58,27,1,17,1
1386622215,ortho,0,1,2013,214833,437,1,48,27,1,23,1
1184823403,ortho,0,1,2013,104638,438,1,37,6,1,14,1
1730372251,ortho,0,1,2013,104638,438,0,40,7,1,14,2
1740462233,ortho,0,1,2013,287272,438,0,49,23,0,14,5
1811057870,ortho,0,1,2013,329593,438,0,77,50,1,14,1
1285732289,ortho,0,1,2013,183512,439,1,51,23,1,110,1
1447472204,ortho,1,1,2013,330812,439,0,36,12,0,110,1
1265642607,ortho,0,1,2013,302815,440,1,33,6,1,74,3
1306834833,ortho,1,1,2013,329700,440,0,47,16,1,74,2
1912964966,ortho,1,1,2013,287173,440,0,44,15,1,74,2
1710916986,ortho,0,1,2013,330691,442,0,51,25,1,10,1
1184619231,ortho,1,1,2013,13435,449,1,37,10,1,62,1
1346358991,ortho,0,1,2014,263363,1,0,36,9,1,87,1
1255306502,ortho,0,1,2014,274010,21,0,58,32,1,20,1
1861485732,ortho,0,1,2014,290332,25,1,54,22,1,23,1
1477509289,ortho,1,1,2014,333411,58,0,59,30,0,29,2
1811999717,ortho,0,1,2014,342209,69,0,49,23,1,14,1
1609865377,ortho,1,1,2014,336289,80,0,50,24,0,79,1
1023081510,ortho,0,1,2014,183768,83,1,54,22,1,13,1
1467666883,ortho,1,1,2014,333374,85,1,36,9,0,21,1
1962404400,ortho,0,1,2014,316383,101,0,63,35,1,18,2
1417183070,ortho,0,1,2014,316672,104,0,32,5,1,22,1
1306037726,ortho,1,1,2014,293199,106,1,48,7,1,17,2
1497966824,ortho,1,1,2014,293199,106,1,41,13,0,17,1
1568404663,ortho,1,1,2014,247184,118,1,37,11,0,88,1
1578556486,ortho,0,1,2014,174215,118,0,53,24,0,88,1
1245296813,ortho,1,1,2014,137165,119,0,60,29,1,55,1
1548371156,ortho,1,1,2014,137165,119,0,57,33,1,55,2
1548480270,ortho,0,1,2014,192863,119,0,38,13,1,55,1
1568488476,ortho,1,1,2014,137165,119,1,41,12,1,55,1
1710929757,ortho,0,1,2014,249503,119,0,49,25,1,55,2
1427254283,ortho,0,1,2014,118387,120,0,52,7,0,22,1
1467429837,ortho,0,1,2014,160482,129,0,76,51,1,19,1
1598871436,ortho,0,1,2014,160482,129,1,57,24,1,19,1
1770563991,ortho,0,1,2014,160482,129,0,61,36,1,19,2
1902906381,ortho,0,1,2014,160482,129,1,59,31,1,19,1
1659326353,ortho,0,1,2014,340642,130,0,63,32,1,111,1
1104895473,ortho,1,1,2014,250536,131,0,60,27,1,24,1
1417266024,ortho,0,1,2014,250427,131,0,41,7,0,24,1
1295765063,ortho,1,1,2014,108461,134,0,51,16,1,36,1
1962436857,ortho,1,1,2014,250648,134,0,58,32,1,36,4
1851390983,ortho,0,1,2014,55866,137,1,52,22,1,28,1
1861529281,ortho,0,1,2014,265893,137,1,35,9,1,28,3
1023076510,ortho,0,1,2014,251805,139,0,56,27,1,18,2
1194783738,ortho,0,1,2014,251805,139,0,55,27,1,18,5
1902863236,ortho,0,1,2014,251805,139,0,53,27,1,18,1
1457368730,ortho,0,2,2014,241239,144,0,53,27,1,236,3
1235287004,ortho,0,1,2014,122828,149,0,44,17,1,32,2
1366549339,ortho,0,1,2014,93800,149,0,56,24,1,32,2
1750439436,ortho,0,1,2014,122827,149,1,44,24,1,32,3
1114985231,ortho,0,1,2014,342244,150,0,68,,1,22,1
1083792345,ortho,1,1,2014,176317,151,1,54,28,1,40,2
1164445854,ortho,0,1,2014,180663,156,0,40,11,0,51,1
1407853435,ortho,0,1,2014,194902,161,0,50,22,0,44,1
1841289691,ortho,0,1,2014,146387,164,0,70,47,0,22,1
1447332424,ortho,0,1,2014,152062,170,0,48,18,1,24,2
1215964127,ortho,1,1,2014,145381,183,0,55,29,0,135,1
1275704439,ortho,1,1,2014,69549,183,0,67,41,1,135,2
1942294483,ortho,0,1,2014,167077,191,1,58,31,1,24,1
1417043639,ortho,1,1,2014,552,221,0,52,26,1,18,1
1477539252,ortho,0,1,2014,676,222,1,44,21,1,50,1
1770882631,ortho,0,1,2014,218791,223,1,32,8,0,113,1
1164733291,ortho,0,1,2014,48886,225,0,33,4,1,19,2
1073520607,ortho,0,1,2014,116906,227,0,62,14,1,207,1
1609876747,ortho,0,1,2014,10632,227,1,45,22,1,207,1
1144336975,ortho,1,1,2014,160953,232,1,42,15,1,54,1
1790712297,ortho,0,1,2014,158312,232,0,46,17,1,54,1
1982706941,ortho,0,1,2014,159146,233,0,62,37,0,25,1
1134391410,ortho,0,1,2014,158244,238,0,59,32,0,26,1
1518286798,ortho,1,1,2014,294387,240,0,30,4,1,12,1
1013919109,ortho,0,1,2014,158953,249,1,49,25,1,19,1
1073538559,ortho,1,1,2014,164040,253,1,49,23,1,33,1
1265446017,ortho,0,1,2014,160593,273,0,45,19,0,162,1
1033285861,ortho,1,1,2014,294458,276,1,38,12,1,30,1
1386887974,ortho,1,3,2014,163416,280,0,45,5,1,80,4
1952405177,ortho,0,1,2014,323958,280,0,45,17,1,35,1
1427168145,ortho,1,1,2014,81379,283,1,40,14,1,112,2
1801979752,ortho,0,1,2014,78253,284,0,79,51,1,39,1
1407846926,ortho,1,1,2014,321313,293,0,57,29,1,48,1
1861601114,ortho,0,1,2014,41179,296,1,51,23,0,16,1
1548424039,ortho,0,1,2014,26503,301,0,36,9,1,102,1
1225074875,ortho,1,1,2014,229390,311,0,40,11,1,96,1
1467573980,ortho,0,1,2014,6531,311,0,37,9,1,96,1
1851317622,ortho,0,1,2014,231350,318,0,46,19,1,55,1
1225278914,ortho,0,1,2014,240246,319,0,49,8,1,17,1
1457517542,ortho,0,1,2014,172982,321,1,41,6,1,12,2
1205000460,ortho,0,1,2014,100167,328,0,34,7,1,103,2
1619201688,ortho,0,1,2014,158332,334,1,32,5,1,46,2
1033435912,ortho,1,1,2014,277031,340,1,32,4,1,59,2
1619921350,ortho,0,1,2014,332945,341,1,42,16,1,11,1
1013146794,ortho,0,1,2014,327814,342,1,39,14,0,35,3
1962442657,ortho,0,1,2014,332823,344,0,61,31,1,88,1
1144286857,ortho,0,2,2014,331944,345,0,43,17,1,31,3
1104885268,ortho,1,1,2014,88748,351,1,60,30,1,38,1
1356552574,ortho,0,1,2014,85100,356,0,42,14,0,156,1
1447360417,ortho,1,1,2014,101441,365,0,65,39,1,44,1
1790705796,ortho,1,1,2014,60053,365,0,47,21,1,44,1
1104828144,ortho,0,1,2014,260469,367,0,39,10,1,7,1
1255642526,ortho,1,1,2014,184611,370,0,32,4,0,11,3
1336434737,ortho,1,1,2014,184513,371,1,29,3,1,53,1
1912077249,ortho,1,1,2014,184510,371,0,39,12,1,53,2
1174635957,ortho,1,1,2014,261597,373,0,43,15,1,30,1
1215965710,ortho,0,1,2014,260665,375,0,47,18,1,13,1
1164467379,ortho,0,1,2014,261389,377,0,39,10,1,57,1
1326020199,ortho,1,1,2014,215463,377,0,52,26,1,57,3
1134339278,ortho,0,1,2014,52198,380,0,36,9,1,114,1
1457455693,ortho,0,1,2014,259926,380,1,47,17,1,114,1
1982880902,ortho,1,1,2014,281570,385,1,32,8,0,62,1
1518925841,ortho,0,1,2014,53228,391,0,46,23,1,156,1
1124085774,ortho,1,1,2014,285236,394,1,51,27,0,67,1
1881697852,ortho,0,1,2014,178290,397,0,45,20,0,160,2
1912949827,ortho,1,1,2014,285426,400,0,60,33,1,24,1
1770578478,ortho,0,1,2014,116808,412,1,44,18,1,74,1
1306888219,ortho,1,1,2014,334967,423,0,54,17,1,105,2
1801996384,ortho,1,1,2014,334967,423,1,44,18,1,105,2
1851555361,ortho,1,1,2014,222221,427,1,40,16,1,33,1
1922273432,ortho,0,1,2014,99834,427,0,33,6,1,33,2
1013174523,ortho,1,1,2014,223819,429,0,36,11,0,23,1
1700809894,ortho,1,1,2014,222462,430,0,61,36,1,38,1
1740414234,ortho,1,1,2014,222987,431,0,34,5,1,68,2
1932133568,ortho,1,1,2014,223153,432,0,59,22,1,31,2
1891768610,ortho,1,1,2014,330812,439,0,46,19,1,116,1
1053398578,ortho,0,1,2014,141865,440,1,39,13,1,75,1
1811958028,ortho,0,1,2014,161278,447,1,53,25,1,30,2
1144343161,ortho,1,1,2014,161249,448,1,36,10,1,13,2
1366493439,ortho,1,1,2014,161249,448,1,41,14,1,13,2
1649247222,ortho,1,1,2014,161311,448,1,41,14,1,13,1
1740219567,ortho,0,1,2014,146891,451,1,49,19,1,130,1
1609858851,ortho,0,1,2015,328274,11,0,55,30,1,46,1
1780889261,ortho,0,1,2015,334633,12,0,36,9,1,123,3
1104969310,ortho,0,1,2015,324010,14,0,45,-1,1,13,2
1851527840,ortho,0,1,2015,328274,14,1,39,12,0,13,3
1184621294,ortho,0,1,2015,122403,19,0,45,19,1,74,1
1568635704,ortho,1,1,2015,333416,33,1,36,10,1,24,1
1437133394,ortho,0,1,2015,44935,56,0,44,18,1,181,1
1629091897,ortho,0,1,2015,340810,56,0,53,26,1,181,1
1043440845,ortho,1,1,2015,333460,58,0,36,10,0,26,1
1962506238,ortho,0,1,2015,194824,80,0,47,21,1,78,1
1578884060,ortho,1,1,2015,342214,86,0,32,5,1,23,1
1750341673,ortho,1,1,2015,342214,86,0,47,20,1,23,2
1275537078,ortho,1,1,2015,316748,101,1,47,19,1,15,1
1780643262,ortho,1,1,2015,316748,101,0,44,19,1,15,1
1003827585,ortho,0,1,2015,316404,103,1,47,21,1,83,1
1033145164,ortho,0,1,2015,311063,104,0,49,24,1,22,2
1083870968,ortho,1,2,2015,16533,111,1,37,11,0,147,2
1124137286,ortho,0,1,2015,16533,111,0,68,42,1,69,1
1154303444,ortho,0,1,2015,55420,115,0,52,26,0,10,1
1407921885,ortho,0,1,2015,247171,119,1,42,17,0,53,4
1497946172,ortho,0,1,2015,65645,119,0,34,8,1,53,1
1558363531,ortho,1,1,2015,111155,119,1,55,28,1,53,1
1568563625,ortho,0,1,2015,54133,119,1,48,23,0,53,1
1003878869,ortho,0,1,2015,253055,123,0,43,17,0,59,2
1326066713,ortho,1,1,2015,160482,129,1,40,13,1,21,1
1497756878,ortho,1,1,2015,160482,129,0,55,27,1,21,1
1770535346,ortho,1,1,2015,160482,129,0,62,36,1,21,1
1013975366,ortho,0,1,2015,252493,130,0,50,25,0,126,1
1235188087,ortho,1,1,2015,251285,130,0,48,24,1,126,1
1902855596,ortho,1,1,2015,250829,130,0,49,22,1,126,1
1285677294,ortho,1,1,2015,250536,131,0,44,18,1,24,2
1871688697,ortho,0,1,2015,123272,145,0,51,24,1,25,2
1356314793,ortho,0,1,2015,92821,149,1,46,22,0,28,2
1629067871,ortho,1,1,2015,238002,149,0,56,28,1,28,1
1710979695,ortho,1,1,2015,342779,150,0,51,24,1,24,1
1245267541,ortho,1,1,2015,176317,151,0,41,14,1,44,2
1952358251,ortho,1,1,2015,176315,151,0,49,22,0,44,1
1023246550,ortho,0,1,2015,294194,152,0,40,6,1,16,1
1790758944,ortho,0,1,2015,50033,156,0,48,21,0,53,4
1376540559,ortho,1,1,2015,152074,170,0,46,19,1,22,1
1023287745,ortho,0,1,2015,201260,171,0,37,10,1,34,1
1518133842,ortho,0,1,2015,152043,172,1,51,7,0,33,3
1629050307,ortho,0,1,2015,190195,172,0,45,16,1,33,1
1053363861,ortho,0,1,2015,141854,183,0,48,21,1,133,1
1346405909,ortho,0,1,2015,176213,183,0,45,7,1,133,3
1124112503,ortho,1,1,2015,166698,193,1,53,30,1,7,1
1114949179,ortho,0,1,2015,212298,201,0,42,14,1,53,1
1235270448,ortho,0,1,2015,256450,205,1,37,11,1,74,1
1326102203,ortho,1,1,2015,65900,205,0,54,26,1,74,1
1437177797,ortho,1,1,2015,256939,205,1,44,16,1,74,2
1376521070,ortho,0,1,2015,9404,227,1,58,33,0,213,1
1770614000,ortho,1,2,2015,154664,232,0,46,19,1,64,2
1346217627,ortho,0,1,2015,126917,233,0,48,24,1,26,1
1144249053,ortho,1,1,2015,157573,236,0,46,18,1,40,1
1053426049,ortho,1,1,2015,174498,245,0,77,19,0,39,1
1396776589,ortho,0,1,2015,161412,250,0,59,27,1,29,1
1124067319,ortho,1,1,2015,147342,251,0,48,23,1,150,1
1346445764,ortho,0,1,2015,258441,251,0,37,8,0,150,1
1811918246,ortho,1,1,2015,264624,257,0,41,12,1,10,2
1194998021,ortho,0,1,2015,169933,268,0,33,7,1,115,2
1083716476,ortho,1,1,2015,105443,273,0,57,30,1,160,1
1568435907,ortho,1,1,2015,294459,274,1,59,33,1,41,2
1194984039,ortho,0,1,2015,87978,276,1,33,7,1,30,3
1538255823,ortho,0,1,2015,327046,279,0,52,31,0,49,1
1598783326,ortho,1,1,2015,317516,293,1,62,36,1,53,1
1700029774,ortho,0,1,2015,316874,293,1,34,6,1,53,3
1952482044,ortho,0,1,2015,323478,293,1,50,24,1,53,1
1245289552,ortho,0,1,2015,38952,295,0,58,33,1,63,2
1134132095,ortho,0,1,2015,65759,301,0,54,26,1,115,1
1548354699,ortho,1,1,2015,104100,309,1,51,17,1,38,1
1659325686,ortho,1,1,2015,232521,318,0,59,32,1,57,1
1750390506,ortho,0,1,2015,104855,319,0,50,25,0,15,1
1437159118,ortho,0,1,2015,231464,320,0,45,18,1,44,1
1689905705,ortho,1,1,2015,173015,323,1,49,25,1,7,1
1356396147,ortho,1,1,2015,140344,325,1,43,14,1,31,1
1780996918,ortho,1,1,2015,142212,327,0,31,5,1,74,2
1215985197,ortho,0,1,2015,167362,330,0,67,44,1,42,1
1497066526,ortho,0,1,2015,100782,330,1,32,5,1,42,1
1376593806,ortho,0,1,2015,140538,331,0,60,36,1,8,2
1023085636,ortho,1,1,2015,52344,340,0,43,16,1,61,1
1417113226,ortho,1,1,2015,277031,340,0,36,8,1,61,1
1033196795,ortho,0,1,2015,116268,341,1,51,26,1,12,1
1225104235,ortho,0,1,2015,332945,341,0,47,15,1,12,1
1174542898,ortho,1,1,2015,160420,343,0,60,31,0,20,3
1225294655,ortho,0,1,2015,331944,345,1,47,8,1,9,1
1073558409,ortho,1,1,2015,88721,359,0,43,21,0,8,1
1366414914,ortho,0,1,2015,179738,363,1,45,18,1,27,1
1184622607,ortho,1,1,2015,60053,365,1,46,20,1,41,1
1073595435,ortho,0,1,2015,99996,369,0,37,14,1,14,3
1346207164,ortho,0,1,2015,260200,377,0,39,13,0,57,1
1588659817,ortho,1,1,2015,279278,385,0,43,19,1,61,1
1700988714,ortho,1,1,2015,278451,385,0,43,16,1,61,1
1215152442,ortho,0,1,2015,283649,391,0,42,17,1,158,2
1881791978,ortho,0,1,2015,286350,391,0,42,14,1,158,2
1104897248,ortho,1,1,2015,321318,393,1,41,12,0,29,2
1164473666,ortho,0,1,2015,73024,394,0,49,23,1,68,1
1689663403,ortho,0,1,2015,285597,397,0,56,24,1,168,1
1669473559,ortho,1,1,2015,331869,406,0,42,18,0,11,1
1043494032,ortho,1,1,2015,327392,412,0,37,9,0,77,4
1598708794,ortho,0,1,2015,53029,412,0,40,13,1,77,5
1881790657,ortho,0,1,2015,201052,412,0,56,27,1,77,1
1639161631,ortho,1,1,2015,281570,413,0,46,18,1,15,2
1356351977,ortho,1,1,2015,285209,416,1,42,17,1,27,2
1710947957,ortho,1,1,2015,285243,416,0,55,24,1,27,1
1568495166,ortho,0,1,2015,113665,426,1,41,17,0,82,1
1760555221,ortho,0,1,2015,223948,426,0,57,29,0,82,1
1366418063,ortho,0,1,2015,223323,428,0,60,35,1,9,2
1447218193,ortho,0,1,2015,2497,431,1,48,20,1,68,2
1467443846,ortho,0,1,2015,223781,431,0,61,34,1,68,2
1780652719,ortho,1,1,2015,17977,432,0,43,14,1,33,1
1891967683,ortho,1,1,2015,132795,437,0,34,9,0,25,1
1326261942,ortho,0,1,2015,104638,438,0,38,10,0,15,1
1669533576,ortho,1,1,2015,330812,439,0,52,28,0,122,1
1114086675,ortho,0,1,2015,331140,440,0,54,28,1,80,1
1457346603,ortho,1,1,2015,329700,440,1,38,10,1,80,2
1508059486,ortho,0,1,2015,330896,441,0,45,14,0,26,1
1962519181,ortho,1,1,2015,162014,447,0,71,30,1,32,1
1992986897,ortho,0,1,2015,161324,449,0,37,10,1,62,1
1093026882,ortho,1,1,2015,293115,457,0,32,5,1,18,1
1275843609,ortho,0,1,2016,263438,1,0,48,24,1,90,1
1477714889,ortho,1,1,2016,263012,6,0,36,8,1,37,2
1710992581,ortho,0,1,2016,331564,10,0,41,13,1,28,1
1457619371,ortho,0,1,2016,328274,11,0,33,7,1,45,1
1013966795,ortho,1,1,2016,196136,12,1,48,21,1,127,1
1255539946,ortho,0,1,2016,177900,14,1,41,16,0,13,2
1316043482,ortho,1,1,2016,64063,15,0,48,20,1,40,2
1437296795,ortho,0,1,2016,50759,15,1,36,10,1,40,1
1477592467,ortho,1,1,2016,64063,15,1,47,18,0,40,2
1902062219,ortho,1,1,2016,272397,16,1,42,8,1,14,2
1972503399,ortho,0,1,2016,260520,21,0,47,21,1,18,1
1811093461,ortho,1,1,2016,134295,73,0,69,44,1,16,1
1255389474,ortho,1,1,2016,271026,77,0,47,16,1,78,1
1699773127,ortho,1,1,2016,271191,77,0,42,16,1,78,1
1891718185,ortho,1,1,2016,114241,81,0,57,31,0,39,6
1215910328,ortho,1,1,2016,203623,102,1,45,19,1,33,1
1508825753,ortho,1,1,2016,293199,102,0,52,26,1,33,1
1992857577,ortho,1,1,2016,203623,102,0,51,24,1,33,1
1396972279,ortho,0,1,2016,194048,103,0,35,7,0,78,4
1609864842,ortho,1,1,2016,279439,103,1,52,24,1,78,1
1649202896,ortho,1,1,2016,316402,103,0,61,35,1,78,1
1083600183,ortho,0,1,2016,316377,104,1,49,26,0,19,1
1922094036,ortho,0,1,2016,316377,104,0,50,26,0,19,2
1902883531,ortho,1,1,2016,328283,106,0,55,30,0,16,1
1114157112,ortho,1,1,2016,177189,113,0,37,12,0,98,1
1386752806,ortho,1,1,2016,177189,113,0,44,20,0,98,1
1689665929,ortho,0,1,2016,221113,113,0,62,38,1,98,2
1952574840,ortho,1,1,2016,217717,113,1,41,16,0,98,1
1093956039,ortho,0,1,2016,247771,119,1,34,7,1,55,2
1770560260,ortho,1,1,2016,137165,119,0,54,21,1,55,1
1306948252,ortho,1,1,2016,160482,129,0,64,38,1,19,1
1609833284,ortho,1,1,2016,187217,130,0,61,33,1,113,2
1013095603,ortho,0,1,2016,328758,134,0,58,32,1,33,1
1679898332,ortho,1,1,2016,265893,137,0,44,15,0,32,1
1811901390,ortho,1,1,2016,265893,137,0,52,11,0,32,4
1861419491,ortho,0,1,2016,123920,141,1,56,25,1,40,1
1861459117,ortho,0,1,2016,325348,141,1,58,17,1,40,1
1558384776,ortho,0,1,2016,92821,149,0,58,31,1,29,1
1043322217,ortho,0,1,2016,58920,151,1,56,14,1,45,1
1457328874,ortho,0,1,2016,102502,155,0,51,27,1,35,1
1548230063,ortho,1,1,2016,149138,158,0,45,17,0,29,1
1144362773,ortho,1,1,2016,160425,171,0,38,14,0,34,2
1326297987,ortho,0,1,2016,243018,175,0,49,10,1,12,1
1366616435,ortho,0,1,2016,101999,179,1,35,13,0,33,1
1154378602,ortho,1,1,2016,141839,187,1,54,19,1,31,2
1386649341,ortho,0,1,2016,167057,191,1,45,18,1,21,2
1508843384,ortho,0,1,2016,167057,191,0,55,29,1,21,3
1124257019,ortho,0,1,2016,167080,192,1,34,7,1,47,5
1538276894,ortho,0,1,2016,167057,192,1,45,21,1,47,3
1447279971,ortho,0,1,2016,293874,201,1,41,16,0,55,2
1992797922,ortho,1,1,2016,256599,203,0,54,28,1,10,1
1487711909,ortho,1,1,2016,552,221,0,64,35,1,15,1
1427014869,ortho,1,1,2016,548,222,0,55,29,1,50,1
1821264425,ortho,1,1,2016,216307,223,0,40,10,1,119,2
1154337681,ortho,0,1,2016,219695,227,0,43,19,0,203,2
1427066224,ortho,0,1,2016,9688,227,1,41,14,1,203,1
1629037064,ortho,1,1,2016,79164,227,0,54,25,1,203,1
1679510838,ortho,0,1,2016,10039,227,1,48,25,1,203,1
1083678601,ortho,1,1,2016,154607,238,0,53,32,0,27,2
1770594475,ortho,1,1,2016,164059,250,1,42,15,1,28,2
1467418681,ortho,0,1,2016,211236,251,1,55,21,1,150,3
1255511309,ortho,0,1,2016,111018,267,1,46,10,1,16,1
1639252398,ortho,0,1,2016,209023,274,0,49,22,1,33,2
1154465839,ortho,0,1,2016,87978,276,0,40,11,1,29,1
1952394371,ortho,0,1,2016,137407,279,1,67,42,1,45,1
1831377860,ortho,0,1,2016,61959,280,1,36,10,1,35,1
1770554149,ortho,0,1,2016,165397,293,0,48,14,1,58,1
1225019946,ortho,1,1,2016,204710,301,0,60,31,1,114,1
1073512984,ortho,0,1,2016,229403,309,0,55,31,1,32,1
1356338016,ortho,0,1,2016,181037,320,0,61,28,1,44,1
1700859659,ortho,1,1,2016,172981,321,0,59,33,1,11,1
1336116268,ortho,0,1,2016,129133,329,0,55,17,1,111,3
1689637258,ortho,1,1,2016,151399,335,0,56,31,1,35,1
1598757510,ortho,0,1,2016,144867,339,0,47,15,1,90,1
1659366508,ortho,0,1,2016,303607,340,0,70,43,1,62,2
1023049541,ortho,0,1,2016,331915,342,1,65,39,1,30,3
1053422527,ortho,1,1,2016,332672,344,0,56,25,1,91,1
1861575060,ortho,0,1,2016,328891,344,1,38,11,0,91,1
1245273630,ortho,0,1,2016,90134,352,0,49,25,0,43,1
1760636492,ortho,0,1,2016,86304,355,0,37,8,1,31,3
1740393412,ortho,0,1,2016,122154,356,1,45,15,0,152,1
1255434619,ortho,1,1,2016,88721,359,1,42,18,0,7,1
1295793123,ortho,1,1,2016,86152,363,0,60,23,1,27,1
1275608051,ortho,0,1,2016,240246,365,0,55,28,1,44,1
1376525667,ortho,0,1,2016,276228,365,1,68,23,1,44,1
1750395570,ortho,0,1,2016,241905,366,0,58,25,1,42,1
1629179650,ortho,1,1,2016,236487,368,1,54,30,1,43,2
1770764128,ortho,1,1,2016,236487,368,0,44,16,1,43,2
1174639348,ortho,1,1,2016,70043,369,1,52,24,1,14,1
1508840109,ortho,1,1,2016,184519,371,0,47,21,1,48,1
1912149899,ortho,1,1,2016,184513,371,1,33,7,1,48,1
1023104049,ortho,1,1,2016,70963,375,0,51,25,1,11,3
1972579944,ortho,1,1,2016,259941,376,1,55,29,1,21,2
1851397798,ortho,0,1,2016,176308,385,0,61,35,1,63,1
1811996168,ortho,1,1,2016,330839,391,0,57,31,1,159,3
1881631596,ortho,1,1,2016,285236,394,0,51,25,1,69,1
1710186705,ortho,0,1,2016,295184,397,1,41,16,0,162,1
1780696401,ortho,0,1,2016,285429,406,1,54,31,1,13,1
1083677793,ortho,0,1,2016,116808,412,1,53,30,1,81,2
1740571280,ortho,1,1,2016,281570,413,0,43,8,0,16,3
1295841419,ortho,1,1,2016,261022,423,0,61,29,1,106,2
1982627519,ortho,1,1,2016,223153,432,0,53,20,1,29,2
1932171527,ortho,1,1,2016,328875,437,0,54,25,0,28,1
1184639445,ortho,1,1,2016,328896,439,0,41,13,1,118,2
1396723466,ortho,0,1,2016,330822,439,0,68,35,1,118,3
1578784336,ortho,1,1,2016,233778,439,0,47,9,1,118,3
1831134352,ortho,0,1,2016,162020,446,0,57,30,1,15,1
1942350947,ortho,0,1,2016,162594,446,0,44,17,1,15,1
1578590097,ortho,1,1,2016,161221,449,1,51,22,1,63,2
1023217528,ortho,0,1,2016,161229,451,0,43,9,1,129,2
1174545891,ortho,0,1,2016,161322,451,0,45,13,1,129,2
1255325320,ortho,0,1,2016,161322,451,1,43,17,1,129,1
1699880369,ortho,0,1,2017,328274,11,0,60,34,1,49,1
1295022044,ortho,1,1,2017,323713,12,0,40,7,0,123,1
1497779219,ortho,0,1,2017,258076,56,0,64,37,1,190,1
1942284831,ortho,0,1,2017,174198,62,0,53,20,1,9,1
1053415430,ortho,0,1,2017,212644,77,0,69,40,1,73,2
1417037250,ortho,1,1,2017,333362,77,0,57,30,1,73,2
1063547420,ortho,1,1,2017,114077,80,0,60,30,1,82,2
1033225784,ortho,1,1,2017,333374,82,1,51,26,0,31,1
1255607925,ortho,1,1,2017,317684,103,0,34,5,1,89,1
1730117086,ortho,0,1,2017,293199,104,1,51,24,1,19,3
1447278320,ortho,0,1,2017,203251,113,0,50,25,1,100,1
1891767000,ortho,0,1,2017,57596,113,0,62,39,1,100,1
1225094071,ortho,0,1,2017,253486,115,0,43,16,0,11,1
1497758833,ortho,1,1,2017,137165,119,1,49,21,1,59,3
1245282797,ortho,1,2,2017,252070,120,0,59,35,1,79,6
1700803301,ortho,0,1,2017,92313,127,1,58,33,1,49,2
1669435772,ortho,1,1,2017,160482,129,0,52,25,1,24,1
1508816950,ortho,1,1,2017,118578,130,1,42,15,1,118,1
1497758338,ortho,0,1,2017,248066,137,1,60,32,1,25,3
1043212483,ortho,0,1,2017,139171,141,1,41,15,0,40,1
1407964943,ortho,0,1,2017,302614,149,0,49,22,1,26,1
1770543837,ortho,0,1,2017,240998,149,0,53,26,1,26,2
1457648230,ortho,1,1,2017,176317,151,1,60,9,1,42,2
1124023361,ortho,1,1,2017,68466,152,0,63,37,1,16,1
1669430567,ortho,1,1,2017,145789,170,0,46,19,0,25,1
1982650883,ortho,1,1,2017,152459,173,1,52,24,1,14,1
1457307092,ortho,0,2,2017,116364,183,1,48,18,0,243,3
1750382040,ortho,0,1,2017,186606,183,0,52,18,1,123,1
1821100504,ortho,0,1,2017,126177,183,0,42,16,1,123,1
1831159409,ortho,0,1,2017,162359,191,0,62,37,0,20,1
1831205525,ortho,0,1,2017,166707,192,1,58,32,1,44,1
1861588360,ortho,0,1,2017,66342,193,0,60,35,1,7,1
1083652416,ortho,0,1,2017,167583,200,1,58,32,1,20,1
1447283981,ortho,1,1,2017,552,221,1,55,24,1,12,3
1427171545,ortho,0,1,2017,3588,222,0,44,17,1,50,1
1841343019,ortho,0,1,2017,557,222,1,61,22,1,50,2
1912115429,ortho,0,1,2017,48886,225,1,40,11,1,18,2
1780761536,ortho,0,1,2017,9881,227,0,69,45,0,199,1
1497876643,ortho,1,1,2017,9371,230,0,57,29,1,23,1
1538244355,ortho,0,1,2017,9455,230,1,50,22,1,23,1
1477591139,ortho,0,1,2017,159419,233,0,62,37,1,28,1
1649409335,ortho,1,1,2017,154607,238,1,38,13,0,26,2
1043430606,ortho,0,1,2017,155656,239,0,40,11,1,26,3
1003893934,ortho,0,1,2017,187592,245,0,66,39,0,42,3
1679556005,ortho,1,1,2017,166294,253,1,56,30,1,36,1
1801897061,ortho,1,1,2017,164019,256,0,47,19,1,34,1
1376557264,ortho,0,1,2017,172262,270,1,39,13,1,28,3
1851379572,ortho,0,1,2017,170128,273,0,65,33,0,153,1
1528358363,ortho,0,1,2017,294465,276,1,32,6,1,31,2
1164613899,ortho,1,1,2017,112419,278,1,54,13,1,75,3
1912268251,ortho,1,1,2017,199672,278,0,33,5,1,75,1
1194836791,ortho,0,1,2017,78799,282,0,41,14,1,46,1
1154362481,ortho,0,1,2017,197842,292,0,40,16,0,10,1
1992880348,ortho,0,1,2017,323478,293,0,73,39,1,54,1
1114935715,ortho,0,1,2017,232664,311,0,60,31,1,100,1
1366443392,ortho,1,1,2017,240246,311,1,46,21,1,100,1
1992024087,ortho,1,1,2017,229390,311,0,39,13,1,100,1
1811976806,ortho,1,1,2017,113182,318,0,59,17,1,57,1
1467408831,ortho,1,1,2017,277135,336,0,52,21,1,8,1
1760463251,ortho,0,1,2017,277378,339,0,45,20,1,92,1
1528138633,ortho,0,1,2017,277031,340,0,43,15,1,61,1
1417063843,ortho,0,1,2017,116268,341,1,57,30,1,11,1
1730310830,ortho,0,1,2017,332264,345,0,38,15,0,9,2
1750305330,ortho,0,1,2017,13099,364,1,58,16,1,39,1
1235179003,ortho,1,1,2017,101441,365,0,44,17,1,46,1
1457571432,ortho,1,1,2017,60053,365,1,39,13,1,46,2
1437195120,ortho,0,1,2017,231709,368,0,57,23,1,42,2
1639142391,ortho,1,1,2017,144711,368,0,58,27,1,42,1
1871549055,ortho,1,1,2017,37017,368,0,47,17,1,42,2
1710958012,ortho,0,1,2017,184723,370,0,54,27,1,14,3
1275796575,ortho,1,1,2017,261597,373,1,37,11,1,32,1
1639225220,ortho,1,1,2017,261597,373,1,39,12,1,32,1
1912006859,ortho,0,1,2017,260395,380,1,69,31,1,129,1
1225063464,ortho,0,1,2017,104409,394,0,47,21,1,67,1
1043277486,ortho,0,1,2017,281420,412,0,53,18,1,77,1
1609193721,ortho,0,1,2017,116808,412,0,38,7,1,77,1
1710141437,ortho,1,1,2017,118911,412,0,39,16,0,77,2
1770579187,ortho,0,1,2017,111349,412,0,44,17,1,77,2
1265464960,ortho,1,1,2017,334967,422,0,50,22,1,16,1
1073551511,ortho,0,1,2017,57596,426,0,44,14,0,80,1
1265448310,ortho,1,1,2017,94824,427,0,61,22,1,37,2
1609865591,ortho,0,1,2017,297238,427,0,42,16,1,37,1
1144336223,ortho,1,1,2017,222987,431,0,56,30,1,62,2
1255517124,ortho,0,1,2017,102463,431,1,39,11,1,62,1
1316034101,ortho,0,1,2017,329945,438,1,56,33,1,16,2
1588756134,ortho,0,1,2017,329945,438,0,57,22,1,16,2
1053501452,ortho,1,1,2017,329700,440,0,43,14,1,74,1
1396841581,ortho,1,1,2017,183720,440,1,58,32,1,74,2
1649368986,ortho,1,1,2017,329700,440,0,45,16,1,74,5
1902902737,ortho,0,1,2017,151509,440,1,55,23,1,74,2
1669574505,ortho,1,1,2017,161278,447,0,55,24,1,27,1
1891740262,ortho,0,1,2017,162513,447,1,42,17,0,27,1
1417241415,ortho,1,1,2017,161343,449,1,40,6,1,56,2
1720168735,ortho,0,1,2018,261856,1,1,48,21,1,97,1
1457456881,ortho,0,1,2018,115729,2,0,44,21,1,14,1
1437101789,ortho,0,1,2018,102683,12,0,54,28,1,113,2
1043318363,ortho,1,1,2018,270897,77,1,48,22,0,74,1
1295739845,ortho,0,1,2018,333455,77,0,55,24,1,74,3
1821099003,ortho,1,1,2018,271026,77,0,51,24,1,74,1
1447468210,ortho,0,1,2018,190955,78,0,41,13,1,17,2
1033210984,ortho,1,1,2018,336289,80,1,48,17,1,70,1
1750572012,ortho,0,1,2018,219921,113,0,39,11,0,88,1
1265432736,ortho,1,1,2018,101285,119,0,63,37,1,57,1
1326122508,ortho,0,1,2018,247771,119,1,54,30,1,57,1
1073596458,ortho,1,1,2018,251662,123,0,50,23,1,58,1
1376650895,ortho,0,1,2018,251285,130,0,53,27,1,116,1
1619933397,ortho,1,1,2018,253188,130,0,46,15,1,116,1
1629366380,ortho,0,1,2018,120007,130,0,39,12,0,116,1
1912235490,ortho,0,1,2018,62608,130,1,36,10,1,116,1
1548465404,ortho,1,1,2018,250648,134,1,40,13,1,29,1
1124306436,ortho,0,1,2018,101285,137,0,40,16,0,27,1
1699844365,ortho,1,1,2018,176315,151,0,41,14,1,39,2
1407915978,ortho,1,1,2018,146891,161,0,54,28,1,42,1
1386958742,ortho,1,1,2018,141946,183,1,38,14,0,120,1
1932202991,ortho,1,1,2018,102012,183,1,43,17,1,120,3
1003897935,ortho,1,1,2018,550,222,1,58,33,1,47,2
1093027062,ortho,1,1,2018,9251,227,0,45,20,1,186,2
1700862034,ortho,0,1,2018,156151,233,0,68,45,0,28,1
1255355103,ortho,1,1,2018,164059,250,1,45,18,1,26,1
1376513903,ortho,1,1,2018,164007,251,0,55,20,1,147,1
1356514657,ortho,1,1,2018,164019,256,1,37,10,0,32,3
1417972746,ortho,0,1,2018,289863,268,1,52,26,1,106,1
1992783948,ortho,1,1,2018,310840,274,0,63,26,1,34,1
1194735316,ortho,0,1,2018,258103,276,0,51,21,1,28,2
1497700561,ortho,0,1,2018,39760,283,0,62,36,1,104,2
1467557918,ortho,0,1,2018,323483,293,1,56,25,1,53,1
1033107354,ortho,1,1,2018,104100,309,0,64,37,1,37,3
1538177100,ortho,0,1,2018,106422,314,0,55,25,1,28,1
1669460374,ortho,0,1,2018,240246,319,0,68,42,1,16,2
1215076468,ortho,0,1,2018,270897,341,0,53,22,1,10,1
1083705479,ortho,1,1,2018,121533,342,1,52,22,1,34,2
1184603680,ortho,1,1,2018,332937,342,1,51,19,1,34,1
1235124520,ortho,1,1,2018,332672,344,0,45,18,0,84,2
1497774186,ortho,1,1,2018,304154,352,1,69,45,0,47,1
1851366215,ortho,0,1,2018,86146,356,1,51,25,1,144,1
1881646685,ortho,1,1,2018,90403,357,1,46,19,1,130,1
1144285354,ortho,1,1,2018,236487,368,0,61,36,1,39,1
1225228240,ortho,0,1,2018,201052,368,1,50,14,1,39,1
1902814874,ortho,1,1,2018,279278,385,0,63,26,1,59,1
1992898860,ortho,1,1,2018,203569,391,1,47,24,0,173,1
1588656409,ortho,1,1,2018,285712,394,1,48,17,1,63,1
1649490418,ortho,0,1,2018,93008,397,0,40,19,0,154,1
1194980128,ortho,1,1,2018,68828,413,0,50,25,0,15,1
1265403638,ortho,1,1,2018,281570,413,0,57,23,1,15,1
1396936019,ortho,1,1,2018,281570,413,0,43,17,0,15,1
1275866212,ortho,0,1,2018,280600,418,0,36,10,1,8,1
1912984600,ortho,0,1,2018,201874,422,0,51,22,1,14,1
1417900143,ortho,1,1,2018,161153,449,1,51,28,0,55,1
1134227614,cardioem,0,1,2010,103886,1,1,36,11,0,140,4
1396788337,cardioem,0,1,2010,112074,1,1,52,26,1,140,1
1093829640,cardioem,0,1,2010,263283,5,0,38,11,1,30,2
1710152582,cardioem,0,1,2010,262868,6,1,38,15,1,47,1
1184734733,cardioem,0,1,2010,86152,7,0,42,14,0,19,1
1083820781,cardioem,0,1,2010,246731,11,0,35,7,0,58,7
1356356059,cardioem,0,1,2010,324125,11,1,39,17,0,58,1
1508826413,cardioem,0,1,2010,100112,11,1,35,11,0,58,3
1902893845,cardioem,0,1,2010,100112,11,1,38,16,0,58,4
1053313452,cardioem,0,1,2010,323879,12,0,41,11,1,206,3
1164412466,cardioem,0,1,2010,261095,12,0,50,30,1,206,1
1437312147,cardioem,0,1,2010,322513,12,1,31,5,0,206,1
1447245352,cardioem,0,1,2010,323993,12,0,35,13,0,206,4
1528150455,cardioem,1,1,2010,322535,12,0,59,22,1,206,2
1548289580,cardioem,0,1,2010,323365,12,0,65,38,1,206,2
1568569804,cardioem,1,1,2010,323675,12,0,47,20,1,206,2
1629018619,cardioem,0,1,2010,111724,12,0,34,6,0,206,3
1629284211,cardioem,0,1,2010,322513,12,0,43,7,1,206,3
1659368751,cardioem,0,1,2010,113999,12,1,44,20,1,206,1
1700955838,cardioem,1,1,2010,268398,12,1,34,10,0,206,2
1730178914,cardioem,1,2,2010,102683,12,0,47,12,1,248,6
1770543043,cardioem,0,1,2010,335067,12,1,49,19,0,206,3
1942413315,cardioem,0,1,2010,322513,12,0,49,6,1,206,3
1972506616,cardioem,0,1,2010,108490,12,0,41,11,1,206,1
1356372023,cardioem,0,1,2010,323831,15,1,35,8,1,54,2
1225064728,cardioem,1,1,2010,273258,19,0,58,31,0,104,3
1972605699,cardioem,0,1,2010,273207,19,1,40,11,1,104,2
1497822621,cardioem,1,1,2010,260496,21,0,52,9,1,16,6
1770683641,cardioem,1,1,2010,93468,21,1,33,7,1,16,1
1427083351,cardioem,0,1,2010,278442,22,0,47,15,0,7,1
1750410577,cardioem,0,1,2010,63301,22,1,41,,1,7,1
1851485361,cardioem,1,2,2010,278442,22,0,71,42,1,69,4
1407875941,cardioem,1,2,2010,271360,23,0,47,20,1,188,8
1730271321,cardioem,0,1,2010,135566,23,0,46,18,1,156,2
1740286079,cardioem,1,1,2010,334530,33,1,59,30,1,37,1
1043392186,cardioem,0,1,2010,114451,56,1,47,22,1,462,8
1063432615,cardioem,0,1,2010,114492,56,1,47,16,0,462,1
1235359845,cardioem,0,1,2010,257247,56,0,53,30,1,462,3
1487677977,cardioem,0,1,2010,341891,56,0,55,27,0,462,3
1528024056,cardioem,0,2,2010,65633,56,0,54,24,1,933,3
1730195645,cardioem,0,1,2010,339695,56,0,60,36,0,462,3
1790787802,cardioem,0,1,2010,134519,56,0,36,9,0,462,2
1861507758,cardioem,0,1,2010,134444,56,0,38,10,0,462,1
1518973510,cardioem,0,1,2010,90717,58,0,62,36,1,37,1
1700884038,cardioem,1,2,2010,333784,58,1,50,9,1,104,6
1407940075,cardioem,0,1,2010,334949,62,0,44,14,0,11,3
1134123755,cardioem,0,1,2010,334024,65,0,45,16,1,47,1
1457309783,cardioem,1,1,2010,335377,65,1,33,9,1,47,3
1760549182,cardioem,0,1,2010,333981,65,0,53,27,1,47,1
1447228796,cardioem,0,1,2010,342209,69,1,42,18,1,26,3
1538181748,cardioem,0,1,2010,342209,69,1,58,32,1,26,1
1659578243,cardioem,0,1,2010,38233,69,1,34,6,1,26,1
1477601375,cardioem,0,1,2010,333716,73,1,59,27,0,15,1
1033154448,cardioem,1,1,2010,270897,77,1,56,31,1,95,2
1083667281,cardioem,0,1,2010,13699,77,0,57,32,0,95,4
1083768618,cardioem,1,2,2010,270897,77,0,36,5,1,112,4
1437117322,cardioem,0,1,2010,333362,77,0,61,43,0,95,2
1447468210,cardioem,0,2,2010,333455,77,0,33,5,1,113,2
1457360927,cardioem,0,1,2010,333473,77,1,34,7,1,95,1
1538221874,cardioem,0,1,2010,233774,77,0,42,20,0,95,1
1558367102,cardioem,1,1,2010,333414,77,0,46,19,1,95,2
1629036413,cardioem,0,1,2010,333362,77,0,63,37,1,95,4
1669456174,cardioem,1,1,2010,271026,77,0,39,12,1,95,4
1689687303,cardioem,1,1,2010,270897,77,1,41,3,0,95,1
1710931019,cardioem,0,1,2010,108586,78,0,47,24,1,17,5
1861442196,cardioem,0,1,2010,108586,78,1,37,11,0,17,4
1861500274,cardioem,1,3,2010,108586,78,0,37,11,1,200,6
1497862684,cardioem,0,1,2010,134439,79,0,62,37,1,77,1
1609898758,cardioem,1,1,2010,135462,79,1,51,22,0,77,2
1104036235,cardioem,1,1,2010,336791,80,0,34,6,1,161,2
1235161787,cardioem,1,2,2010,134113,80,0,35,10,1,222,3
1598975690,cardioem,0,1,2010,134878,80,0,33,6,1,161,7
1639286388,cardioem,1,1,2010,335619,81,1,39,11,0,79,2
1871683532,cardioem,1,1,2010,335104,81,0,40,11,0,79,1
1316090640,cardioem,0,1,2010,72038,82,1,42,16,1,65,2
1184670820,cardioem,0,1,2010,4109,83,1,34,8,1,12,2
1487674685,cardioem,1,1,2010,291339,85,0,46,20,0,64,5
1649228917,cardioem,0,1,2010,111762,85,0,46,18,1,64,3
1265546154,cardioem,0,3,2010,271353,89,1,53,8,0,131,7
1649381286,cardioem,0,1,2010,317346,102,0,38,11,0,35,2
1235197880,cardioem,1,1,2010,279439,103,0,41,10,1,87,2
1356454862,cardioem,1,1,2010,279439,103,1,45,12,1,87,2
1124062427,cardioem,1,1,2010,293199,104,1,41,17,0,20,2
1619901907,cardioem,0,1,2010,97346,104,0,43,13,1,20,3
1932128873,cardioem,0,1,2010,317945,104,0,34,8,1,20,1
1124130232,cardioem,0,1,2010,317417,106,1,37,9,1,12,2
1245295013,cardioem,0,1,2010,318115,107,0,50,22,1,5,1
1003876228,cardioem,0,1,2010,15420,109,1,34,9,0,63,1
1053301168,cardioem,0,1,2010,218900,113,1,44,,1,210,4
1083634034,cardioem,0,1,2010,217717,113,0,38,10,0,210,1
1427058361,cardioem,0,1,2010,217717,113,0,44,20,0,210,1
1699723031,cardioem,0,1,2010,217006,113,1,45,15,1,210,2
1174593289,cardioem,0,2,2010,111408,115,0,41,10,1,54,4
1295763456,cardioem,0,1,2010,112868,115,0,69,41,1,29,3
1366443392,cardioem,1,2,2010,251036,116,1,39,14,1,160,8
1164550893,cardioem,1,1,2010,165859,118,1,36,7,1,226,1
1245440668,cardioem,0,1,2010,111678,118,0,36,12,1,226,3
1265485171,cardioem,1,1,2010,265999,118,1,54,14,1,226,1
1326144825,cardioem,1,1,2010,266011,118,1,46,18,1,226,8
1619994506,cardioem,0,1,2010,137479,118,0,35,6,1,226,2
1902906373,cardioem,0,1,2010,71530,118,1,36,12,1,226,2
1043249923,cardioem,0,1,2010,98766,119,0,47,24,1,78,4
1295855583,cardioem,0,1,2010,65323,119,1,35,9,1,78,1
1366557621,cardioem,0,1,2010,111155,119,1,44,10,1,78,4
1497916910,cardioem,1,1,2010,265447,119,0,36,7,0,78,2
1982829628,cardioem,0,1,2010,266127,119,1,34,6,1,78,3
1326121096,cardioem,1,1,2010,247871,120,1,36,11,1,27,1
1457331936,cardioem,0,2,2010,108207,120,1,40,13,1,71,2
1811988512,cardioem,0,1,2010,250253,120,1,43,17,0,27,2
1124090824,cardioem,0,1,2010,292226,122,1,51,24,1,43,1
1295751089,cardioem,1,1,2010,253246,122,1,34,9,0,43,2
1033185400,cardioem,0,1,2010,252849,123,0,42,13,0,104,2
1043223753,cardioem,0,1,2010,250838,123,0,43,14,1,104,5
1104047893,cardioem,0,1,2010,253055,123,0,38,6,1,104,1
1215084918,cardioem,0,1,2010,252658,123,0,65,37,1,104,2
1639294796,cardioem,0,1,2010,247538,123,0,62,35,1,104,1
1952503369,cardioem,0,1,2010,54133,123,1,39,5,1,104,3
1568678076,cardioem,1,1,2010,247168,124,0,41,17,0,14,1
1811955362,cardioem,0,3,2010,100165,124,0,45,21,1,70,3
1104930353,cardioem,1,1,2010,247185,127,1,40,14,1,274,1
1679525836,cardioem,0,1,2010,248649,127,0,58,33,1,274,1
1851378012,cardioem,1,2,2010,112495,127,0,38,10,1,316,5
1942473343,cardioem,0,1,2010,103461,127,0,35,5,0,274,3
1053316133,cardioem,0,1,2010,249020,129,0,62,37,0,46,4
1144200569,cardioem,0,1,2010,250831,129,1,62,34,1,46,3
1255324091,cardioem,0,2,2010,72082,129,0,53,27,1,312,10
1366492993,cardioem,0,1,2010,55049,129,0,46,20,1,46,10
1487855987,cardioem,1,1,2010,61649,129,0,42,14,0,46,3
1538182381,cardioem,0,2,2010,268626,129,0,44,20,0,64,9
1932134731,cardioem,0,1,2010,70111,129,0,49,23,0,46,3
1023057999,cardioem,1,1,2010,247298,130,0,46,19,1,240,1
1275519928,cardioem,0,1,2010,250433,130,1,56,21,1,240,1
1386707735,cardioem,0,1,2010,227386,130,1,38,13,0,240,1
1437268620,cardioem,0,1,2010,73663,130,0,44,26,0,240,2
1508885476,cardioem,1,1,2010,248250,130,0,44,14,0,240,1
1528175932,cardioem,0,1,2010,110655,130,0,37,15,0,240,2
1538242334,cardioem,1,1,2010,247396,130,1,31,5,1,240,1
1740486976,cardioem,1,2,2010,253188,130,1,32,6,0,581,3
1427082486,cardioem,0,1,2010,250536,131,0,38,14,0,28,1
1568451318,cardioem,0,1,2010,267032,131,0,60,34,1,28,3
1689632192,cardioem,0,1,2010,267032,131,0,61,35,1,28,4
1336324672,cardioem,0,1,2010,261263,134,0,56,5,1,39,1
1578670980,cardioem,0,1,2010,108461,134,1,36,9,1,39,2
1689677262,cardioem,1,1,2010,276118,134,0,40,16,0,39,2
1740257773,cardioem,0,1,2010,241818,134,0,56,26,1,39,2
1992818595,cardioem,1,1,2010,276118,134,0,41,15,1,39,5
1275598898,cardioem,1,1,2010,266661,137,0,64,38,1,57,5
1720157688,cardioem,0,2,2010,55866,137,0,49,23,1,102,7
1770583445,cardioem,0,1,2010,247212,137,0,49,22,1,57,3
1922063866,cardioem,0,2,2010,37071,137,0,48,24,1,105,4
1093972143,cardioem,0,1,2010,61574,141,0,46,18,0,88,1
1285677328,cardioem,0,1,2010,251389,141,0,36,10,0,88,1
1477508141,cardioem,0,1,2010,248781,141,0,54,,1,88,2
1508972217,cardioem,0,1,2010,253076,141,1,40,16,0,88,2
1801998877,cardioem,1,1,2010,251085,141,0,35,10,0,88,2
1871550483,cardioem,0,1,2010,112413,141,0,40,14,1,88,1
1952575094,cardioem,0,1,2010,252943,141,1,53,24,1,88,1
1043400013,cardioem,0,1,2010,115868,144,1,34,5,1,315,3
1154410538,cardioem,0,1,2010,240063,144,0,54,28,1,315,3
1255327680,cardioem,0,1,2010,241239,144,0,48,22,1,315,1
1306828355,cardioem,0,1,2010,229575,144,0,36,8,1,315,3
1356344048,cardioem,0,1,2010,231198,144,1,48,23,1,315,2
1356404099,cardioem,0,1,2010,111271,144,0,34,8,0,315,1
1427122092,cardioem,0,1,2010,242976,144,1,38,9,0,315,1
1447417373,cardioem,1,1,2010,241181,144,1,32,5,0,315,2
1528283520,cardioem,0,1,2010,108483,144,0,31,4,1,315,1
1568674687,cardioem,1,1,2010,240323,144,1,38,15,0,315,3
1740212240,cardioem,0,1,2010,101939,144,0,42,19,0,315,1
1740480193,cardioem,0,1,2010,116311,144,1,34,10,1,315,1
1750338968,cardioem,0,1,2010,108235,144,0,41,16,0,315,1
1801885934,cardioem,0,1,2010,219750,144,0,57,31,1,315,2
1851400022,cardioem,1,1,2010,238556,144,1,33,7,1,315,2
1922003904,cardioem,0,1,2010,69438,144,0,67,41,1,315,1
1942313572,cardioem,0,1,2010,240651,144,0,38,12,1,315,1
1992719371,cardioem,0,1,2010,231198,144,0,35,6,1,315,1
1124048228,cardioem,1,3,2010,116376,145,1,33,7,1,400,5
1184787327,cardioem,0,1,2010,92522,146,0,46,23,0,11,1
1205884020,cardioem,0,1,2010,238554,147,0,40,22,1,26,4
1811014939,cardioem,1,1,2010,240391,147,1,42,15,1,26,1
1073521662,cardioem,0,1,2010,92821,149,0,63,37,1,39,3
1376505214,cardioem,0,1,2010,242956,149,0,50,19,1,39,2
1346213303,cardioem,1,1,2010,303336,151,0,43,10,1,29,3
1407035371,cardioem,1,1,2010,303336,151,0,36,4,1,29,1
1801837141,cardioem,0,1,2010,302807,151,0,44,16,1,29,3
1700859659,cardioem,1,2,2010,303218,152,0,53,27,1,69,3
1255541678,cardioem,1,1,2010,13413,155,0,32,9,0,76,1
1619054228,cardioem,0,1,2010,62339,155,1,50,25,0,76,1
1033275615,cardioem,0,1,2010,97567,156,0,39,13,0,178,1
1427212638,cardioem,0,2,2010,74198,156,0,34,10,0,355,7
1447350830,cardioem,0,1,2010,147527,156,0,73,48,1,178,2
1366634487,cardioem,0,1,2010,246910,158,1,43,17,0,19,1
1770789596,cardioem,0,1,2010,103847,158,0,41,16,0,19,1
1225235526,cardioem,0,1,2010,292066,161,0,40,16,1,76,2
1245308048,cardioem,1,2,2010,145793,161,1,48,14,1,143,5
1316085897,cardioem,0,1,2010,216335,161,1,36,7,1,76,1
1396853230,cardioem,0,1,2010,150154,161,1,35,11,1,76,1
1427271022,cardioem,1,2,2010,145793,161,1,34,8,0,143,2
1447368055,cardioem,1,2,2010,145793,161,0,63,30,1,139,2
1487769436,cardioem,1,2,2010,145793,161,1,38,12,1,143,2
1699850610,cardioem,1,1,2010,145793,161,0,43,17,1,76,1
1104891001,cardioem,0,1,2010,146944,163,0,63,40,0,26,2
1528279577,cardioem,0,1,2010,150385,163,1,30,6,0,26,1
1366540684,cardioem,1,1,2010,149703,170,1,46,23,0,29,1
1306004247,cardioem,0,1,2010,148013,171,0,34,4,1,34,2
1104820869,cardioem,1,1,2010,149305,172,0,54,29,1,43,2
1356393300,cardioem,0,1,2010,95089,172,0,58,35,1,43,2
1467437459,cardioem,0,1,2010,103230,172,1,37,11,1,43,1
1497779755,cardioem,0,2,2010,105443,172,0,42,10,1,58,4
1598971137,cardioem,1,1,2010,152718,175,0,51,27,1,9,1
1144284480,cardioem,0,1,2010,141829,179,0,65,27,1,24,5
1427014976,cardioem,0,1,2010,63931,180,0,35,7,1,42,1
1932186723,cardioem,1,1,2010,106429,180,0,41,16,0,42,1
1639155534,cardioem,0,1,2010,111977,181,0,54,29,1,34,1
1124012729,cardioem,1,2,2010,105147,183,1,41,13,1,338,4
1235129065,cardioem,1,1,2010,105147,183,1,41,15,1,173,3
1508901398,cardioem,0,1,2010,142759,183,1,32,5,1,173,1
1619970704,cardioem,0,1,2010,98309,183,0,59,32,1,173,5
1659488104,cardioem,0,1,2010,143211,183,1,45,12,1,173,1
1548476120,cardioem,0,1,2010,118313,187,0,51,24,1,37,4
1164643623,cardioem,0,1,2010,149239,191,0,47,24,0,22,1
1215915855,cardioem,0,1,2010,167057,191,0,60,35,1,22,5
1306990817,cardioem,0,1,2010,166920,191,1,41,21,0,22,1
1346228970,cardioem,0,1,2010,167057,191,0,48,19,1,22,3
1720058019,cardioem,0,1,2010,167057,191,0,61,35,1,22,4
1750343224,cardioem,0,1,2010,157880,203,0,43,16,1,17,1
1770690216,cardioem,1,1,2010,256685,203,0,35,9,1,17,1
1316986433,cardioem,0,1,2010,259492,204,0,46,11,1,85,1
1417966425,cardioem,0,1,2010,257357,204,0,38,14,0,85,2
1710926860,cardioem,0,1,2010,259492,204,0,51,25,1,85,1
1891721833,cardioem,0,1,2010,259492,204,0,49,,1,85,1
1902082795,cardioem,0,1,2010,256581,205,0,51,25,0,93,1
1952339293,cardioem,0,1,2010,256391,207,0,55,25,1,10,1
1033382197,cardioem,1,1,2010,274021,210,1,33,3,1,40,1
1659369916,cardioem,1,1,2010,276465,213,0,34,7,1,29,3
1184643785,cardioem,1,1,2010,274021,218,0,44,18,1,49,2
1043286230,cardioem,0,1,2010,274056,219,0,41,10,1,39,1
1215984547,cardioem,0,1,2010,114902,219,1,45,23,0,39,1
1619905312,cardioem,1,1,2010,288631,219,1,,,1,39,1
1699854117,cardioem,1,1,2010,717,221,1,34,11,0,19,2
1477579456,cardioem,0,1,2010,546,222,0,58,30,1,73,7
1710073507,cardioem,1,1,2010,557,222,0,55,22,1,73,1
1790742898,cardioem,1,1,2010,557,222,0,40,10,1,73,2
1144225053,cardioem,0,1,2010,220075,223,0,38,13,0,222,3
1235164252,cardioem,1,1,2010,220681,223,0,38,11,1,222,3
1295727790,cardioem,0,1,2010,144575,223,0,40,14,1,222,6
1407965056,cardioem,0,1,2010,218854,223,1,44,18,0,222,1
1497732374,cardioem,0,1,2010,217717,223,1,56,11,1,222,1
1538182027,cardioem,0,1,2010,217717,223,1,43,17,1,222,2
1538197843,cardioem,1,1,2010,216307,223,1,45,23,0,222,1
1104803253,cardioem,0,1,2010,219727,225,1,46,18,1,30,1
1215977327,cardioem,0,1,2010,9944,227,1,45,22,0,447,2
1396741963,cardioem,0,1,2010,9944,227,0,48,21,1,447,2
1639112022,cardioem,1,1,2010,8983,227,1,44,15,1,447,3
1659462083,cardioem,1,1,2010,8983,227,0,57,34,1,447,6
1659540664,cardioem,0,1,2010,8353,227,1,32,8,0,447,1
1760589147,cardioem,0,1,2010,9851,227,0,49,27,0,447,1
1487666194,cardioem,1,1,2010,78648,230,1,53,20,1,54,2
1134232168,cardioem,1,2,2010,8482,231,1,35,11,0,183,3
1265499792,cardioem,1,1,2010,9404,231,1,40,16,0,65,2
1508928060,cardioem,1,1,2010,9404,231,1,52,25,1,65,2
1235108523,cardioem,1,1,2010,160953,232,1,36,9,1,95,1
1922197151,cardioem,1,1,2010,160953,232,1,37,10,1,95,5
1093777013,cardioem,0,1,2010,108496,233,0,59,38,1,30,2
1255385944,cardioem,0,1,2010,108496,233,0,34,7,1,30,1
1467493791,cardioem,0,1,2010,151158,233,0,40,10,0,30,1
1184674939,cardioem,0,1,2010,157298,234,1,40,15,1,121,1
1427051127,cardioem,0,1,2010,59527,234,0,39,10,1,121,2
1336116268,cardioem,0,2,2010,154628,238,0,49,11,1,219,8
1417162173,cardioem,0,1,2010,156413,238,1,31,5,0,28,2
1164512034,cardioem,0,1,2010,73664,243,0,37,5,1,9,1
1801937644,cardioem,0,1,2010,154657,244,0,56,20,1,15,1
1073681524,cardioem,0,1,2010,327859,245,0,62,38,1,93,1
1275658536,cardioem,0,1,2010,157553,245,0,57,23,1,93,1
1609811975,cardioem,0,2,2010,100008,245,0,53,27,1,124,5
1629267133,cardioem,0,1,2010,110613,245,0,36,4,1,93,2
1245228568,cardioem,0,1,2010,159454,246,0,46,,1,37,1
1154439339,cardioem,0,2,2010,110654,248,0,48,18,1,54,2
1376748525,cardioem,0,1,2010,154866,249,1,32,6,1,8,1
1508828633,cardioem,1,1,2010,163985,250,0,35,7,1,18,2
1801851498,cardioem,1,2,2010,164059,250,1,38,12,0,42,4
1215007414,cardioem,0,1,2010,131027,251,1,38,8,1,172,2
1326145483,cardioem,0,1,2010,164053,251,1,46,20,1,172,1
1689783540,cardioem,0,1,2010,260350,257,0,43,18,1,12,2
1225047632,cardioem,0,1,2010,263948,259,0,45,21,1,47,2
1912006859,cardioem,1,2,2010,73829,259,1,62,24,1,223,3
1538297593,cardioem,0,1,2010,264045,262,0,38,6,1,14,3
1942308101,cardioem,1,2,2010,264330,262,0,47,19,1,125,2
1679771844,cardioem,1,1,2010,170661,263,1,41,10,0,7,1
1154441822,cardioem,0,1,2010,169910,264,1,40,12,1,40,2
1184744765,cardioem,0,1,2010,169910,264,0,50,12,1,40,1
1669435707,cardioem,1,1,2010,273492,264,1,45,16,1,40,1
1740496199,cardioem,1,1,2010,168639,264,0,37,7,1,40,1
1992727309,cardioem,1,1,2010,169975,267,0,41,15,1,16,2
1386619757,cardioem,0,1,2010,212663,268,1,36,10,1,137,1
1740358282,cardioem,1,1,2010,172245,268,0,55,29,1,137,1
1992758957,cardioem,1,1,2010,212981,268,1,36,10,1,137,1
1285846055,cardioem,0,1,2010,169376,273,0,39,15,1,194,1
1366441495,cardioem,0,1,2010,171764,273,1,56,14,1,194,3
1225188212,cardioem,1,1,2010,294459,274,1,38,11,1,20,3
1356396394,cardioem,1,1,2010,294468,274,0,53,26,1,20,4
1427088855,cardioem,1,1,2010,294468,274,0,55,21,1,20,4
1437148194,cardioem,0,1,2010,294466,274,0,54,13,1,20,1
1922069681,cardioem,0,1,2010,294655,276,0,45,12,1,17,1
1831367747,cardioem,0,1,2010,97736,279,0,52,7,0,100,2
1871504969,cardioem,0,1,2010,49566,279,0,45,10,1,100,1
1003070640,cardioem,0,1,2010,326816,280,1,33,5,0,32,4
1245238922,cardioem,0,1,2010,168023,282,0,47,23,1,52,1
1033227459,cardioem,0,2,2010,81622,283,0,49,22,1,433,2
1093708067,cardioem,0,1,2010,79582,283,0,50,23,1,307,1
1619142833,cardioem,0,1,2010,81364,283,0,46,23,0,307,2
1841219359,cardioem,0,1,2010,173456,283,1,33,7,1,307,1
1871573063,cardioem,0,1,2010,80119,283,0,44,17,0,307,2
1912930082,cardioem,0,1,2010,1239,283,0,51,27,1,307,2
1568483733,cardioem,0,1,2010,36489,284,0,49,26,1,127,1
1841405008,cardioem,0,1,2010,110711,284,1,32,6,1,127,4
1164502183,cardioem,0,1,2010,165209,288,1,36,8,1,111,1
1578680708,cardioem,0,1,2010,18466,288,0,58,34,1,111,3
1811178700,cardioem,0,1,2010,14698,288,1,45,9,0,111,4
1053337683,cardioem,0,1,2010,81491,289,1,42,15,1,125,1
1174510002,cardioem,1,1,2010,87990,293,0,44,17,1,72,1
1376512632,cardioem,1,1,2010,64475,293,0,59,18,1,72,3
1568411916,cardioem,1,1,2010,321692,293,1,42,14,1,72,2
1598870131,cardioem,1,1,2010,321313,293,1,41,7,1,72,2
1851317192,cardioem,1,1,2010,321313,293,0,48,20,1,72,3
1306948252,cardioem,1,1,2010,37446,295,0,58,32,1,140,1
1417958810,cardioem,1,3,2010,38238,295,0,40,14,1,355,7
1700987567,cardioem,0,1,2010,44250,295,0,42,16,1,140,2
1588692552,cardioem,0,1,2010,34458,297,0,53,25,1,83,1
1669657847,cardioem,1,1,2010,33412,297,1,35,9,0,83,1
1689756827,cardioem,0,2,2010,28798,297,0,50,23,1,568,8
1023066388,cardioem,0,1,2010,42788,299,1,37,11,1,76,2
1801824586,cardioem,0,1,2010,42788,299,1,53,5,1,76,1
1184673808,cardioem,0,2,2010,44912,301,0,68,39,1,540,2
1205840022,cardioem,0,1,2010,26369,301,1,44,18,0,451,1
1265541015,cardioem,0,2,2010,29435,301,1,46,22,1,936,6
1760668933,cardioem,0,1,2010,93547,301,0,32,6,,451,1
1013945773,cardioem,1,1,2010,37516,303,1,54,30,0,530,1
1134137292,cardioem,0,3,2010,41267,303,1,41,14,0,695,4
1245430537,cardioem,0,2,2010,214416,303,1,36,6,1,747,2
1306823190,cardioem,0,1,2010,83158,303,0,55,13,0,530,3
1316911282,cardioem,0,1,2010,104240,303,0,57,28,1,530,15
1437321460,cardioem,0,1,2010,4278,303,1,46,23,1,530,1
1740273325,cardioem,0,1,2010,169460,303,0,50,24,0,530,1
1861440364,cardioem,1,2,2010,35879,303,0,41,17,1,782,2
1144202482,cardioem,0,1,2010,109773,304,0,40,10,1,78,4
1164590568,cardioem,0,1,2010,42606,304,1,38,8,1,78,2
1427243740,cardioem,0,1,2010,44226,304,1,37,6,1,78,1
1528020898,cardioem,0,1,2010,42605,304,1,36,10,1,78,1
1659338937,cardioem,0,1,2010,104677,304,1,46,10,1,78,3
1720049919,cardioem,1,1,2010,65603,304,1,55,26,1,78,3
1720092778,cardioem,1,1,2010,42604,304,0,40,14,1,78,2
1760406177,cardioem,1,1,2010,42604,304,1,38,12,1,78,3
1235195645,cardioem,0,1,2010,41185,307,0,57,29,1,60,1
1255302162,cardioem,0,1,2010,42708,307,1,60,34,1,60,1
1417158023,cardioem,1,1,2010,35725,308,1,32,8,0,124,1
1467503300,cardioem,1,1,2010,35111,308,0,32,6,1,124,1
1003999780,cardioem,0,2,2010,13325,309,0,49,18,1,61,2
1194784009,cardioem,0,1,2010,90843,309,0,54,23,1,29,5
1205882370,cardioem,0,1,2010,231935,309,1,43,12,1,29,3
1811066996,cardioem,0,2,2010,229383,309,0,56,28,1,71,9
1831385939,cardioem,0,1,2010,231353,309,1,34,6,1,29,1
1871523886,cardioem,1,4,2010,234793,309,1,37,11,1,227,10
1033141114,cardioem,1,1,2010,240246,311,1,42,16,1,112,2
1033196399,cardioem,0,1,2010,232269,311,0,39,13,1,112,1
1073528808,cardioem,1,1,2010,232664,311,0,44,18,0,112,1
1326100389,cardioem,0,1,2010,74727,311,0,54,15,1,112,2
1457424046,cardioem,0,1,2010,232014,311,0,55,27,1,112,1
1467422501,cardioem,0,1,2010,229519,311,1,35,9,1,112,2
1487686564,cardioem,1,1,2010,240246,311,1,40,14,1,112,2
1386609899,cardioem,0,1,2010,223448,312,0,47,23,0,109,3
1437243656,cardioem,0,1,2010,55808,312,0,40,18,0,109,1
1487638169,cardioem,0,1,2010,114112,312,0,46,20,1,109,1
1598879843,cardioem,0,1,2010,232292,312,0,48,17,1,109,2
1679547533,cardioem,0,1,2010,226871,312,0,47,17,1,109,3
1700985736,cardioem,0,1,2010,231350,312,0,43,16,1,109,2
1932167376,cardioem,1,1,2010,65312,312,0,43,13,0,109,1
1982622718,cardioem,0,1,2010,107071,312,0,37,9,1,109,1
1609854124,cardioem,1,2,2010,229437,313,1,56,25,1,53,2
1215029095,cardioem,0,1,2010,132866,314,1,43,,1,46,3
1275505257,cardioem,1,1,2010,234822,314,0,36,9,1,46,4
1285642959,cardioem,0,2,2010,232647,314,1,52,20,1,284,3
1780666537,cardioem,1,1,2010,160154,314,0,60,36,1,46,2
1417985698,cardioem,0,1,2010,289189,315,1,36,9,0,17,2
1003967910,cardioem,0,1,2010,240246,318,0,46,17,1,83,2
1134178767,cardioem,0,1,2010,106319,318,0,51,24,1,83,4
1154369627,cardioem,0,1,2010,230002,318,0,45,15,0,83,3
1235179516,cardioem,0,1,2010,117603,318,0,55,27,1,83,2
1316956931,cardioem,0,1,2010,230267,318,0,40,12,1,83,2
1720071103,cardioem,0,1,2010,231350,318,1,36,10,0,83,1
1356336457,cardioem,0,1,2010,240246,319,1,42,13,1,27,7
1487674990,cardioem,0,1,2010,230576,319,0,54,26,1,27,2
1336175876,cardioem,0,1,2010,157880,327,1,56,30,1,86,4
1649372913,cardioem,1,3,2010,141530,328,1,38,8,0,855,4
1013969401,cardioem,1,2,2010,129229,329,1,38,9,1,236,3
1346201407,cardioem,0,1,2010,130999,329,0,54,28,0,168,1
1477590636,cardioem,0,1,2010,130263,329,0,38,11,1,168,1
1508800012,cardioem,0,1,2010,139151,329,1,35,9,1,168,1
1528157468,cardioem,0,1,2010,130263,329,1,40,14,1,168,1
1831276567,cardioem,0,1,2010,130316,330,1,52,32,0,52,2
1215999776,cardioem,0,2,2010,277665,336,0,57,10,1,77,2
1649304114,cardioem,1,2,2010,278438,339,1,55,16,1,90,8
1710916630,cardioem,0,1,2010,277416,340,1,35,11,0,54,1
1811936412,cardioem,1,1,2010,52344,340,1,53,26,1,54,2
1922059146,cardioem,1,1,2010,332454,342,1,44,18,1,20,1
1487738134,cardioem,0,1,2010,332312,343,0,62,36,1,18,1
1750311833,cardioem,0,1,2010,227673,343,0,55,23,1,18,1
1336267707,cardioem,0,1,2010,331944,345,1,32,5,1,14,1
1619180668,cardioem,0,1,2010,331944,345,1,34,11,1,14,1
1255354866,cardioem,1,1,2010,86025,346,1,41,17,1,99,2
1225014756,cardioem,0,1,2010,70729,350,0,44,16,1,37,2
1376588426,cardioem,1,1,2010,85439,350,1,49,14,1,37,3
1093936437,cardioem,1,1,2010,87151,355,0,37,11,0,38,2
1033245311,cardioem,0,1,2010,86243,356,1,35,9,0,439,1
1780695163,cardioem,0,2,2010,81262,356,1,35,10,0,544,4
1285682542,cardioem,1,1,2010,86766,357,0,52,27,1,254,1
1679511091,cardioem,0,1,2010,282418,357,1,55,31,1,254,1
1801090642,cardioem,1,1,2010,327906,363,0,49,23,0,4,1
1851499834,cardioem,1,1,2010,327906,363,1,44,18,0,4,2
1033145859,cardioem,1,2,2010,12664,364,0,42,15,1,357,2
1952565889,cardioem,0,1,2010,132772,364,0,41,6,1,82,1
1184680928,cardioem,0,1,2010,236522,365,1,58,31,1,59,2
1528043528,cardioem,0,1,2010,111993,365,1,37,12,1,59,3
1568437184,cardioem,0,1,2010,214954,365,0,55,29,1,59,3
1730122540,cardioem,0,1,2010,111995,365,0,36,9,1,59,1
1821033085,cardioem,0,1,2010,111995,365,0,61,35,1,59,3
1851383459,cardioem,1,1,2010,101441,365,0,54,28,1,59,1
1124070768,cardioem,0,1,2010,236202,366,1,38,8,1,70,1
1295794691,cardioem,0,1,2010,231709,367,0,63,,1,15,1
1568420107,cardioem,0,2,2010,260469,367,1,40,13,1,100,3
1083704175,cardioem,0,1,2010,235640,368,0,32,5,1,57,1
1245288992,cardioem,0,2,2010,144711,368,1,41,15,1,160,4
1659468783,cardioem,1,1,2010,236487,368,1,35,9,1,57,1
1841497526,cardioem,1,1,2010,236487,368,1,37,6,1,57,1
1285654111,cardioem,1,1,2010,261597,373,0,45,16,1,39,1
1669414090,cardioem,0,2,2010,250169,373,1,56,32,0,49,2
1588682983,cardioem,1,3,2010,260665,375,0,50,10,1,116,5
1073735304,cardioem,1,1,2010,261597,377,1,32,6,1,80,2
1265420301,cardioem,1,1,2010,259287,379,0,63,36,1,80,1
1124150016,cardioem,0,1,2010,260953,380,0,32,4,1,159,1
1144274341,cardioem,0,1,2010,327871,380,0,42,19,0,159,2
1669473716,cardioem,1,1,2010,258598,380,0,36,7,1,159,2
1851396303,cardioem,0,1,2010,260814,380,0,45,14,1,159,1
1871770123,cardioem,0,1,2010,87251,380,0,33,5,1,159,1
1912167669,cardioem,0,1,2010,259440,380,0,37,7,0,159,1
1568412971,cardioem,0,1,2010,283504,383,0,64,,1,17,5
1972591782,cardioem,0,1,2010,285427,383,0,49,23,1,17,1
1346337490,cardioem,0,1,2010,281133,385,1,35,9,0,66,1
1841281862,cardioem,0,1,2010,288965,385,1,45,13,1,66,3
1992798987,cardioem,0,1,2010,279278,385,0,46,18,0,66,5
1316992779,cardioem,0,2,2010,127405,386,0,59,14,0,60,3
1861671364,cardioem,0,1,2010,113695,390,0,35,4,0,29,2
1063614436,cardioem,0,1,2010,73904,391,1,31,7,0,221,1
1295997930,cardioem,0,1,2010,73904,391,0,37,13,0,221,1
1386673747,cardioem,1,1,2010,287745,391,1,37,10,1,221,3
1578786638,cardioem,0,1,2010,291929,391,0,44,4,1,221,1
1861592685,cardioem,0,1,2010,286281,391,0,38,15,0,221,1
1568477321,cardioem,0,1,2010,112913,393,0,52,26,1,40,2
1811918766,cardioem,0,2,2010,111709,393,0,43,10,1,84,12
1184684912,cardioem,0,1,2010,287760,394,0,66,38,1,65,1
1376573014,cardioem,0,1,2010,287760,394,1,37,6,0,65,2
1548284342,cardioem,1,1,2010,44954,394,0,41,19,0,65,1
1598977761,cardioem,0,1,2010,285038,394,1,32,5,0,65,1
1619979614,cardioem,0,1,2010,285236,394,0,44,11,1,65,1
1639323173,cardioem,0,1,2010,285712,394,1,35,10,0,65,1
1689610750,cardioem,0,1,2010,285038,394,1,44,18,0,65,3
1760440531,cardioem,0,1,2010,44762,394,0,45,12,0,65,1
1477654176,cardioem,0,1,2010,55904,396,0,36,13,0,23,4
1023017761,cardioem,0,1,2010,232754,397,0,41,17,0,367,2
1063695328,cardioem,0,1,2010,289014,397,0,42,15,1,367,2
1306874813,cardioem,0,1,2010,268267,397,1,36,10,1,367,1
1396807558,cardioem,0,1,2010,68413,397,1,35,11,0,367,1
1407017486,cardioem,0,1,2010,67615,397,1,31,5,1,367,3
1487850970,cardioem,1,1,2010,288250,397,1,33,7,1,367,1
1538153283,cardioem,0,1,2010,111349,397,1,43,16,1,367,1
1669461778,cardioem,0,1,2010,289598,397,1,38,12,0,367,1
1740448208,cardioem,0,1,2010,243018,397,0,47,5,1,367,2
1841356458,cardioem,0,1,2010,289060,397,0,35,8,0,367,1
1558392779,cardioem,0,1,2010,285376,406,0,44,19,0,13,3
1609823111,cardioem,0,1,2010,285376,406,0,41,14,0,13,2
1104860741,cardioem,1,1,2010,285181,411,0,57,30,1,8,3
1538101571,cardioem,1,1,2010,288633,411,0,41,10,1,8,1
1336180439,cardioem,0,1,2010,281777,412,0,74,48,0,115,1
1376582098,cardioem,0,1,2010,278488,412,0,49,25,1,115,1
1396749727,cardioem,0,2,2010,158842,412,0,47,19,1,123,2
1255323861,cardioem,1,1,2010,281570,413,0,62,38,1,10,1
1770549172,cardioem,1,1,2010,281570,413,1,42,16,1,10,1
1821050626,cardioem,1,1,2010,334967,422,1,40,15,1,32,1
1861555823,cardioem,0,1,2010,342168,423,0,39,4,1,64,1
1588653521,cardioem,0,1,2010,6124,424,0,55,19,1,37,1
1992790067,cardioem,0,1,2010,6110,424,1,54,18,1,37,2
1962646596,cardioem,0,1,2010,113194,426,0,45,14,0,106,2
1700989134,cardioem,0,1,2010,94824,427,0,57,31,1,53,3
1811989023,cardioem,0,1,2010,94824,427,1,42,12,1,53,2
1427048446,cardioem,0,1,2010,222237,428,0,36,9,1,17,1
1730169541,cardioem,1,1,2010,223257,429,1,36,8,1,19,1
1992802722,cardioem,1,1,2010,223257,429,1,36,11,1,19,1
1922157106,cardioem,0,1,2010,221703,430,0,45,8,1,52,1
1184894859,cardioem,0,1,2010,223507,431,0,33,10,0,93,1
1932365053,cardioem,0,1,2010,223365,431,0,34,4,1,93,2
1265405849,cardioem,0,1,2010,222284,432,1,39,9,1,43,1
1780606657,cardioem,0,1,2010,132795,437,0,49,24,1,20,4
1437183928,cardioem,0,1,2010,329768,439,0,37,10,1,123,2
1447351622,cardioem,0,1,2010,124878,439,0,41,14,0,123,2
1487824215,cardioem,0,1,2010,333379,439,1,37,6,1,123,2
1538270541,cardioem,0,1,2010,328896,439,1,47,12,1,123,2
1134344286,cardioem,0,1,2010,330639,440,1,33,6,1,60,2
1457456873,cardioem,0,1,2010,102846,440,0,47,15,1,60,2
1639134943,cardioem,0,1,2010,331188,440,0,47,16,1,60,1
1750302790,cardioem,1,2,2010,329700,440,0,46,21,1,164,3
1801081948,cardioem,1,2,2010,65286,440,0,49,25,0,125,4
1821188640,cardioem,0,1,2010,113428,440,1,50,21,1,60,4
1871544205,cardioem,0,1,2010,317606,440,1,37,12,1,60,1
1912928136,cardioem,0,1,2010,115078,440,1,50,15,1,60,1
1861422123,cardioem,0,1,2010,161811,446,0,54,32,1,14,1
1245320480,cardioem,1,1,2010,161257,447,0,54,13,0,27,1
1265465215,cardioem,0,1,2010,154544,447,1,40,10,1,27,3
1497721054,cardioem,1,1,2010,161257,447,1,51,17,1,27,2
1568448025,cardioem,1,1,2010,161223,447,0,50,24,1,27,1
1124122312,cardioem,1,1,2010,162277,449,1,35,9,1,57,1
1184699761,cardioem,1,1,2010,162277,449,1,38,11,1,57,1
1821055583,cardioem,0,1,2010,106344,449,0,57,17,1,57,1
1992778484,cardioem,0,1,2010,166603,449,0,73,48,1,57,1
1285837708,cardioem,0,1,2010,162437,451,1,32,7,0,153,2
1659498822,cardioem,1,1,2010,162222,451,1,43,9,1,153,1
1720183890,cardioem,1,1,2010,161343,452,1,50,21,1,7,1
1619932639,cardioem,0,1,2010,161374,456,1,40,14,1,9,1
1740235480,cardioem,1,2,2010,293115,457,0,54,13,1,76,4
1750316204,cardioem,0,1,2011,60114,1,1,36,10,1,145,1
1942326590,cardioem,0,1,2011,263595,1,1,45,13,0,145,1
1912100199,cardioem,0,1,2011,263582,2,1,34,6,0,13,3
1043212616,cardioem,0,1,2011,264600,6,1,48,21,1,46,3
1225015381,cardioem,0,1,2011,261133,6,0,44,16,0,46,1
1336301779,cardioem,0,1,2011,61152,7,0,38,14,0,18,1
1366457160,cardioem,0,1,2011,61152,7,1,39,8,1,18,4
1790785756,cardioem,0,1,2011,262084,9,0,45,19,1,8,1
1528068269,cardioem,0,1,2011,324125,11,0,47,21,0,60,1
1548420334,cardioem,0,1,2011,324374,11,0,31,5,0,60,1
1699735167,cardioem,0,1,2011,327648,11,1,51,27,1,60,3
1750328969,cardioem,0,1,2011,116593,11,1,48,17,0,60,1
1801864426,cardioem,0,2,2011,114942,11,0,60,34,1,123,2
1063553543,cardioem,0,1,2011,122356,12,0,35,9,0,198,3
1184867806,cardioem,0,1,2011,243018,12,1,38,12,1,198,1
1376506246,cardioem,0,1,2011,324518,12,0,50,24,1,198,1
1538176912,cardioem,0,1,2011,63293,12,0,43,16,0,198,3
1578590097,cardioem,1,3,2011,102683,12,1,46,17,1,347,5
1720071749,cardioem,1,1,2011,323713,12,1,40,16,1,198,4
1720202211,cardioem,1,1,2011,102683,12,0,39,12,0,198,3
1013927607,cardioem,0,1,2011,323831,15,1,43,15,1,63,5
1760537815,cardioem,0,1,2011,323638,15,1,47,20,1,63,5
1356331854,cardioem,1,1,2011,273294,18,0,38,9,1,18,2
1700826153,cardioem,1,1,2011,94818,19,0,56,31,1,102,2
1518972330,cardioem,0,1,2011,119964,23,1,44,21,1,156,1
1245289420,cardioem,0,1,2011,116781,25,0,61,36,0,39,3
1467403246,cardioem,0,1,2011,255251,31,0,32,8,0,14,5
1174614218,cardioem,0,1,2011,271226,33,1,39,13,0,37,3
1033255021,cardioem,0,1,2011,103595,43,0,50,24,0,34,4
1164458816,cardioem,0,1,2011,121576,56,0,41,8,1,471,4
1164469201,cardioem,0,1,2011,227252,56,0,57,15,0,471,1
1275584898,cardioem,0,1,2011,99949,56,1,43,21,1,471,3
1528030996,cardioem,1,1,2011,340455,56,1,43,11,1,471,2
1699701581,cardioem,0,1,2011,106017,56,0,43,15,0,471,1
1700807609,cardioem,0,1,2011,340551,56,1,39,13,0,471,2
1083689129,cardioem,1,1,2011,99986,65,0,37,13,0,50,1
1972538833,cardioem,0,1,2011,120814,65,0,41,16,0,50,2
1104885300,cardioem,0,1,2011,342209,69,0,59,31,1,29,2
1144370974,cardioem,0,1,2011,342209,69,0,42,10,1,29,2
1184688624,cardioem,0,1,2011,116917,69,0,39,15,1,29,3
1225025760,cardioem,0,1,2011,55732,73,0,54,29,0,15,1
1164448502,cardioem,1,1,2011,270897,77,1,42,17,1,102,2
1306866900,cardioem,1,1,2011,271026,77,1,39,5,1,102,1
1740458629,cardioem,0,1,2011,270731,77,0,35,6,0,102,4
1760568661,cardioem,1,1,2011,270897,77,0,35,9,0,102,2
1760634778,cardioem,1,1,2011,270897,77,0,32,5,0,102,3
1952588592,cardioem,0,1,2011,121357,77,0,58,34,1,102,2
1114016169,cardioem,0,1,2011,333430,78,1,43,11,1,18,1
1568431617,cardioem,0,1,2011,293019,78,1,53,22,1,18,1
1255328886,cardioem,0,1,2011,120402,79,1,40,10,1,76,1
1669605747,cardioem,0,1,2011,258474,79,0,47,,0,76,1
1588780373,cardioem,1,2,2011,122255,80,0,65,34,1,293,3
1992754832,cardioem,0,1,2011,336601,80,0,55,28,0,163,1
1225027709,cardioem,0,1,2011,12030,81,0,65,37,1,79,1
1366487993,cardioem,1,2,2011,123534,82,1,43,19,0,104,6
1477523249,cardioem,0,1,2011,104652,82,0,43,16,0,68,3
1518092857,cardioem,1,1,2011,103638,82,1,58,34,0,68,2
1548341050,cardioem,0,1,2011,291139,83,0,39,13,1,12,3
1649351156,cardioem,0,1,2011,291139,83,1,41,14,1,12,3
1043273469,cardioem,0,1,2011,134295,89,0,62,36,1,23,7
1407844285,cardioem,0,2,2011,134295,89,1,48,11,1,89,4
1629397914,cardioem,0,1,2011,134295,89,1,35,5,1,23,2
1700925211,cardioem,0,1,2011,134295,89,0,37,12,0,23,4
1740262302,cardioem,0,1,2011,114241,89,1,44,18,0,23,1
1780643270,cardioem,0,1,2011,134295,89,0,40,14,0,23,5
1487798021,cardioem,0,1,2011,341774,103,1,48,12,1,92,1
1588625511,cardioem,0,1,2011,120822,103,1,41,14,1,92,3
1609950492,cardioem,1,1,2011,147430,103,1,46,20,1,92,2
1972506160,cardioem,0,1,2011,2140,103,0,42,16,1,92,2
1104879766,cardioem,1,1,2011,293199,104,1,38,14,1,19,1
1205813839,cardioem,1,1,2011,293199,104,0,47,22,1,19,3
1326049016,cardioem,1,1,2011,293199,104,1,37,10,1,19,1
1285662957,cardioem,1,2,2011,316403,105,0,40,9,1,126,3
1376685222,cardioem,0,1,2011,283999,105,0,58,31,1,15,5
1518050301,cardioem,0,1,2011,327705,106,0,41,14,1,13,1
1811982788,cardioem,0,1,2011,327705,106,0,38,12,1,13,1
1457573586,cardioem,0,2,2011,11689,109,0,37,4,0,194,4
1518100072,cardioem,0,1,2011,15802,109,0,51,5,1,65,1
1164414298,cardioem,1,2,2011,78699,110,1,45,20,0,378,4
1396943080,cardioem,0,1,2011,161257,110,0,41,13,0,142,2
1780884569,cardioem,0,1,2011,16941,110,0,42,7,1,142,2
1386639268,cardioem,1,3,2011,65500,111,1,38,13,1,385,10
1396724134,cardioem,1,1,2011,113226,111,0,55,28,1,109,1
1447275607,cardioem,1,1,2011,16150,111,1,43,17,1,109,1
1881806578,cardioem,0,1,2011,217717,113,1,34,8,1,206,2
1902808835,cardioem,0,1,2011,217717,113,1,40,16,0,206,2
1376536862,cardioem,0,1,2011,253288,115,1,49,23,0,26,1
1417034810,cardioem,0,1,2011,247490,115,1,61,28,1,26,10
1386704856,cardioem,0,1,2011,252702,116,0,49,25,0,37,1
1952301699,cardioem,0,2,2011,285674,116,0,50,24,1,70,3
1013099761,cardioem,1,1,2011,266059,118,1,44,13,1,220,2
1093807752,cardioem,0,1,2011,267473,118,0,50,23,1,220,1
1629080023,cardioem,1,1,2011,266011,118,1,43,15,1,220,1
1033100342,cardioem,1,1,2011,137165,119,0,46,21,1,78,3
1275735367,cardioem,1,1,2011,111155,119,0,31,5,0,78,2
1437176005,cardioem,0,1,2011,118719,119,0,50,12,1,78,1
1447285713,cardioem,0,1,2011,117729,119,1,63,16,1,78,2
1639127996,cardioem,0,1,2011,117555,119,0,42,8,1,78,4
1649223470,cardioem,1,1,2011,137165,119,0,45,15,1,78,3
1700804135,cardioem,0,1,2011,266127,119,1,38,9,1,78,1
1861475717,cardioem,1,1,2011,137165,119,0,54,,1,78,3
1922055375,cardioem,1,1,2011,137165,119,0,64,36,1,78,5
1164503587,cardioem,1,1,2011,247871,120,0,53,22,1,30,3
1831157668,cardioem,1,1,2011,247871,120,0,57,30,0,30,2
1538163332,cardioem,0,1,2011,117917,122,1,34,8,1,43,1
1033318928,cardioem,1,1,2011,247568,123,0,34,6,1,99,1
1891901674,cardioem,1,1,2011,116043,123,1,32,5,1,99,2
1982635652,cardioem,1,1,2011,251662,123,0,42,12,1,99,1
1871518381,cardioem,0,1,2011,5030,124,1,45,21,1,14,1
1427099456,cardioem,1,1,2011,264635,127,0,60,34,1,271,1
1740270370,cardioem,1,2,2011,267187,127,0,48,13,1,442,2
1073694923,cardioem,1,1,2011,247175,130,1,34,8,0,251,2
1083743637,cardioem,1,1,2011,251285,130,1,31,5,1,251,2
1093832974,cardioem,1,1,2011,251699,130,0,43,19,0,251,2
1427015775,cardioem,0,1,2011,57218,130,1,51,11,1,251,1
1477552917,cardioem,0,1,2011,340642,130,0,42,13,1,251,1
1619996436,cardioem,0,1,2011,292274,130,0,36,8,0,251,2
1669421418,cardioem,1,1,2011,251285,130,0,54,30,1,251,5
1932186558,cardioem,0,1,2011,118044,130,0,48,14,1,251,3
1164532925,cardioem,0,1,2011,49391,131,0,50,24,1,29,1
1851484174,cardioem,0,1,2011,311225,131,1,39,11,1,29,3
1730220070,cardioem,0,2,2011,117778,133,0,29,6,1,15,2
1154562593,cardioem,0,1,2011,247152,134,0,42,10,1,42,4
1154582047,cardioem,0,1,2011,18211,134,1,38,7,1,42,1
1316960040,cardioem,0,1,2011,248967,134,0,36,7,1,42,1
1326046244,cardioem,0,1,2011,247152,134,0,43,13,1,42,2
1386889574,cardioem,0,1,2011,108461,134,0,49,5,1,42,2
1639150444,cardioem,0,1,2011,110328,134,1,46,14,1,42,1
1932283389,cardioem,0,1,2011,31608,134,0,66,40,1,42,3
1285691055,cardioem,0,1,2011,110522,137,1,56,33,1,56,3
1336133842,cardioem,0,1,2011,265893,137,1,38,14,1,56,2
1376626697,cardioem,0,1,2011,55866,137,0,54,28,1,56,2
1558451849,cardioem,0,1,2011,55866,137,0,41,15,1,56,1
1619928231,cardioem,1,1,2011,266661,137,1,45,18,1,56,2
1740260819,cardioem,0,1,2011,118464,137,0,44,12,1,56,1
1811956683,cardioem,0,1,2011,265893,137,1,45,16,1,56,3
1922186485,cardioem,0,1,2011,267003,137,1,54,27,0,56,2
1649495276,cardioem,0,1,2011,7231,139,0,39,10,0,32,2
1114199171,cardioem,0,1,2011,127905,140,1,60,37,0,25,1
1174728653,cardioem,0,1,2011,252943,141,0,33,7,1,80,7
1275764169,cardioem,0,1,2011,249801,141,1,39,13,0,80,2
1659497303,cardioem,0,1,2011,121195,141,0,44,10,1,80,2
1760653125,cardioem,0,1,2011,261013,141,0,31,6,0,80,1
1962475384,cardioem,1,1,2011,251085,141,1,37,10,0,80,5
1013139906,cardioem,0,1,2011,241239,144,0,64,25,1,322,1
1124299177,cardioem,0,1,2011,243051,144,0,56,28,0,322,4
1205092921,cardioem,0,1,2011,59559,144,0,45,6,0,322,1
1588815674,cardioem,0,1,2011,241239,144,0,37,11,1,322,2
1649224114,cardioem,1,1,2011,241181,144,1,49,25,1,322,2
1760687131,cardioem,0,1,2011,258598,144,0,52,18,1,322,2
1770588196,cardioem,0,1,2011,242134,144,1,36,12,0,322,1
1770594475,cardioem,1,3,2011,231198,144,1,37,10,1,409,6
1821284126,cardioem,0,1,2011,98097,144,1,45,21,1,322,2
1831147578,cardioem,0,1,2011,119335,144,1,43,16,1,322,4
1972799062,cardioem,0,1,2011,240593,144,1,38,13,1,322,1
1659385979,cardioem,0,1,2011,120124,146,1,40,13,1,13,1
1184678435,cardioem,0,1,2011,236363,149,0,65,39,1,39,4
1760476980,cardioem,0,1,2011,92821,149,0,64,35,1,39,2
1952301939,cardioem,0,1,2011,236676,149,0,44,19,1,39,2
1982650883,cardioem,1,2,2011,242897,149,1,46,18,1,63,4
1730113929,cardioem,1,1,2011,331353,150,0,40,11,1,56,3
1245206648,cardioem,0,3,2011,58920,151,0,42,15,1,78,5
1437198884,cardioem,1,1,2011,302804,151,1,46,19,1,30,2
1891705182,cardioem,0,1,2011,149522,154,0,44,19,0,9,1
1558345165,cardioem,1,1,2011,145950,155,1,57,31,1,69,1
1316904279,cardioem,0,1,2011,116722,156,0,47,22,0,181,2
1770773871,cardioem,0,1,2011,276081,156,1,35,11,0,181,2
1811063761,cardioem,0,1,2011,328294,156,0,44,22,0,181,1
1447246822,cardioem,0,2,2011,148823,163,0,50,24,1,88,3
1104096940,cardioem,0,1,2011,148563,164,1,37,11,0,36,1
1205846128,cardioem,1,2,2011,149851,164,1,41,16,0,57,2
1114991163,cardioem,0,1,2011,152062,170,0,62,20,1,33,3
1124052030,cardioem,1,1,2011,152081,172,0,41,14,1,44,5
1326178302,cardioem,1,2,2011,152322,172,0,42,17,0,142,2
1558359240,cardioem,1,1,2011,152112,173,1,54,29,1,24,2
1083673594,cardioem,0,1,2011,142835,183,0,38,10,0,178,1
1386816403,cardioem,0,1,2011,142149,183,0,37,6,1,178,2
1548286206,cardioem,0,2,2011,143660,183,0,44,18,1,276,4
1831105808,cardioem,0,2,2011,142759,183,0,39,11,1,204,9
1376591958,cardioem,0,1,2011,143011,186,0,43,16,0,24,1
1053303479,cardioem,1,1,2011,141866,187,0,36,9,1,36,4
1306057724,cardioem,1,1,2011,141839,187,1,32,5,1,36,1
1578689493,cardioem,1,2,2011,141984,187,0,48,11,1,207,5
1326000290,cardioem,1,1,2011,167080,192,1,59,33,1,17,2
1982608741,cardioem,1,1,2011,166698,193,0,60,32,1,6,1
1720055049,cardioem,1,2,2011,168268,194,1,66,7,1,276,2
1770725202,cardioem,1,1,2011,166849,194,0,31,4,1,26,2
1033319256,cardioem,1,2,2011,166616,197,0,32,4,1,59,2
1316907819,cardioem,0,1,2011,132083,201,0,43,11,0,59,1
1770553794,cardioem,0,1,2011,211831,201,0,42,15,1,59,1
1255383881,cardioem,0,2,2011,131964,204,1,34,8,1,171,7
1467403451,cardioem,0,1,2011,256941,204,0,40,14,1,84,1
1912959248,cardioem,1,1,2011,256560,204,0,49,22,1,84,2
1588858914,cardioem,1,1,2011,122262,205,0,38,13,0,93,1
1740248806,cardioem,1,1,2011,256607,205,0,49,23,1,93,1
1184880379,cardioem,0,2,2011,288631,209,1,34,10,1,438,5
1487823506,cardioem,0,1,2011,6533,210,0,35,6,1,37,1
1003819152,cardioem,1,1,2011,274021,218,1,58,14,1,53,2
1265488720,cardioem,1,1,2011,274021,218,0,41,15,1,53,1
1407851181,cardioem,1,1,2011,274021,218,0,49,22,1,53,2
1427014612,cardioem,1,1,2011,274021,218,0,73,47,1,53,1
1477595932,cardioem,1,2,2011,274021,218,0,46,20,1,95,5
1508814203,cardioem,1,1,2011,274021,218,0,62,33,1,53,2
1528090198,cardioem,1,1,2011,274021,218,1,54,29,0,53,1
1639107113,cardioem,1,1,2011,274021,218,0,54,28,1,53,2
1730179839,cardioem,1,1,2011,274021,218,0,37,10,1,53,3
1811928112,cardioem,1,2,2011,274021,218,0,46,21,1,95,6
1851347710,cardioem,1,1,2011,274021,218,0,52,25,1,53,2
1952359028,cardioem,1,1,2011,274021,218,0,40,14,1,53,1
1386665479,cardioem,0,1,2011,1078,222,1,33,9,1,72,3
1710096888,cardioem,1,1,2011,557,222,1,37,8,0,72,1
1821233230,cardioem,0,1,2011,1010,222,1,52,6,1,72,2
1841383940,cardioem,1,1,2011,566,222,1,49,27,1,72,2
1881787984,cardioem,1,1,2011,566,222,0,52,23,1,72,1
1689684177,cardioem,0,1,2011,92843,226,0,57,24,0,51,2
1376535534,cardioem,1,1,2011,9259,227,1,47,15,1,450,1
1407924947,cardioem,1,1,2011,9103,227,1,45,22,1,450,2
1588666358,cardioem,0,1,2011,10346,227,1,58,19,1,450,1
1659318459,cardioem,0,1,2011,58814,227,0,62,30,1,450,1
1700988078,cardioem,1,1,2011,118578,227,0,45,19,0,450,1
1760565873,cardioem,1,1,2011,118578,227,0,33,5,1,450,3
1831160860,cardioem,1,1,2011,10235,227,1,59,12,1,450,2
1982804241,cardioem,1,1,2011,10235,227,0,33,5,0,450,1
1174698542,cardioem,0,1,2011,10179,230,0,65,39,1,53,1
1386663243,cardioem,0,1,2011,8793,230,0,52,25,0,53,2
1669578712,cardioem,1,1,2011,8482,231,1,36,13,0,63,1
1861408452,cardioem,1,1,2011,8482,231,1,43,17,0,63,3
1033147699,cardioem,1,1,2011,155167,232,1,55,10,0,95,1
1568636629,cardioem,0,1,2011,127189,233,0,39,12,1,31,2
1699861088,cardioem,1,2,2011,119871,234,0,53,27,1,138,4
1912910696,cardioem,0,2,2011,120338,234,0,44,17,1,166,3
1982644803,cardioem,1,1,2011,119871,234,0,49,10,1,119,1
1841290970,cardioem,0,1,2011,157393,235,0,44,16,1,32,2
1073603791,cardioem,1,1,2011,157933,238,1,37,11,1,26,5
1992983209,cardioem,0,1,2011,157151,238,0,42,5,1,26,1
1245308857,cardioem,1,1,2011,154621,239,1,34,8,1,49,2
1700816204,cardioem,1,1,2011,154652,239,0,75,,,49,9
1841396710,cardioem,0,1,2011,154595,240,1,37,13,0,11,2
1114982659,cardioem,1,1,2011,158932,244,1,45,19,0,17,1
1154314136,cardioem,0,1,2011,257753,244,1,46,22,1,17,2
1215917760,cardioem,1,1,2011,158932,244,0,49,23,1,17,1
1255391397,cardioem,1,1,2011,158932,244,1,49,23,1,17,1
1336119437,cardioem,1,1,2011,158932,244,1,48,38,1,17,1
1336203603,cardioem,1,1,2011,158932,244,0,46,14,0,17,1
1437112166,cardioem,1,1,2011,158932,244,0,52,26,1,17,3
1689638694,cardioem,1,2,2011,158932,244,0,55,29,1,121,2
1750351920,cardioem,1,1,2011,158932,244,0,59,33,1,17,2
1831152560,cardioem,1,1,2011,158932,244,0,54,26,1,17,2
1841272275,cardioem,1,1,2011,158932,244,0,61,34,1,17,1
1861456071,cardioem,1,1,2011,158932,244,0,55,23,1,17,1
1932163276,cardioem,1,1,2011,158932,244,0,57,30,1,17,2
1942279260,cardioem,1,1,2011,158932,244,0,48,16,1,17,1
1386745768,cardioem,1,2,2011,158504,246,0,41,12,1,136,2
1184608184,cardioem,0,1,2011,164692,251,1,43,14,1,188,1
1497763700,cardioem,0,1,2011,164699,251,0,46,21,0,188,1
1932171188,cardioem,1,1,2011,164180,251,1,42,11,0,188,1
1902003882,cardioem,1,1,2011,166294,253,1,31,4,1,104,1
1780664631,cardioem,1,1,2011,164759,254,1,42,16,0,17,2
1861658874,cardioem,1,2,2011,164699,256,1,42,17,0,257,3
1437213345,cardioem,0,2,2011,261942,260,0,76,49,1,25,5
1275582058,cardioem,1,1,2011,170661,263,0,55,32,1,7,2
1891714531,cardioem,0,1,2011,170474,263,0,56,27,1,7,4
1003882200,cardioem,0,1,2011,172252,264,0,53,30,1,42,1
1720046881,cardioem,1,1,2011,327633,264,0,41,12,1,42,1
1043310121,cardioem,1,1,2011,169975,267,1,39,12,1,16,4
1336216738,cardioem,0,1,2011,132717,268,1,38,13,1,146,1
1639369960,cardioem,1,1,2011,172245,268,0,36,12,0,146,3
1538159421,cardioem,0,1,2011,224934,270,0,37,9,1,23,2
1013973213,cardioem,0,1,2011,276182,273,0,35,11,0,202,1
1447216239,cardioem,0,1,2011,149358,273,0,46,21,0,202,1
1467414268,cardioem,0,1,2011,67088,273,1,36,10,1,202,3
1700877032,cardioem,0,1,2011,157880,273,1,54,29,1,202,2
1861418923,cardioem,1,2,2011,169926,273,1,35,9,0,607,2
1992797880,cardioem,1,1,2011,169994,273,1,37,11,1,202,3
1043269897,cardioem,1,1,2011,294470,274,0,35,8,1,19,1
1366488413,cardioem,1,2,2011,294468,274,0,51,22,1,43,2
1689891806,cardioem,1,1,2011,294468,274,1,34,7,1,19,3
1770609596,cardioem,1,1,2011,294477,276,0,49,20,1,22,1
1891803896,cardioem,0,1,2011,53836,277,0,45,18,1,23,1
1275755001,cardioem,0,1,2011,324430,279,1,36,8,1,101,1
1366467888,cardioem,0,1,2011,52361,279,1,51,24,1,101,1
1588661631,cardioem,1,1,2011,326497,279,0,65,41,0,101,1
1598830416,cardioem,1,1,2011,326497,279,0,51,24,0,101,1
1669404422,cardioem,1,1,2011,6065,281,0,40,9,1,19,1
1235248899,cardioem,1,1,2011,78799,282,0,37,7,1,50,1
1710976105,cardioem,1,1,2011,78647,282,0,58,32,1,50,1
1184821597,cardioem,0,1,2011,78802,283,1,34,6,1,307,1
1215998364,cardioem,1,2,2011,82707,283,0,42,15,1,519,6
1801970215,cardioem,0,1,2011,80119,283,0,39,7,1,307,1
1881675007,cardioem,0,1,2011,119520,283,0,63,41,1,307,3
1912110636,cardioem,0,1,2011,114272,283,0,60,31,1,307,8
1265437339,cardioem,0,1,2011,62148,284,1,46,20,0,129,1
1477726370,cardioem,0,1,2011,60864,284,0,40,17,1,129,1
1487665717,cardioem,0,1,2011,99976,284,0,48,22,1,129,1
1659323970,cardioem,0,1,2011,78583,284,0,56,31,1,129,2
1922267012,cardioem,0,1,2011,121169,288,1,36,10,0,111,1
1417917717,cardioem,0,1,2011,114953,289,0,48,24,0,127,1
1639331804,cardioem,0,1,2011,122649,291,0,33,4,1,21,1
1003117698,cardioem,0,1,2011,321408,293,0,30,3,0,75,1
1043360035,cardioem,1,1,2011,64475,293,0,48,20,1,75,4
1154394799,cardioem,1,1,2011,64475,293,0,43,16,0,75,3
1457579963,cardioem,0,1,2011,321708,293,1,31,5,1,75,1
1477629467,cardioem,1,1,2011,64475,293,1,39,13,1,75,2
1598702169,cardioem,1,1,2011,321313,293,1,44,14,0,75,5
1598849796,cardioem,0,1,2011,323480,293,1,36,7,1,75,1
1639264807,cardioem,0,1,2011,44785,293,1,38,11,1,75,2
1700947744,cardioem,1,1,2011,64475,293,0,53,26,0,75,3
1972569226,cardioem,0,1,2011,321319,293,0,58,32,1,75,1
1619060829,cardioem,1,1,2011,38235,295,1,56,28,1,144,1
1780678169,cardioem,0,1,2011,44233,295,0,57,31,1,144,1
1306877972,cardioem,1,1,2011,33412,297,0,39,13,0,106,2
1356383152,cardioem,1,2,2011,242715,297,1,46,21,0,511,3
1659452241,cardioem,0,1,2011,164949,297,1,35,11,1,106,1
1356371272,cardioem,0,1,2011,42643,299,0,48,17,1,82,2
1508820242,cardioem,0,1,2011,214898,299,1,33,7,1,82,1
1275695793,cardioem,1,1,2011,49551,300,1,36,9,1,26,2
1356377790,cardioem,0,1,2011,29557,301,1,34,8,0,457,1
1376545061,cardioem,0,2,2011,283910,301,0,68,46,1,525,3
1316940489,cardioem,0,1,2011,111089,303,0,50,24,1,517,3
1982640108,cardioem,1,2,2011,80779,303,1,35,8,1,1069,7
1992958599,cardioem,0,1,2011,29544,303,1,41,,1,517,1
1265467989,cardioem,0,1,2011,42605,304,0,42,16,1,78,1
1780640284,cardioem,1,3,2011,65603,304,0,61,35,1,306,8
1902910482,cardioem,0,1,2011,42637,304,0,31,5,1,78,2
1629277637,cardioem,0,1,2011,44109,307,1,36,10,1,60,3
1396841086,cardioem,1,1,2011,34935,308,1,34,12,0,121,2
1962573220,cardioem,0,2,2011,101855,308,0,36,12,0,618,2
1053480962,cardioem,0,1,2011,229417,309,0,40,15,0,30,1
1659456564,cardioem,0,1,2011,229493,309,1,44,11,1,30,2
1053371716,cardioem,0,3,2011,229451,311,1,51,24,1,221,6
1326253162,cardioem,1,1,2011,232664,311,1,33,7,1,85,2
1356332779,cardioem,0,1,2011,236557,311,1,49,9,1,85,1
1497705222,cardioem,1,2,2011,69790,311,1,48,7,1,172,3
1992770515,cardioem,0,1,2011,231320,311,0,35,9,1,85,2
1508028325,cardioem,1,1,2011,230929,312,1,32,4,1,112,1
1649462987,cardioem,0,2,2011,97635,312,0,31,7,0,146,2
1871631341,cardioem,0,1,2011,231350,312,1,46,23,0,112,1
1972559896,cardioem,0,1,2011,231350,312,1,36,15,1,112,2
1396945317,cardioem,0,1,2011,50987,314,1,34,7,1,46,1
1639195019,cardioem,0,1,2011,122894,314,0,45,20,0,46,2
1811977077,cardioem,0,1,2011,230110,314,1,49,19,1,46,2
1013084508,cardioem,0,1,2011,44805,318,1,62,28,1,85,2
1033175401,cardioem,1,3,2011,232302,318,0,41,17,0,264,5
1063629392,cardioem,0,1,2011,232521,318,0,37,6,1,85,1
1336348697,cardioem,0,1,2011,122298,318,1,34,11,1,85,1
1588872964,cardioem,0,1,2011,123331,318,0,34,6,1,85,1
1952483356,cardioem,0,1,2011,215001,318,1,36,10,0,85,1
1326125840,cardioem,0,2,2011,229401,319,1,53,11,1,95,2
1356532659,cardioem,0,1,2011,229861,319,1,59,9,1,26,3
1598853939,cardioem,0,1,2011,238009,319,0,47,14,1,26,3
1609873009,cardioem,1,1,2011,231832,319,1,57,24,1,26,2
1639240617,cardioem,0,1,2011,229861,319,0,64,38,1,26,4
1861406423,cardioem,0,1,2011,67722,319,1,37,8,1,26,2
1649214545,cardioem,1,1,2011,82968,320,1,40,15,1,71,2
1811015704,cardioem,1,1,2011,82968,320,1,33,7,1,71,1
1164581625,cardioem,1,1,2011,330446,322,1,34,12,0,15,1
1417068628,cardioem,0,1,2011,30290,322,0,53,25,1,15,1
1962529446,cardioem,1,1,2011,330446,322,1,35,7,1,15,1
1962608646,cardioem,1,4,2011,184714,322,0,35,8,0,228,6
1902912157,cardioem,1,2,2011,140344,325,0,52,27,1,88,2
1588666978,cardioem,1,2,2011,57734,327,0,53,27,1,99,2
1376723684,cardioem,0,1,2011,23202,329,0,36,4,1,174,1
1578677498,cardioem,0,1,2011,70315,330,1,40,,1,45,2
1508058900,cardioem,1,1,2011,257446,334,0,35,12,1,66,1
1770683658,cardioem,1,2,2011,140056,335,0,39,11,1,52,4
1316197999,cardioem,0,1,2011,277425,336,0,36,10,0,5,1
1376570887,cardioem,1,1,2011,276747,340,0,52,22,1,55,1
1548499429,cardioem,0,1,2011,277056,340,1,34,9,1,55,1
1124088687,cardioem,1,1,2011,272205,341,0,56,30,1,9,2
1275519175,cardioem,1,2,2011,332454,342,1,41,13,0,184,3
1477583722,cardioem,0,1,2011,121533,342,0,37,10,1,22,1
1508841974,cardioem,1,1,2011,332454,342,0,37,10,1,22,2
1720007412,cardioem,0,1,2011,330540,342,1,51,21,0,22,1
1558360180,cardioem,0,2,2011,63079,343,1,59,18,1,91,5
1912989799,cardioem,1,1,2011,333136,343,1,51,10,1,17,2
1386644417,cardioem,1,1,2011,331919,344,0,43,15,1,117,3
1487659157,cardioem,1,1,2011,328959,344,1,41,14,1,117,1
1538261573,cardioem,1,1,2011,101654,344,1,40,15,0,117,1
1043242001,cardioem,0,1,2011,331944,345,0,35,8,1,10,2
1164406336,cardioem,0,1,2011,332264,345,1,53,20,1,10,1
1700046596,cardioem,0,1,2011,232762,345,0,34,6,1,10,2
1205097706,cardioem,0,2,2011,87190,346,1,34,7,1,193,2
1508871070,cardioem,0,1,2011,85204,346,0,46,21,1,104,2
1336391721,cardioem,1,1,2011,44187,351,1,32,8,0,34,3
1891936522,cardioem,0,1,2011,88762,351,0,35,5,1,34,2
1841253119,cardioem,0,1,2011,90134,352,0,58,29,1,70,1
1518173558,cardioem,1,1,2011,87151,355,1,31,8,0,40,2
1245222991,cardioem,0,1,2011,165868,356,0,49,20,1,437,3
1255302246,cardioem,0,1,2011,83971,356,0,44,10,1,437,2
1275720856,cardioem,0,1,2011,86654,356,0,32,5,1,437,1
1528145208,cardioem,0,1,2011,69938,356,0,44,11,0,437,2
1487622288,cardioem,0,1,2011,138235,357,0,58,32,1,249,2
1508881954,cardioem,1,1,2011,90019,357,0,39,14,1,249,1
1740246107,cardioem,0,1,2011,130833,357,1,58,20,1,249,2
1457509200,cardioem,0,1,2011,327714,365,1,32,5,0,62,3
1538183884,cardioem,0,1,2011,238009,365,0,44,18,1,62,2
1619084308,cardioem,0,1,2011,121797,365,1,41,12,1,62,3
1861416281,cardioem,0,1,2011,123530,365,0,34,12,0,62,3
1871710152,cardioem,0,1,2011,293740,365,0,41,7,1,62,1
1134235336,cardioem,0,1,2011,327295,366,1,37,11,0,68,2
1407036734,cardioem,0,1,2011,327295,366,1,30,5,1,68,1
1881890390,cardioem,0,1,2011,260469,367,1,34,11,0,19,1
1740247279,cardioem,1,1,2011,236487,368,0,56,31,1,59,2
1154527679,cardioem,0,1,2011,64224,369,1,37,9,0,9,2
1811998271,cardioem,0,1,2011,101993,369,0,42,19,1,9,2
1790729572,cardioem,1,1,2011,261597,373,0,49,21,1,43,1
1033104047,cardioem,0,1,2011,53187,375,1,42,15,1,21,1
1134136351,cardioem,1,1,2011,230786,375,0,51,22,1,21,1
1427251123,cardioem,0,1,2011,229384,375,0,37,8,0,21,1
1659374601,cardioem,0,1,2011,259708,376,1,42,16,1,33,3
1700965035,cardioem,1,1,2011,260149,376,1,43,15,1,33,1
1740372267,cardioem,0,1,2011,259708,376,0,36,10,1,33,2
1275793341,cardioem,1,1,2011,130939,377,1,35,11,0,80,1
1356348411,cardioem,0,1,2011,260269,377,0,44,14,0,80,3
1407891187,cardioem,1,1,2011,260163,377,1,34,8,1,80,2
1013095603,cardioem,1,2,2011,258598,380,0,53,27,1,210,2
1083622575,cardioem,0,1,2011,6934,380,0,47,15,1,171,2
1285603316,cardioem,0,1,2011,260049,380,1,42,14,1,171,3
1326115577,cardioem,0,1,2011,273421,380,1,37,12,0,171,3
1790708097,cardioem,0,1,2011,63336,380,0,50,23,1,171,1
1881642791,cardioem,0,1,2011,115604,380,0,57,31,1,171,3
1578525382,cardioem,0,1,2011,285257,382,0,39,12,1,10,6
1851595698,cardioem,0,1,2011,293720,382,0,43,20,1,10,1
1700822004,cardioem,0,1,2011,284282,383,1,38,12,1,18,5
1114952744,cardioem,1,1,2011,107623,385,1,47,22,1,59,1
1427048149,cardioem,0,1,2011,281098,385,1,38,12,1,59,3
1508895996,cardioem,0,1,2011,279278,385,0,38,11,1,59,4
1558378893,cardioem,0,1,2011,280598,385,0,43,14,1,59,1
1558567750,cardioem,0,1,2011,280867,385,1,35,10,0,59,3
1134270309,cardioem,1,1,2011,288755,386,0,49,24,0,18,2
1174528061,cardioem,1,1,2011,282879,391,1,54,14,0,230,1
1225220940,cardioem,0,1,2011,285446,391,1,39,14,0,230,1
1457491227,cardioem,1,1,2011,285000,391,1,36,8,1,230,3
1851345391,cardioem,0,1,2011,330839,391,1,43,16,1,230,7
1922194992,cardioem,0,1,2011,118669,391,0,42,17,0,230,1
1205802956,cardioem,0,1,2011,50135,393,1,53,26,1,43,1
1285631580,cardioem,1,1,2011,321318,393,0,58,32,1,43,2
1457381394,cardioem,1,1,2011,70591,393,0,34,8,1,43,3
1073591848,cardioem,0,1,2011,285712,394,0,59,20,1,69,1
1649300351,cardioem,1,1,2011,282818,394,0,43,12,1,69,2
1780734582,cardioem,0,1,2011,111011,394,0,35,8,1,69,1
1871770891,cardioem,1,2,2011,285712,394,1,33,6,1,132,4
1063586303,cardioem,0,1,2011,124275,396,0,61,32,0,22,1
1063623080,cardioem,0,1,2011,68413,397,1,42,8,0,375,1
1124031281,cardioem,1,1,2011,278684,397,1,39,13,0,375,3
1255317079,cardioem,0,1,2011,58163,397,1,35,9,1,375,1
1265468326,cardioem,1,1,2011,288633,397,0,45,19,0,375,2
1265478408,cardioem,1,2,2011,288633,397,1,46,19,1,385,2
1265755813,cardioem,0,1,2011,61954,397,0,47,24,0,375,1
1275586778,cardioem,0,1,2011,68413,397,1,37,9,0,375,3
1326075532,cardioem,1,2,2011,288633,397,0,46,19,1,385,2
1487867669,cardioem,1,1,2011,278684,397,0,35,10,0,375,2
1518073121,cardioem,0,1,2011,176055,397,0,47,18,1,375,2
1619957636,cardioem,1,1,2011,278684,397,1,50,14,1,375,1
1639170202,cardioem,1,1,2011,287789,397,1,39,13,1,375,2
1649491697,cardioem,0,1,2011,121477,397,1,49,26,0,375,3
1699779348,cardioem,1,2,2011,288633,397,0,39,10,1,385,3
1780763623,cardioem,0,1,2011,280578,397,0,87,,1,375,6
1932183530,cardioem,0,1,2011,75177,397,0,41,9,0,375,1
1932385911,cardioem,0,1,2011,289499,397,0,41,14,0,375,2
1467689158,cardioem,1,3,2011,283001,399,1,37,13,1,33,10
1417923178,cardioem,1,1,2011,37113,406,0,40,,,14,3
1801839170,cardioem,0,1,2011,284435,406,0,51,21,0,14,2
1467645648,cardioem,0,1,2011,281764,412,0,43,19,0,101,1
1922040245,cardioem,1,2,2011,278529,412,0,45,13,0,203,9
1942205919,cardioem,0,1,2011,117586,412,1,56,28,1,101,1
1093724882,cardioem,0,1,2011,284933,413,0,36,9,1,19,2
1376564153,cardioem,1,1,2011,281570,413,0,39,13,0,19,1
1669654133,cardioem,1,1,2011,281570,413,1,31,7,0,19,2
1760447031,cardioem,1,2,2011,281570,413,0,44,17,0,34,5
1154326544,cardioem,1,1,2011,285243,416,0,38,12,1,21,1
1235219270,cardioem,0,2,2011,285094,416,0,60,36,0,89,11
1922273176,cardioem,0,1,2011,173691,417,0,34,11,0,7,4
1710957980,cardioem,1,1,2011,334967,422,0,61,29,0,45,1
1043492127,cardioem,0,1,2011,115019,424,0,43,15,1,37,1
1245240753,cardioem,1,1,2011,78702,424,1,37,8,1,37,2
1619133683,cardioem,1,1,2011,78702,424,1,45,6,1,37,3
1720039704,cardioem,0,1,2011,76982,424,0,48,10,1,37,1
1144388794,cardioem,0,1,2011,121380,426,0,40,8,0,109,5
1366502429,cardioem,0,1,2011,113665,426,1,57,32,1,109,2
1720011224,cardioem,0,1,2011,217325,426,1,49,21,0,109,3
1841424074,cardioem,0,1,2011,131252,426,0,34,4,0,109,3
1609973627,cardioem,1,1,2011,221676,427,0,38,10,1,55,1
1649223181,cardioem,0,1,2011,94824,427,0,34,8,1,55,2
1649234048,cardioem,1,1,2011,221676,427,1,57,33,1,55,1
1962421636,cardioem,0,1,2011,217224,429,0,45,17,1,19,1
1144281122,cardioem,0,1,2011,48178,430,0,45,12,1,50,1
1881608248,cardioem,1,2,2011,63342,430,1,38,11,1,169,3
1225228869,cardioem,0,1,2011,223444,431,1,39,11,0,95,1
1508838731,cardioem,0,1,2011,293447,431,1,51,26,0,95,2
1982670360,cardioem,0,1,2011,293515,431,0,45,12,1,95,3
1164432381,cardioem,1,1,2011,17977,432,1,55,17,1,43,3
1972648103,cardioem,0,1,2011,222859,435,0,38,7,0,16,1
1215964614,cardioem,1,1,2011,328893,439,0,40,10,1,121,1
1457367997,cardioem,0,1,2011,113635,439,1,39,9,0,121,1
1528068483,cardioem,1,1,2011,329994,439,0,50,16,0,121,4
1679754592,cardioem,0,2,2011,108320,439,1,32,5,1,182,2
1801821707,cardioem,0,1,2011,113635,439,0,52,,,121,1
1922193069,cardioem,1,1,2011,328896,439,0,55,24,1,121,1
1942284831,cardioem,1,1,2011,330791,439,0,47,14,1,121,1
1063412534,cardioem,1,1,2011,302815,440,0,54,9,1,63,1
1467624155,cardioem,1,2,2011,329700,440,1,56,29,1,128,3
1518925106,cardioem,0,1,2011,329696,441,1,51,19,1,22,1
1033186283,cardioem,0,1,2011,318444,442,0,51,21,1,10,1
1992861603,cardioem,0,2,2011,48480,442,1,44,13,0,51,3
1366612566,cardioem,1,2,2011,255527,444,0,35,4,1,78,3
1518184217,cardioem,1,2,2011,255527,444,0,35,9,1,285,4
1932123205,cardioem,0,2,2011,72329,444,0,36,13,1,199,3
1336127240,cardioem,1,1,2011,161278,447,0,35,7,1,31,1
1558478370,cardioem,1,2,2011,161278,447,1,57,28,1,82,2
1124071865,cardioem,1,3,2011,161245,449,0,41,16,1,97,3
1164561171,cardioem,1,1,2011,162277,449,0,34,7,1,58,2
1689781791,cardioem,1,1,2011,161314,449,0,49,20,1,58,2
1720170210,cardioem,0,1,2011,242911,449,1,59,28,1,58,3
1316156227,cardioem,0,1,2011,162315,450,0,38,6,1,13,3
1043211451,cardioem,1,1,2011,161212,451,1,39,12,0,159,3
1396902219,cardioem,0,1,2011,161542,451,1,31,4,1,159,2
1063510659,cardioem,1,2,2011,310872,457,1,36,10,0,17,2
1720188972,cardioem,0,1,2011,311041,457,0,41,14,1,6,1
1386891760,cardioem,0,1,2012,276092,1,1,32,4,1,141,1
1629267141,cardioem,0,1,2012,60114,1,0,50,8,1,141,5
1831194471,cardioem,0,1,2012,117658,1,0,63,37,1,141,1
1437335999,cardioem,0,1,2012,261768,2,1,34,10,0,12,1
1821039660,cardioem,0,1,2012,119505,2,0,44,13,1,12,2
1952397440,cardioem,0,1,2012,262116,2,0,56,29,1,12,2
1225262579,cardioem,0,1,2012,262117,6,0,34,3,1,45,2
1518919406,cardioem,0,2,2012,262384,6,1,36,10,1,90,3
1730196437,cardioem,0,1,2012,262117,6,0,57,24,1,45,1
1730292939,cardioem,0,1,2012,262117,6,0,56,29,1,45,1
1871680322,cardioem,0,1,2012,264440,6,0,56,32,1,45,2
1952361776,cardioem,0,1,2012,262117,6,1,52,18,1,45,2
1407860380,cardioem,0,1,2012,262939,7,0,49,22,1,17,2
1427295690,cardioem,0,1,2012,263195,7,0,32,4,1,17,1
1528268703,cardioem,0,1,2012,263581,7,0,35,5,1,17,3
1144467309,cardioem,0,1,2012,262117,9,1,48,24,1,7,1
1265512560,cardioem,0,1,2012,262185,9,0,61,,1,7,1
1023134293,cardioem,0,1,2012,257408,10,0,38,7,1,25,1
1306882360,cardioem,0,1,2012,294683,10,0,45,15,1,25,1
1780696401,cardioem,0,2,2012,331553,10,1,50,27,1,39,4
1023000486,cardioem,0,1,2012,175548,11,1,48,21,1,61,1
1033327119,cardioem,0,1,2012,330556,11,0,33,6,1,61,1
1144253071,cardioem,0,1,2012,112424,11,0,44,18,1,61,1
1306070750,cardioem,0,1,2012,121233,11,1,48,24,1,61,4
1518120500,cardioem,0,1,2012,323675,11,1,37,19,1,61,1
1538106570,cardioem,0,2,2012,328274,11,0,64,39,1,82,4
1588878508,cardioem,0,1,2012,330556,11,0,35,10,0,61,3
1891711685,cardioem,0,1,2012,175548,11,0,49,13,0,61,1
1003877085,cardioem,0,1,2012,104760,12,0,52,26,1,191,7
1144264524,cardioem,0,1,2012,342496,12,1,64,14,1,191,4
1417120783,cardioem,0,1,2012,243018,12,0,33,9,0,191,3
1497798714,cardioem,0,1,2012,49823,12,0,46,16,1,191,2
1639173370,cardioem,0,1,2012,88699,12,0,55,30,1,191,1
1689786212,cardioem,1,3,2012,322670,12,0,63,37,1,349,6
1730130006,cardioem,0,1,2012,322689,12,1,43,20,0,191,1
1730164088,cardioem,0,1,2012,148152,12,1,63,33,1,191,1
1740213503,cardioem,0,1,2012,322689,12,1,40,9,1,191,2
1801856554,cardioem,1,1,2012,335067,12,1,50,25,0,191,1
1851392302,cardioem,0,1,2012,43165,12,0,46,21,0,191,1
1871544122,cardioem,0,1,2012,324518,12,0,35,6,1,191,3
1871800581,cardioem,0,1,2012,33418,12,1,47,20,0,191,1
1952473373,cardioem,0,1,2012,323705,12,1,48,21,1,191,9
1972573533,cardioem,0,1,2012,140709,12,0,53,14,1,191,1
1558477984,cardioem,0,1,2012,324010,14,0,38,14,0,17,2
1114066131,cardioem,0,1,2012,323831,15,1,33,7,1,65,1
1194745133,cardioem,0,1,2012,64063,15,0,46,19,1,65,1
1427026319,cardioem,0,1,2012,323831,15,0,57,31,1,65,2
1730101395,cardioem,1,1,2012,323032,15,0,65,35,1,65,5
1003893330,cardioem,0,1,2012,273031,19,0,60,30,1,100,4
1154321032,cardioem,1,1,2012,274010,19,1,43,16,1,100,2
1265539720,cardioem,1,1,2012,274010,19,1,60,29,1,100,1
1346285533,cardioem,0,1,2012,167509,19,1,53,21,1,100,1
1164591947,cardioem,1,1,2012,272766,21,0,47,24,1,19,1
1497841530,cardioem,0,1,2012,273249,21,0,35,8,0,19,1
1063410637,cardioem,0,1,2012,288631,22,0,65,41,0,7,1
1043261654,cardioem,0,1,2012,325035,23,0,52,27,1,154,1
1104067925,cardioem,0,1,2012,177201,23,0,54,30,0,154,3
1770550246,cardioem,1,1,2012,134295,23,1,39,15,0,154,3
1053364943,cardioem,0,1,2012,271047,25,1,68,45,0,42,1
1457454738,cardioem,0,1,2012,291337,25,0,37,9,0,42,1
1063530087,cardioem,0,1,2012,271219,43,1,39,9,1,40,4
1073628079,cardioem,0,1,2012,335765,43,0,56,27,1,40,1
1205982220,cardioem,0,1,2012,333622,43,1,48,16,0,40,1
1902890320,cardioem,0,3,2012,335838,43,1,58,35,0,99,16
1457316150,cardioem,0,2,2012,271047,56,0,55,13,0,536,2
1477627065,cardioem,1,1,2012,339490,56,0,40,14,0,477,1
1487842894,cardioem,0,1,2012,270897,58,1,35,10,1,38,2
1609045954,cardioem,1,1,2012,333784,58,1,48,5,1,38,6
1285603621,cardioem,0,1,2012,271219,62,0,56,30,1,15,6
1326102708,cardioem,0,1,2012,271219,62,1,55,29,1,15,5
1598975138,cardioem,0,1,2012,271219,62,1,40,11,1,15,1
1801998968,cardioem,0,1,2012,271219,62,0,44,15,1,15,6
1831118371,cardioem,0,1,2012,271219,62,0,68,42,1,15,3
1073581237,cardioem,1,1,2012,339382,69,0,49,18,1,29,1
1720011935,cardioem,0,1,2012,342209,69,0,59,29,1,29,6
1013081611,cardioem,0,1,2012,174833,77,0,43,18,1,101,2
1043487663,cardioem,0,1,2012,333460,77,1,32,8,0,101,3
1114024122,cardioem,1,1,2012,270897,77,1,40,15,1,101,1
1124128129,cardioem,0,1,2012,333460,77,0,51,7,1,101,3
1225095235,cardioem,0,1,2012,333460,77,0,40,11,0,101,4
1225131105,cardioem,1,1,2012,270897,77,0,38,13,1,101,1
1437100898,cardioem,0,1,2012,101197,77,0,44,19,0,101,1
1497712152,cardioem,0,1,2012,333460,77,1,51,27,0,101,3
1619934809,cardioem,0,1,2012,333460,77,0,61,34,1,101,8
1740445857,cardioem,1,1,2012,271191,77,0,33,10,1,101,2
1790742146,cardioem,0,1,2012,333460,77,0,55,27,1,101,5
1992765242,cardioem,0,1,2012,330919,77,1,48,18,1,101,1
1962457911,cardioem,0,1,2012,61196,79,0,69,38,0,76,4
1417913328,cardioem,0,1,2012,54278,80,0,50,23,1,162,1
1578666350,cardioem,0,1,2012,221319,80,0,41,10,0,162,1
1811048291,cardioem,0,1,2012,135029,80,0,45,21,1,162,1
1144252396,cardioem,0,1,2012,270897,81,0,52,25,0,82,2
1588860555,cardioem,1,1,2012,335619,81,1,32,5,1,82,1
1598737025,cardioem,0,1,2012,333374,81,1,42,14,1,82,1
1316965353,cardioem,0,1,2012,120532,82,1,38,11,0,67,8
1659546596,cardioem,0,1,2012,185784,82,1,35,11,0,67,3
1750548640,cardioem,0,1,2012,291139,83,0,41,7,0,12,3
1114014172,cardioem,0,2,2012,4798,85,1,55,31,0,113,4
1942391602,cardioem,1,1,2012,333374,85,1,40,14,0,64,3
1487868154,cardioem,0,1,2012,291105,86,1,44,8,1,21,1
1205016292,cardioem,0,1,2012,270897,87,1,62,36,1,10,1
1093758047,cardioem,0,1,2012,147220,89,0,59,33,1,23,1
1962401463,cardioem,0,1,2012,271515,89,1,43,16,1,23,2
1316116890,cardioem,0,1,2012,335676,91,0,45,19,1,22,2
1669430955,cardioem,0,1,2012,302840,91,0,62,38,1,22,2
1124113121,cardioem,1,1,2012,317118,102,1,46,11,1,31,1
1003866435,cardioem,1,1,2012,316394,103,1,39,12,0,95,1
1013969104,cardioem,0,1,2012,317861,103,0,48,22,0,95,2
1760452148,cardioem,0,1,2012,74085,103,0,63,36,1,95,4
1194992768,cardioem,0,1,2012,316690,106,0,33,5,1,22,2
1518943554,cardioem,1,1,2012,316976,107,1,51,25,1,8,2
1033287594,cardioem,0,1,2012,165847,109,0,36,10,1,65,1
1144431602,cardioem,0,1,2012,15374,110,1,38,8,1,146,3
1215991625,cardioem,0,1,2012,16941,110,0,52,14,1,146,2
1710176631,cardioem,1,1,2012,16378,110,0,47,10,1,146,2
1003873332,cardioem,1,1,2012,113226,111,1,43,13,0,117,2
1700053451,cardioem,1,2,2012,17418,111,0,31,5,1,175,4
1861404402,cardioem,1,1,2012,113226,111,0,63,32,1,117,4
1851572622,cardioem,0,1,2012,214578,112,1,37,7,0,66,3
1083894604,cardioem,0,2,2012,62612,113,0,33,10,0,265,4
1255364105,cardioem,0,1,2012,217883,113,0,34,9,0,215,2
1447365887,cardioem,1,2,2012,216325,113,0,50,26,0,348,7
1528261906,cardioem,0,1,2012,218993,113,1,35,6,0,215,3
1033216015,cardioem,0,1,2012,267484,115,0,58,28,1,26,5
1164448718,cardioem,0,1,2012,93095,115,1,59,32,1,26,3
1346232931,cardioem,1,1,2012,120311,115,1,43,13,1,26,1
1790751485,cardioem,1,1,2012,120311,115,0,48,18,1,26,2
1023027182,cardioem,0,1,2012,174215,116,0,54,17,1,41,1
1073516217,cardioem,1,1,2012,264635,118,1,56,29,1,232,1
1124256797,cardioem,0,1,2012,267473,118,0,43,3,0,232,4
1265462329,cardioem,0,1,2012,106349,118,1,39,15,1,232,2
1386889038,cardioem,0,1,2012,257524,118,0,40,6,1,232,2
1548269178,cardioem,0,1,2012,323782,118,0,50,27,1,232,1
1740435999,cardioem,0,2,2012,265953,118,0,47,5,1,297,8
1023076650,cardioem,0,3,2012,174934,119,0,43,11,1,375,8
1891750790,cardioem,0,1,2012,265447,119,0,60,21,1,79,3
1922064781,cardioem,1,1,2012,247171,119,0,47,23,0,79,3
1285707828,cardioem,0,1,2012,252893,120,0,55,14,1,28,8
1619048386,cardioem,0,1,2012,252893,120,0,40,12,1,28,9
1437182524,cardioem,1,1,2012,174215,122,0,57,32,0,45,1
1003010307,cardioem,1,1,2012,116043,123,1,35,8,1,115,3
1255388922,cardioem,0,1,2012,253055,123,0,41,15,1,115,1
1528297538,cardioem,0,1,2012,182204,123,0,30,3,1,115,2
1942494984,cardioem,0,1,2012,54133,123,1,43,9,1,115,4
1407086846,cardioem,1,1,2012,247168,124,0,30,3,1,20,1
1023266319,cardioem,1,1,2012,264635,127,1,36,7,0,275,1
1083815179,cardioem,1,1,2012,249756,127,1,35,10,0,275,1
1396778510,cardioem,0,1,2012,182555,127,0,50,26,1,275,2
1609980770,cardioem,0,1,2012,247150,127,1,35,9,0,275,2
1700849478,cardioem,1,1,2012,92313,127,0,62,34,1,275,5
1861650202,cardioem,1,2,2012,264635,127,0,30,4,0,383,2
1588813661,cardioem,0,1,2012,182779,129,0,34,7,1,47,2
1033178173,cardioem,1,1,2012,264683,130,0,59,29,1,253,6
1063422558,cardioem,0,1,2012,325348,130,1,48,20,1,253,8
1083880926,cardioem,1,1,2012,251440,130,0,35,7,1,253,2
1275716573,cardioem,0,1,2012,247176,130,1,39,14,0,253,2
1336111533,cardioem,1,1,2012,251440,130,0,40,15,0,253,4
1356311385,cardioem,1,1,2012,247298,130,0,56,31,0,253,2
1386697365,cardioem,1,1,2012,251285,130,1,41,11,1,253,1
1447466446,cardioem,1,1,2012,251440,130,0,34,7,1,253,1
1467622985,cardioem,1,1,2012,251440,130,0,33,9,0,253,1
1538271796,cardioem,0,1,2012,68797,130,1,61,,,253,1
1619167004,cardioem,0,1,2012,45216,130,0,42,15,0,253,1
1700082211,cardioem,1,1,2012,247532,130,0,34,7,1,253,1
1811196215,cardioem,1,1,2012,251440,130,1,46,9,1,253,4
1821075441,cardioem,1,1,2012,247298,130,0,40,11,1,253,1
1851543110,cardioem,0,1,2012,290206,133,0,33,9,0,10,2
1164485926,cardioem,0,1,2012,115919,134,0,62,,1,42,2
1194712554,cardioem,1,1,2012,250648,134,0,39,12,1,42,1
1396849691,cardioem,1,1,2012,250648,134,0,38,13,1,42,2
1043226822,cardioem,0,1,2012,265893,137,1,40,17,1,53,1
1174524052,cardioem,0,2,2012,177024,137,0,59,32,1,77,6
1629003876,cardioem,0,1,2012,55866,137,0,47,20,1,53,1
1659552305,cardioem,0,1,2012,55866,137,1,37,13,1,53,1
1124205596,cardioem,1,1,2012,94059,139,1,38,11,1,34,1
1164615829,cardioem,1,1,2012,124148,139,1,34,11,0,34,2
1700871969,cardioem,1,1,2012,94059,139,0,38,12,1,34,1
1871764977,cardioem,0,1,2012,248640,139,0,33,8,1,34,10
1356542518,cardioem,1,1,2012,246660,140,1,37,8,1,29,2
1407887318,cardioem,0,1,2012,101624,140,0,40,13,1,29,1
1447240510,cardioem,1,1,2012,246660,140,0,39,10,1,29,1
1134301914,cardioem,0,1,2012,61574,141,0,37,12,0,83,1
1164482410,cardioem,1,1,2012,252082,141,1,46,23,0,83,1
1245439702,cardioem,0,1,2012,266828,141,1,38,11,1,83,1
1346338316,cardioem,0,1,2012,55866,141,1,47,10,1,83,1
1578622213,cardioem,1,1,2012,87988,141,1,34,8,0,83,1
1588820708,cardioem,0,1,2012,250415,141,1,34,10,0,83,2
1982639340,cardioem,0,1,2012,176122,141,1,42,18,0,83,4
1235287004,cardioem,0,2,2012,122828,144,0,42,15,1,370,7
1275682247,cardioem,0,1,2012,119884,144,0,52,12,1,329,1
1306805577,cardioem,0,1,2012,285209,144,0,51,25,1,329,1
1366483844,cardioem,0,1,2012,69305,144,0,41,12,0,329,2
1376748806,cardioem,0,1,2012,239899,144,1,32,5,0,329,1
1407053044,cardioem,0,1,2012,54398,144,1,44,17,0,329,4
1548248636,cardioem,1,2,2012,66765,144,1,36,10,0,761,3
1558457952,cardioem,0,1,2012,98097,144,1,43,10,1,329,2
1578722427,cardioem,1,1,2012,241061,144,1,34,5,1,329,1
1811088842,cardioem,0,1,2012,242530,144,1,67,38,0,329,1
1982638557,cardioem,1,1,2012,241239,144,0,51,23,1,329,4
1639282460,cardioem,0,2,2012,68610,145,0,49,22,1,112,3
1144283714,cardioem,1,2,2012,242754,146,1,41,13,1,56,2
1790736262,cardioem,0,1,2012,124216,146,0,40,9,1,12,2
1659336543,cardioem,0,1,2012,241773,148,0,48,22,1,5,1
1881605152,cardioem,0,1,2012,260437,148,0,41,16,0,5,2
1225071673,cardioem,0,1,2012,238002,149,0,42,16,1,40,4
1316057821,cardioem,1,1,2012,241587,149,0,40,13,1,40,3
1598913196,cardioem,0,1,2012,178653,149,1,34,10,1,40,1
1932294816,cardioem,1,2,2012,243018,149,0,67,41,1,64,2
1942495833,cardioem,0,1,2012,176347,149,1,49,6,1,40,4
1053433441,cardioem,0,1,2012,175073,150,0,34,7,,58,3
1265493662,cardioem,0,1,2012,73908,150,1,54,31,,58,7
1386696318,cardioem,0,1,2012,92373,150,1,43,14,,58,1
1669572715,cardioem,0,2,2012,317701,151,0,44,16,1,94,4
1699883447,cardioem,0,1,2012,115605,151,0,38,9,1,30,4
1689610842,cardioem,0,1,2012,287518,152,1,34,9,1,4,1
1184610651,cardioem,0,1,2012,147279,154,1,53,21,1,10,2
1316008329,cardioem,0,1,2012,149491,155,0,71,40,1,63,3
1700872272,cardioem,0,1,2012,148823,155,0,52,29,0,63,1
1023181088,cardioem,0,1,2012,268666,156,1,65,38,0,184,3
1356521314,cardioem,1,1,2012,147473,156,0,36,10,0,184,1
1437230257,cardioem,0,1,2012,268666,156,1,61,36,0,184,2
1629029210,cardioem,1,1,2012,146891,156,0,41,15,1,184,1
1922202456,cardioem,1,1,2012,149522,156,0,36,12,0,184,1
1962644922,cardioem,1,1,2012,154252,156,0,32,7,0,184,1
1215926621,cardioem,1,1,2012,149851,158,1,42,18,0,21,2
1134119035,cardioem,1,2,2012,145793,161,0,68,40,0,146,7
1679571178,cardioem,1,2,2012,145793,161,0,69,45,0,146,2
1710932025,cardioem,0,1,2012,103656,161,0,43,14,0,79,1
1669683397,cardioem,0,1,2012,178008,163,0,37,13,0,36,2
1730373747,cardioem,0,1,2012,149296,163,0,31,5,1,36,1
1962653568,cardioem,0,1,2012,119440,163,0,48,23,0,36,4
1154348951,cardioem,0,1,2012,148594,164,1,41,13,1,33,1
1467600809,cardioem,0,1,2012,107561,164,0,34,7,0,33,3
1710127576,cardioem,0,1,2012,149851,164,0,36,8,1,33,1
1023070257,cardioem,0,1,2012,146382,170,1,42,16,1,36,4
1710916986,cardioem,0,2,2012,330691,170,0,50,24,1,50,5
1679533616,cardioem,0,1,2012,48165,171,0,52,26,0,33,1
1174758908,cardioem,1,1,2012,152043,172,1,30,5,0,47,1
1346346236,cardioem,0,1,2012,149851,172,1,50,9,1,47,2
1568656445,cardioem,0,1,2012,87901,173,0,40,5,1,20,1
1114960408,cardioem,0,1,2012,141952,180,1,40,14,1,47,2
1316946320,cardioem,0,2,2012,141952,180,1,48,18,1,259,3
1689644981,cardioem,1,1,2012,257904,181,0,61,31,1,34,2
1962519181,cardioem,0,1,2012,56825,183,0,68,27,1,164,1
1346445277,cardioem,1,1,2012,143564,184,0,38,8,0,13,3
1538181722,cardioem,1,2,2012,257904,186,1,64,31,1,40,3
1568471449,cardioem,1,2,2012,257904,186,0,61,36,1,191,4
1740262716,cardioem,1,2,2012,257904,186,0,50,23,1,191,2
1750363123,cardioem,1,1,2012,257904,186,1,41,14,1,26,1
1770565145,cardioem,1,2,2012,257904,186,0,52,25,1,191,6
1801805833,cardioem,1,2,2012,257904,186,0,63,36,1,191,10
1811941875,cardioem,1,2,2012,257904,186,0,40,14,1,191,3
1013941699,cardioem,1,1,2012,142510,187,1,33,6,0,35,1
1023116514,cardioem,0,1,2012,141857,187,1,40,11,0,35,1
1568413482,cardioem,1,1,2012,141839,187,1,44,13,1,35,1
1174583843,cardioem,1,2,2012,167057,191,0,69,37,1,62,6
1356485775,cardioem,0,1,2012,167077,191,0,35,6,1,20,1
1689634206,cardioem,1,2,2012,167057,191,0,63,37,1,62,6
1750353595,cardioem,0,1,2012,149239,191,0,38,12,1,20,7
1922068691,cardioem,1,2,2012,167057,191,0,62,,1,62,4
1174509228,cardioem,1,1,2012,167057,192,0,49,23,1,39,3
1346201316,cardioem,1,1,2012,167057,192,1,38,9,1,39,2
1396724167,cardioem,1,1,2012,167057,192,0,40,12,1,39,3
1700847787,cardioem,1,1,2012,167057,192,1,45,7,1,39,5
1760595318,cardioem,1,1,2012,167057,192,1,32,6,1,39,4
1891772968,cardioem,1,1,2012,167057,192,0,56,28,1,39,2
1912010562,cardioem,1,1,2012,167057,192,1,34,7,1,39,2
1972531408,cardioem,1,1,2012,167057,192,0,36,9,1,39,3
1598769945,cardioem,1,1,2012,167208,195,0,51,23,1,5,1
1780822072,cardioem,1,1,2012,167208,195,0,37,8,1,5,1
1710091251,cardioem,0,1,2012,167057,197,0,65,38,1,11,7
1972582856,cardioem,0,1,2012,117193,197,0,39,11,1,11,1
1376513978,cardioem,0,1,2012,212971,201,0,44,15,1,61,1
1518144773,cardioem,0,1,2012,213000,201,0,35,7,1,61,1
1013088947,cardioem,1,1,2012,216376,204,1,49,22,1,89,6
1417100223,cardioem,0,1,2012,255535,204,0,40,7,1,89,1
1861468696,cardioem,0,2,2012,255576,208,0,53,27,1,190,3
1548422181,cardioem,0,1,2012,54173,209,0,62,8,1,16,1
1295708899,cardioem,1,1,2012,274196,210,0,63,29,0,42,3
1326006529,cardioem,1,1,2012,274021,210,0,58,32,1,42,4
1700825346,cardioem,1,1,2012,274196,210,0,46,18,1,42,2
1215032479,cardioem,0,1,2012,274572,213,0,34,8,1,32,2
1013993484,cardioem,0,1,2012,288631,214,0,57,30,1,10,5
1225014442,cardioem,0,1,2012,288631,214,1,78,37,1,10,2
1609852839,cardioem,0,1,2012,288631,214,1,55,27,1,10,1
1780660910,cardioem,0,1,2012,288631,214,0,63,42,1,10,2
1922099662,cardioem,1,1,2012,274569,214,1,46,18,1,10,1
1316966401,cardioem,0,1,2012,274044,216,1,57,29,1,30,1
1841275732,cardioem,0,1,2012,275034,216,1,48,19,1,30,3
1659575215,cardioem,0,1,2012,102955,218,0,33,6,1,51,1
1972658078,cardioem,0,1,2012,8964,218,0,35,7,1,51,1
1003857236,cardioem,1,1,2012,72284,219,1,39,12,1,41,1
1104829837,cardioem,0,2,2012,101824,220,0,60,34,1,25,2
1750437216,cardioem,1,1,2012,274021,220,0,51,26,1,13,1
1922067172,cardioem,1,1,2012,274021,220,0,54,28,1,13,1
1295906345,cardioem,0,1,2012,558,222,0,37,14,1,70,2
1548429715,cardioem,1,2,2012,569,222,1,33,6,0,519,5
1083613004,cardioem,1,1,2012,116132,223,1,51,10,1,225,2
1609006618,cardioem,1,1,2012,224174,223,0,35,6,1,225,1
1609919497,cardioem,1,1,2012,216307,223,1,34,8,1,225,1
1760443600,cardioem,1,1,2012,218791,223,0,56,30,0,225,2
1821383761,cardioem,1,2,2012,224174,223,0,32,4,1,264,6
1881636595,cardioem,1,1,2012,216345,223,1,42,14,1,225,1
1508874793,cardioem,0,1,2012,51631,225,1,45,15,1,40,1
1972554368,cardioem,0,1,2012,216332,225,0,41,14,1,40,2
1679532220,cardioem,0,1,2012,218025,226,1,43,12,1,55,1
1073709572,cardioem,1,1,2012,10604,227,1,34,8,1,452,1
1275629792,cardioem,0,1,2012,30209,227,1,57,28,1,452,1
1326201815,cardioem,0,1,2012,9944,227,0,49,15,1,452,3
1801992144,cardioem,1,1,2012,10209,227,1,36,7,1,452,3
1811904147,cardioem,1,1,2012,8983,227,1,37,13,0,452,1
1821061391,cardioem,1,1,2012,8974,227,1,40,14,0,452,2
1902871262,cardioem,0,1,2012,9944,227,1,53,27,1,452,3
1740442482,cardioem,0,1,2012,78649,230,0,32,4,1,56,1
1629005970,cardioem,1,1,2012,155167,232,0,50,18,0,92,1
1295958635,cardioem,1,1,2012,154593,234,0,33,9,0,110,1
1326253105,cardioem,1,1,2012,154593,234,0,36,13,0,110,1
1487740312,cardioem,1,1,2012,154593,234,1,37,13,0,110,2
1558331306,cardioem,0,1,2012,151213,234,1,43,19,0,110,2
1366641573,cardioem,0,1,2012,114583,235,0,43,9,0,34,2
1548299464,cardioem,0,1,2012,60819,235,0,47,20,1,34,1
1003855735,cardioem,0,1,2012,157880,236,1,60,34,1,45,2
1174691604,cardioem,0,1,2012,156413,238,1,41,17,0,27,2
1336180694,cardioem,1,1,2012,154628,238,1,37,10,0,27,3
1639371529,cardioem,0,1,2012,177828,238,0,38,11,0,27,2
1124241666,cardioem,0,1,2012,294190,240,0,58,22,1,10,2
1215081211,cardioem,1,1,2012,119871,244,0,62,33,1,19,2
1275557464,cardioem,0,1,2012,154657,244,1,57,27,1,19,1
1417971375,cardioem,0,1,2012,154657,244,0,44,17,0,19,1
1629067541,cardioem,0,1,2012,154657,244,1,48,20,1,19,5
1881818615,cardioem,0,1,2012,257279,244,0,35,,1,19,2
1972578854,cardioem,0,1,2012,155974,244,0,71,45,1,19,1
1326250754,cardioem,0,1,2012,160243,245,0,41,9,0,101,1
1578727335,cardioem,0,1,2012,160932,246,0,49,22,1,44,3
1902856545,cardioem,0,1,2012,156543,246,0,60,30,0,44,4
1962462838,cardioem,1,1,2012,158315,246,0,56,12,1,44,4
1538173406,cardioem,1,1,2012,162123,251,0,40,13,0,169,3
1639273113,cardioem,0,1,2012,164692,251,1,35,9,1,169,4
1982654729,cardioem,1,1,2012,164040,253,0,64,38,1,112,2
1255592804,cardioem,1,1,2012,164759,254,1,47,25,0,16,1
1457323453,cardioem,1,1,2012,293380,259,0,58,30,1,44,1
1861485732,cardioem,1,2,2012,293380,259,1,52,20,1,82,3
1528056637,cardioem,0,1,2012,180721,261,0,55,10,1,4,1
1811008097,cardioem,0,1,2012,172258,264,1,41,17,1,47,1
1578543153,cardioem,0,1,2012,117501,267,0,60,34,1,16,1
1003921172,cardioem,0,1,2012,112081,268,0,61,12,1,163,1
1114947488,cardioem,0,1,2012,211414,268,1,37,10,1,163,1
1225299928,cardioem,0,1,2012,170263,268,1,31,4,1,163,2
1255597399,cardioem,0,1,2012,45053,268,1,38,14,0,163,1
1356510465,cardioem,0,1,2012,212085,268,1,36,12,0,163,1
1376662833,cardioem,1,1,2012,168811,268,1,31,6,1,163,1
1821080094,cardioem,0,1,2012,212085,268,0,38,11,1,163,2
1952317224,cardioem,0,1,2012,169758,268,1,42,14,1,163,1
1013908672,cardioem,1,1,2012,169670,270,0,44,14,1,22,1
1174690630,cardioem,1,1,2012,169670,270,1,43,18,0,22,1
1801872460,cardioem,0,1,2012,172262,270,1,39,14,1,22,1
1184698243,cardioem,0,1,2012,150541,273,0,48,23,1,211,6
1225045719,cardioem,1,1,2012,90777,273,0,62,36,1,211,1
1508842352,cardioem,0,1,2012,153563,273,0,58,32,1,211,6
1770505059,cardioem,1,1,2012,169926,273,1,42,10,1,211,1
1841497716,cardioem,0,1,2012,164040,273,0,36,7,1,211,1
1508952037,cardioem,1,1,2012,294470,274,1,39,8,1,20,3
1730192857,cardioem,1,1,2012,294459,274,0,41,14,1,20,1
1295932515,cardioem,1,1,2012,294465,276,0,35,8,1,20,1
1336127463,cardioem,0,1,2012,101725,276,0,52,25,1,20,2
1396897815,cardioem,1,1,2012,122310,279,0,49,22,1,105,1
1720152473,cardioem,0,1,2012,115584,279,0,56,24,0,105,1
1134243439,cardioem,0,1,2012,342205,280,0,38,15,0,32,2
1659361756,cardioem,1,1,2012,326298,282,1,41,16,1,53,1
1760403968,cardioem,1,1,2012,326298,282,1,57,19,1,53,2
1053465112,cardioem,1,1,2012,80588,283,0,60,33,1,299,3
1083634406,cardioem,1,1,2012,114143,283,1,37,11,1,299,6
1164752002,cardioem,0,1,2012,62082,283,0,62,36,1,299,6
1215032156,cardioem,0,1,2012,112901,283,1,58,33,1,299,3
1295798262,cardioem,0,1,2012,80572,283,0,43,15,1,299,2
1326258732,cardioem,0,1,2012,80119,283,0,39,10,1,299,3
1699939561,cardioem,0,1,2012,80572,283,1,31,4,1,299,1
1811082373,cardioem,0,1,2012,78646,283,1,48,20,1,299,2
1811955875,cardioem,1,1,2012,4858,283,0,38,9,1,299,2
1831196971,cardioem,0,1,2012,175956,283,0,49,23,1,299,3
1164449724,cardioem,0,1,2012,37907,284,0,41,13,0,129,2
1194891101,cardioem,0,1,2012,293169,284,1,47,22,0,129,1
1376879031,cardioem,0,1,2012,177616,284,0,55,28,0,129,1
1417085937,cardioem,0,1,2012,81138,284,1,49,18,1,129,1
1609806454,cardioem,0,2,2012,82505,284,0,54,23,1,431,3
1346280567,cardioem,0,1,2012,81379,285,0,50,24,1,106,7
1053319962,cardioem,0,1,2012,71012,288,1,46,22,1,121,2
1376560110,cardioem,1,1,2012,77024,288,1,48,23,0,121,2
1467417808,cardioem,0,1,2012,101175,288,0,44,18,0,121,1
1972679942,cardioem,0,2,2012,34237,288,0,50,26,0,673,3
1982762183,cardioem,0,1,2012,82831,288,1,41,,0,121,4
1306007133,cardioem,0,2,2012,267512,289,1,46,20,0,582,2
1619943750,cardioem,0,1,2012,21761,292,1,66,42,1,56,1
1154571529,cardioem,1,2,2012,105443,293,1,33,9,1,111,8
1437143559,cardioem,0,1,2012,46195,293,0,63,37,1,71,1
1487764387,cardioem,1,1,2012,64475,293,1,55,28,0,71,1
1518931955,cardioem,1,1,2012,316394,293,0,62,27,1,71,1
1548260052,cardioem,0,1,2012,321319,293,1,54,11,0,71,1
1689791782,cardioem,1,2,2012,321316,293,0,48,8,1,149,2
1699749051,cardioem,1,1,2012,316394,293,0,49,21,1,71,1
1891825022,cardioem,0,1,2012,317516,293,1,38,11,1,71,1
1033437827,cardioem,1,1,2012,35725,295,0,48,25,1,143,2
1518020502,cardioem,0,1,2012,95830,295,0,38,10,1,143,8
1558419689,cardioem,0,1,2012,38302,295,1,59,30,1,143,2
1568509800,cardioem,0,1,2012,38952,295,1,51,25,1,143,3
1093753923,cardioem,0,1,2012,81636,297,0,47,22,1,91,1
1235110776,cardioem,1,1,2012,33449,297,1,48,21,0,91,1
1588736953,cardioem,0,1,2012,39622,297,0,47,22,1,91,2
1114188877,cardioem,0,1,2012,115019,299,1,38,12,0,83,2
1437291689,cardioem,1,1,2012,49551,300,0,37,12,0,22,2
1225103583,cardioem,0,1,2012,18624,301,0,38,11,0,485,1
1376598136,cardioem,0,2,2012,24341,301,1,41,12,1,795,12
1598926909,cardioem,0,1,2012,67756,301,0,48,13,0,485,2
1154588804,cardioem,1,1,2012,33369,303,0,36,6,0,533,1
1265604565,cardioem,0,4,2012,227304,303,0,45,17,1,1384,7
1386880250,cardioem,0,1,2012,28659,303,0,54,31,1,533,3
1407094410,cardioem,0,1,2012,175820,303,0,34,8,1,533,1
1457467862,cardioem,0,2,2012,80281,303,0,69,43,1,674,10
1598801573,cardioem,1,1,2012,48331,303,0,36,9,1,533,2
1730383530,cardioem,0,1,2012,34995,303,1,32,6,1,533,1
1770684920,cardioem,0,1,2012,36228,303,0,59,32,0,533,4
1023228996,cardioem,1,1,2012,65603,304,1,37,14,0,80,1
1679758155,cardioem,1,2,2012,105678,307,0,35,6,1,238,4
1699720458,cardioem,1,1,2012,44019,307,1,40,14,0,62,1
1760658512,cardioem,0,1,2012,180127,307,1,45,3,1,62,1
1861485849,cardioem,0,1,2012,43752,307,0,43,18,0,62,2
1336214220,cardioem,0,1,2012,110731,308,1,58,32,0,118,1
1699942441,cardioem,1,1,2012,35725,308,0,42,15,0,118,1
1013094903,cardioem,0,1,2012,54821,309,0,62,34,1,32,5
1023080454,cardioem,0,1,2012,178035,309,1,58,31,1,32,4
1174595425,cardioem,0,1,2012,54821,309,0,61,29,1,32,2
1235101452,cardioem,0,1,2012,54821,309,0,48,16,1,32,1
1295835007,cardioem,0,1,2012,54821,309,1,47,17,1,32,3
1346225232,cardioem,0,1,2012,52998,309,0,45,18,1,32,2
1447349741,cardioem,0,1,2012,54821,309,0,47,21,1,32,6
1679789861,cardioem,0,1,2012,54821,309,0,43,11,1,32,1
1821100504,cardioem,0,2,2012,102012,309,0,37,11,1,203,6
1861507881,cardioem,1,1,2012,229403,309,1,36,9,1,32,1
1952567166,cardioem,0,1,2012,231935,309,1,33,5,1,32,3
1275796575,cardioem,1,2,2012,229628,311,1,32,6,1,144,3
1457316168,cardioem,1,1,2012,230786,311,1,46,24,0,97,1
1720095508,cardioem,1,1,2012,230786,311,0,44,19,1,97,4
1811097967,cardioem,1,1,2012,232664,311,1,42,16,0,97,2
1225098908,cardioem,1,1,2012,177876,312,1,47,17,1,116,3
1508869538,cardioem,1,1,2012,230882,313,0,42,15,1,26,2
1558364828,cardioem,1,1,2012,231204,313,1,44,16,1,26,2
1679553135,cardioem,1,1,2012,230882,313,1,47,11,1,26,1
1639140775,cardioem,1,1,2012,231845,314,0,39,13,1,49,1
1184724338,cardioem,0,1,2012,229410,315,0,57,31,1,19,1
1831228352,cardioem,0,1,2012,229410,315,1,44,6,1,19,2
1215058722,cardioem,0,1,2012,113182,318,1,38,5,1,93,2
1215109509,cardioem,0,1,2012,92987,318,1,36,12,0,93,1
1376521872,cardioem,1,1,2012,106275,318,0,42,15,0,93,2
1376560938,cardioem,0,1,2012,231350,318,0,56,30,0,93,1
1427017888,cardioem,0,1,2012,240246,318,0,58,30,1,93,3
1457389793,cardioem,0,1,2012,231350,318,0,44,14,1,93,1
1467498840,cardioem,0,1,2012,240246,318,1,45,21,0,93,5
1528290665,cardioem,0,1,2012,92987,318,0,34,8,1,93,1
1548234347,cardioem,0,1,2012,240246,318,1,44,18,1,93,2
1548450638,cardioem,1,1,2012,106275,318,0,37,9,1,93,1
1578590071,cardioem,0,1,2012,240246,318,0,49,26,1,93,2
1699749408,cardioem,0,1,2012,240246,318,0,46,18,1,93,1
1760419261,cardioem,0,1,2012,240246,318,1,42,16,1,93,2
1760462402,cardioem,1,1,2012,231423,318,0,53,29,1,93,3
1770607228,cardioem,0,1,2012,160446,318,0,53,27,1,93,1
1871687327,cardioem,0,1,2012,121715,318,1,52,23,1,93,4
1952350241,cardioem,0,1,2012,176602,318,1,48,17,1,93,1
1972777902,cardioem,0,1,2012,229810,318,1,63,37,1,93,2
1154392520,cardioem,1,1,2012,231615,319,1,38,12,1,26,1
1386713923,cardioem,0,1,2012,87970,319,0,62,36,1,26,1
1457347627,cardioem,0,1,2012,99297,319,0,41,14,0,26,1
1740284157,cardioem,0,1,2012,110987,319,0,53,30,1,26,3
1114014511,cardioem,0,1,2012,229462,320,0,41,14,0,74,4
1134191380,cardioem,1,1,2012,82968,320,0,57,31,1,74,2
1316074693,cardioem,1,1,2012,231566,320,0,41,10,0,74,2
1689867129,cardioem,0,1,2012,239617,320,1,33,6,1,74,1
1922009190,cardioem,1,1,2012,82968,320,0,66,37,0,74,1
1003860438,cardioem,1,1,2012,138202,328,1,37,14,0,215,2
1598749814,cardioem,1,1,2012,138202,328,0,53,20,1,215,5
1710936505,cardioem,1,1,2012,140070,328,0,34,6,1,215,1
1225196371,cardioem,0,1,2012,75175,329,0,35,11,0,171,2
1902927155,cardioem,0,1,2012,130943,329,1,34,8,1,171,1
1932202991,cardioem,1,2,2012,129229,329,1,37,11,1,330,5
1982695383,cardioem,0,2,2012,130263,329,0,47,14,0,348,2
1437138328,cardioem,1,1,2012,130193,332,0,51,21,1,24,1
1326025438,cardioem,1,1,2012,138460,334,0,48,18,1,60,1
1205819232,cardioem,0,1,2012,92936,335,0,50,15,1,41,1
1720148877,cardioem,0,2,2012,303613,336,0,64,32,1,13,5
1053315937,cardioem,1,1,2012,277333,339,1,41,14,0,69,1
1164450573,cardioem,0,1,2012,276889,339,0,42,16,1,69,1
1154597086,cardioem,0,1,2012,277017,340,1,33,7,1,57,1
1386698678,cardioem,0,1,2012,116268,341,0,41,11,1,8,3
1659539245,cardioem,0,1,2012,331928,343,0,34,10,1,16,1
1720193907,cardioem,1,1,2012,333136,343,0,64,38,1,16,3
1548310352,cardioem,0,1,2012,332013,344,0,42,10,0,115,2
1629146030,cardioem,0,1,2012,331905,345,0,44,11,1,11,2
1801828330,cardioem,1,1,2012,85306,346,1,46,24,0,107,1
1811959828,cardioem,1,1,2012,85239,346,1,60,14,1,107,1
1831142157,cardioem,1,1,2012,86025,346,0,44,16,1,107,2
1518967942,cardioem,0,1,2012,90604,347,0,39,13,0,15,2
1205916251,cardioem,1,1,2012,87798,350,1,55,31,0,40,1
1295065050,cardioem,1,1,2012,87798,350,1,34,12,0,40,3
1669455978,cardioem,0,1,2012,90019,351,1,42,15,1,33,1
1427089895,cardioem,0,1,2012,89956,352,0,58,32,1,76,1
1518058254,cardioem,0,1,2012,87531,352,0,73,47,0,76,2
1598788689,cardioem,0,2,2012,86658,352,0,50,21,1,540,3
1649455569,cardioem,1,1,2012,90474,352,0,33,7,1,76,1
1073721999,cardioem,0,1,2012,87455,356,0,35,9,0,461,3
1619915527,cardioem,1,1,2012,85271,356,0,44,20,1,461,1
1992742977,cardioem,0,1,2012,83952,356,0,47,20,1,461,3
1083697866,cardioem,0,1,2012,90217,357,1,52,26,1,238,1
1215111844,cardioem,1,1,2012,90019,357,0,46,11,1,238,2
1548296601,cardioem,0,2,2012,104613,357,0,47,16,1,327,3
1679502769,cardioem,0,1,2012,89672,357,0,74,50,1,238,3
1033202502,cardioem,0,1,2012,87531,358,0,55,29,1,32,5
1467434688,cardioem,1,1,2012,86799,362,0,39,17,1,10,1
1316906191,cardioem,0,1,2012,236855,365,0,50,24,1,63,3
1467618900,cardioem,0,1,2012,236491,365,1,32,5,1,63,1
1639115066,cardioem,1,1,2012,236314,365,1,55,27,1,63,2
1720168735,cardioem,0,2,2012,236522,365,1,42,15,1,211,5
1891931713,cardioem,1,1,2012,101441,365,1,36,13,0,63,4
1952449290,cardioem,0,1,2012,236255,365,1,48,24,1,63,1
1982642096,cardioem,0,2,2012,48526,365,0,52,26,1,161,2
1982677183,cardioem,0,1,2012,240246,365,0,56,30,1,63,3
1467492488,cardioem,1,1,2012,236623,367,1,44,15,1,14,2
1275591216,cardioem,1,2,2012,236487,368,0,56,29,1,74,2
1295801355,cardioem,1,1,2012,74526,368,0,57,31,1,61,2
1578590386,cardioem,1,1,2012,236487,368,0,42,16,1,61,1
1295787414,cardioem,0,1,2012,7320,369,1,48,11,1,10,1
1316922438,cardioem,0,1,2012,184611,370,0,57,31,1,5,1
1174501159,cardioem,0,1,2012,164727,371,0,49,22,0,23,1
1962481713,cardioem,1,1,2012,261597,373,0,59,32,1,43,1
1164466827,cardioem,0,1,2012,105479,375,1,47,13,1,19,2
1568464907,cardioem,0,1,2012,70963,375,0,62,36,1,19,1
1114962719,cardioem,0,1,2012,258600,377,0,60,34,1,75,1
1285788323,cardioem,0,1,2012,104370,377,0,48,16,1,75,1
1265586259,cardioem,0,1,2012,260812,380,1,57,8,1,162,2
1336331719,cardioem,1,1,2012,258598,380,1,38,5,1,162,2
1396910600,cardioem,0,1,2012,260530,380,1,36,5,1,162,1
1396932463,cardioem,0,1,2012,6939,380,0,36,13,0,162,1
1639152234,cardioem,0,1,2012,255531,380,0,57,26,1,162,1
1649425885,cardioem,0,1,2012,49246,380,0,35,6,1,162,2
1659331924,cardioem,0,1,2012,237261,380,0,53,27,1,162,1
1770783151,cardioem,0,1,2012,261375,380,0,33,5,1,162,2
1851426621,cardioem,0,1,2012,11265,380,1,44,16,1,162,2
1861431983,cardioem,0,1,2012,260204,380,0,46,20,1,162,1
1982671855,cardioem,0,1,2012,30471,380,0,52,25,1,162,1
1144459868,cardioem,0,1,2012,176541,382,0,38,8,1,10,1
1205872900,cardioem,0,1,2012,288633,382,1,40,14,1,10,1
1508874918,cardioem,1,1,2012,285400,382,1,41,9,0,10,3
1568402618,cardioem,0,2,2012,281915,382,0,67,41,1,20,3
1275529919,cardioem,0,1,2012,67239,383,1,40,14,1,18,1
1972619583,cardioem,0,1,2012,321331,383,0,77,45,1,18,1
1295727410,cardioem,0,1,2012,279278,385,0,41,15,1,69,2
1356455265,cardioem,0,1,2012,91609,385,1,44,18,1,69,1
1457368730,cardioem,0,3,2012,288965,385,0,51,25,1,482,10
1235275900,cardioem,0,1,2012,62510,388,0,41,16,1,9,1
1336107549,cardioem,1,1,2012,281570,388,0,61,34,1,9,1
1881871481,cardioem,0,1,2012,60982,388,1,33,7,1,9,1
1386735983,cardioem,0,1,2012,288631,390,0,61,35,0,24,7
1932218971,cardioem,0,1,2012,174675,390,0,37,10,1,24,4
1124203344,cardioem,1,1,2012,287745,391,0,33,5,1,245,5
1194929497,cardioem,0,1,2012,286461,391,1,44,21,0,245,1
1205093424,cardioem,1,1,2012,285236,391,1,35,12,0,245,3
1225180680,cardioem,1,1,2012,287745,391,0,42,9,1,245,2
1295792299,cardioem,1,1,2012,285236,391,1,42,17,1,245,5
1407923337,cardioem,0,1,2012,175837,391,1,41,18,1,245,3
1467452565,cardioem,0,1,2012,73389,391,0,49,25,1,245,1
1477588358,cardioem,1,1,2012,285000,391,1,39,13,0,245,1
1679503932,cardioem,0,1,2012,127133,391,0,57,32,0,245,2
1750481537,cardioem,0,1,2012,104878,391,0,53,29,1,245,2
1821046244,cardioem,0,1,2012,283718,391,0,44,19,1,245,1
1851384648,cardioem,0,1,2012,282581,391,0,58,33,1,245,5
1992800486,cardioem,0,1,2012,109731,391,1,55,24,1,245,4
1346349420,cardioem,0,1,2012,243018,393,1,44,17,1,44,6
1497924658,cardioem,1,2,2012,70591,393,1,40,9,0,115,3
1497961197,cardioem,0,1,2012,174268,393,1,39,8,1,44,2
1578568044,cardioem,0,1,2012,175883,393,1,53,26,1,44,2
1598743668,cardioem,0,1,2012,321887,393,0,59,35,1,44,2
1649291782,cardioem,0,1,2012,280196,393,1,58,32,0,44,3
1669534699,cardioem,0,1,2012,285345,393,1,40,12,1,44,3
1942252549,cardioem,0,1,2012,285345,393,0,55,29,0,44,7
1093795163,cardioem,1,1,2012,287760,394,0,48,22,1,68,1
1194794701,cardioem,1,2,2012,288965,394,0,39,11,1,152,7
1265657571,cardioem,0,1,2012,286350,394,1,41,17,1,68,1
1356314355,cardioem,0,1,2012,288965,394,0,37,11,1,68,8
1568408375,cardioem,0,1,2012,288965,394,0,57,30,1,68,4
1598762825,cardioem,0,1,2012,288965,394,1,42,11,1,68,7
1699958579,cardioem,0,1,2012,181061,394,1,39,15,1,68,1
1700820461,cardioem,0,1,2012,114657,394,1,52,23,1,68,8
1083650386,cardioem,0,1,2012,284089,397,1,68,32,1,392,2
1083829568,cardioem,0,1,2012,99260,397,0,45,9,0,392,6
1144401027,cardioem,1,1,2012,68413,397,1,36,10,0,392,1
1205808318,cardioem,0,1,2012,180399,397,0,46,22,0,392,2
1346286192,cardioem,0,1,2012,173653,397,1,40,14,1,392,3
1689623597,cardioem,0,1,2012,97258,397,1,48,25,0,392,2
1740287051,cardioem,0,2,2012,257618,397,0,64,38,1,410,7
1821200296,cardioem,1,1,2012,278544,397,0,39,13,0,392,2
1982866653,cardioem,0,1,2012,183155,397,0,35,11,0,392,1
1992998645,cardioem,0,1,2012,158842,397,1,36,11,1,392,1
1528075124,cardioem,0,1,2012,282841,399,1,57,27,1,9,1
1194812669,cardioem,0,1,2012,178457,400,0,47,,1,31,1
1316941107,cardioem,1,1,2012,285426,400,1,41,16,0,31,1
1285730499,cardioem,0,1,2012,279732,402,0,72,45,0,23,12
1720230725,cardioem,0,1,2012,58938,402,0,37,10,0,23,4
1518999671,cardioem,0,1,2012,285427,406,0,45,18,1,14,2
1801877642,cardioem,0,2,2012,282726,406,0,57,21,1,25,3
1912178039,cardioem,1,1,2012,285181,411,0,35,11,0,10,2
1043324445,cardioem,0,1,2012,279659,412,0,76,33,0,122,2
1073705356,cardioem,0,1,2012,284113,412,0,34,5,1,122,1
1073775813,cardioem,1,1,2012,60558,412,0,34,7,0,122,2
1124027792,cardioem,0,1,2012,116808,412,0,55,22,1,122,2
1235196163,cardioem,0,1,2012,135044,412,1,42,16,1,122,1
1275509176,cardioem,0,1,2012,303533,412,0,59,30,1,122,1
1326046004,cardioem,0,1,2012,233840,412,0,51,19,1,122,2
1386714160,cardioem,1,1,2012,118067,412,0,65,32,1,122,2
1467439265,cardioem,0,1,2012,303533,412,0,45,14,0,122,3
1477635761,cardioem,0,2,2012,179877,412,0,42,14,1,143,4
1548435860,cardioem,0,1,2012,93140,412,1,34,7,1,122,1
1952309841,cardioem,0,1,2012,226048,412,0,60,33,0,122,1
1235151192,cardioem,0,1,2012,282738,413,0,47,24,0,19,1
1447440912,cardioem,1,1,2012,281570,413,0,36,8,1,19,2
1558332718,cardioem,0,1,2012,178219,413,0,41,12,1,19,2
1730384405,cardioem,1,1,2012,281570,413,1,31,5,1,19,3
1780666388,cardioem,0,1,2012,91997,413,0,42,15,1,19,2
1427217900,cardioem,0,1,2012,61680,416,0,37,12,0,24,1
1891913679,cardioem,1,1,2012,286525,416,0,38,14,1,24,1
1487817102,cardioem,0,1,2012,280349,417,0,32,4,1,7,2
1972751360,cardioem,0,1,2012,178927,417,0,32,4,0,7,1
1043224223,cardioem,1,2,2012,67069,418,0,65,28,1,21,3
1073580114,cardioem,1,2,2012,67069,418,0,61,35,1,21,7
1215904610,cardioem,1,2,2012,67069,418,0,51,23,1,21,6
1285637843,cardioem,1,1,2012,67069,418,0,54,27,1,9,1
1316914831,cardioem,1,2,2012,67069,418,0,59,34,1,21,8
1396740064,cardioem,1,2,2012,67069,418,0,54,28,1,21,6
1427051051,cardioem,1,2,2012,67069,418,0,58,32,1,21,6
1750358792,cardioem,1,2,2012,67069,418,0,42,15,1,21,7
1841293487,cardioem,1,2,2012,67069,418,0,52,21,1,21,9
1902872716,cardioem,1,2,2012,67069,418,1,51,14,1,21,4
1922075126,cardioem,1,2,2012,67069,418,1,43,17,1,21,9
1932103835,cardioem,1,2,2012,67069,418,1,72,13,1,21,2
1962479105,cardioem,1,1,2012,67069,418,0,76,,1,9,1
1245203835,cardioem,0,1,2012,286489,420,1,43,16,1,10,4
1437121274,cardioem,0,1,2012,286489,420,0,42,16,1,10,4
1013941228,cardioem,1,1,2012,334967,421,0,43,14,1,11,2
1104934280,cardioem,1,1,2012,334967,421,0,49,21,1,11,2
1194833244,cardioem,1,1,2012,334967,421,0,56,20,1,11,1
1235349192,cardioem,1,1,2012,334967,421,0,38,8,1,11,2
1245496397,cardioem,1,1,2012,334967,421,0,35,5,0,11,2
1275556870,cardioem,1,1,2012,334967,421,0,50,20,1,11,1
1306920772,cardioem,1,2,2012,334967,421,0,39,13,0,26,3
1326061920,cardioem,1,1,2012,334967,421,0,44,16,1,11,1
1326068974,cardioem,1,1,2012,334967,421,0,40,11,1,11,3
1366449241,cardioem,1,1,2012,334967,421,0,40,12,1,11,1
1588736292,cardioem,1,1,2012,334967,421,1,37,9,1,11,2
1639288715,cardioem,1,1,2012,334967,421,0,37,7,1,11,3
1699707059,cardioem,1,1,2012,334967,421,0,41,13,1,11,3
1730176512,cardioem,1,1,2012,334967,421,0,57,29,1,11,1
1770658684,cardioem,1,1,2012,334967,421,0,47,18,1,11,2
1912923541,cardioem,1,1,2012,334967,421,0,47,18,0,11,2
1922021427,cardioem,1,1,2012,334967,421,0,44,14,1,11,1
1932122520,cardioem,1,1,2012,334967,421,0,39,10,0,11,2
1932196771,cardioem,1,1,2012,334967,421,0,59,31,1,11,1
1194914747,cardioem,0,1,2012,310963,423,1,39,8,1,77,4
1740266972,cardioem,0,1,2012,176449,423,0,43,10,1,77,1
1063511483,cardioem,0,1,2012,69555,424,0,57,32,1,38,2
1619153996,cardioem,0,1,2012,6124,424,0,40,16,1,38,1
1083697908,cardioem,1,2,2012,292204,426,0,43,20,1,233,3
1174636716,cardioem,0,1,2012,113665,426,0,56,31,0,111,2
1326056045,cardioem,0,1,2012,223948,426,0,54,23,1,111,1
1386757482,cardioem,0,1,2012,222509,426,0,69,38,1,111,3
1679593909,cardioem,0,1,2012,113665,426,1,33,6,0,111,3
1760433205,cardioem,1,2,2012,113665,426,1,35,9,1,198,4
1275562068,cardioem,1,1,2012,222221,427,1,40,13,1,51,1
1205818473,cardioem,0,1,2012,62865,428,1,57,31,0,19,2
1700087202,cardioem,1,1,2012,222462,430,1,45,20,1,39,2
1053442558,cardioem,0,1,2012,223624,432,0,35,8,1,42,2
1033134267,cardioem,1,1,2012,132795,437,0,43,13,0,21,1
1164463378,cardioem,1,1,2012,233188,437,0,36,9,1,21,1
1558517623,cardioem,0,1,2012,214833,437,0,43,8,1,21,1
1548227531,cardioem,0,1,2012,329945,438,1,46,20,1,12,7
1770784019,cardioem,0,1,2012,329945,438,0,35,8,1,12,3
1053450627,cardioem,1,1,2012,328949,439,0,49,22,1,118,3
1336258292,cardioem,0,1,2012,160953,439,1,35,8,1,118,1
1396921342,cardioem,0,1,2012,117180,439,0,34,7,0,118,3
1922038827,cardioem,0,1,2012,329768,439,0,42,17,0,118,2
1215984638,cardioem,0,1,2012,175713,440,0,53,26,1,67,3
1619184025,cardioem,0,1,2012,65286,440,1,35,8,1,67,2
1780619890,cardioem,1,1,2012,328880,440,0,53,16,1,67,1
1780899799,cardioem,0,1,2012,65286,440,0,37,8,1,67,5
1679675888,cardioem,1,1,2012,330812,441,1,32,8,0,21,2
1962420406,cardioem,0,1,2012,255527,444,1,37,9,1,30,6
1124042429,cardioem,1,1,2012,162014,447,0,48,19,1,31,3
1093702714,cardioem,0,1,2012,161948,449,1,60,21,0,58,2
1164415519,cardioem,1,1,2012,13435,449,0,55,16,1,58,1
1629063110,cardioem,1,1,2012,162277,449,0,41,14,1,58,2
1861604290,cardioem,0,1,2012,161209,449,1,32,6,1,58,3
1942271846,cardioem,1,1,2012,162277,449,1,54,22,1,58,2
1023028339,cardioem,1,1,2012,161166,450,1,35,9,0,14,1
1083660229,cardioem,0,1,2012,95552,451,0,40,14,0,152,1
1114988730,cardioem,1,1,2012,161217,451,1,47,21,1,152,3
1235385220,cardioem,0,1,2012,150048,451,1,37,6,1,152,1
1437307030,cardioem,1,1,2012,162222,451,0,32,5,0,152,1
1114167764,cardioem,0,1,2013,61915,1,0,39,15,0,148,2
1205064219,cardioem,1,1,2013,92345,1,0,36,10,0,148,1
1265428031,cardioem,0,1,2013,112739,1,0,39,12,1,148,6
1295773125,cardioem,0,1,2013,258002,1,1,43,16,1,148,2
1528270790,cardioem,0,1,2013,116329,1,0,47,23,1,148,3
1629060785,cardioem,1,1,2013,261901,6,0,51,22,1,49,1
1659507986,cardioem,0,1,2013,261860,6,1,36,8,1,49,1
1851621064,cardioem,0,1,2013,172980,10,0,49,15,,26,2
1912995671,cardioem,0,1,2013,331721,10,1,61,26,1,26,3
1013901578,cardioem,0,1,2013,330556,11,1,49,21,1,63,1
1194980367,cardioem,0,1,2013,119086,11,0,33,5,1,63,7
1265662928,cardioem,0,1,2013,330556,11,0,31,6,0,63,2
1457314601,cardioem,0,1,2013,151311,11,0,60,33,1,63,2
1578717146,cardioem,0,1,2013,328274,11,1,56,26,0,63,2
1669418331,cardioem,0,1,2013,330556,11,0,47,16,0,63,2
1871566455,cardioem,0,1,2013,328274,11,0,45,18,1,63,4
1134163405,cardioem,0,1,2013,278262,12,1,46,15,0,188,4
1134232564,cardioem,0,1,2013,183289,12,0,66,19,1,188,1
1235301698,cardioem,1,1,2013,268398,12,0,44,20,1,188,1
1588741615,cardioem,0,2,2013,334087,12,0,46,19,1,205,2
1659379014,cardioem,1,1,2013,334633,12,0,44,18,1,188,2
1720054950,cardioem,0,1,2013,148823,12,0,50,22,1,188,2
1780662619,cardioem,1,1,2013,334633,12,0,43,19,0,188,3
1780693861,cardioem,0,1,2013,120340,12,0,45,17,0,188,1
1801025630,cardioem,0,1,2013,186217,12,0,31,4,1,188,1
1962675223,cardioem,1,1,2013,323713,12,1,33,7,1,188,2
1033159207,cardioem,0,1,2013,328274,14,1,41,15,0,21,4
1114145778,cardioem,0,1,2013,328274,14,1,36,8,1,21,8
1174560494,cardioem,0,1,2013,328274,14,1,49,20,1,21,2
1205880861,cardioem,0,1,2013,328274,14,0,64,33,1,21,3
1235176207,cardioem,0,1,2013,328274,14,0,63,37,1,21,4
1245277243,cardioem,0,1,2013,328274,14,0,67,39,1,21,6
1245287093,cardioem,0,1,2013,328274,14,1,41,16,0,21,3
1265472443,cardioem,0,1,2013,328274,14,0,42,13,0,21,6
1295720746,cardioem,1,2,2013,328274,14,0,40,13,1,301,5
1356379473,cardioem,0,1,2013,328274,14,1,44,17,1,21,4
1356381537,cardioem,0,1,2013,328274,14,1,45,23,0,21,8
1417901075,cardioem,0,1,2013,328274,14,0,63,34,1,21,6
1518925460,cardioem,0,1,2013,328274,14,0,57,31,1,21,5
1538113006,cardioem,0,1,2013,328274,14,0,62,38,1,21,4
1548397995,cardioem,0,1,2013,328274,14,0,46,14,0,21,10
1598735201,cardioem,0,1,2013,328274,14,1,55,35,0,21,7
1609813922,cardioem,0,1,2013,71206,14,1,50,28,1,21,1
1639119746,cardioem,0,1,2013,328274,14,0,66,27,1,21,5
1649279654,cardioem,0,1,2013,328274,14,0,64,38,1,21,5
1720062953,cardioem,0,1,2013,328274,14,1,43,14,1,21,3
1750597985,cardioem,0,1,2013,323808,14,0,50,7,0,21,1
1790764843,cardioem,0,1,2013,328274,14,1,40,13,1,21,2
1801830542,cardioem,0,1,2013,328274,14,0,52,11,1,21,1
1831362581,cardioem,0,1,2013,328274,14,1,34,10,0,21,3
1851345334,cardioem,0,1,2013,328274,14,0,46,15,0,21,4
1851553861,cardioem,0,1,2013,328274,14,1,36,7,1,21,2
1871540138,cardioem,0,1,2013,328274,14,0,69,42,1,21,3
1952355042,cardioem,0,1,2013,328274,14,1,52,17,1,21,2
1982691994,cardioem,0,1,2013,328274,14,0,60,31,1,21,6
1073565255,cardioem,1,1,2013,175510,15,0,70,44,1,63,1
1114027117,cardioem,0,1,2013,46148,15,0,58,29,0,63,1
1962453647,cardioem,0,2,2013,64063,15,0,54,31,0,91,2
1164556460,cardioem,1,1,2013,95519,16,0,41,,0,23,1
1215266036,cardioem,1,1,2013,276505,16,1,47,24,0,23,1
1427062058,cardioem,0,1,2013,117719,16,1,60,22,1,23,1
1881985760,cardioem,1,1,2013,276505,16,0,31,5,1,23,1
1144496191,cardioem,0,2,2013,98292,19,0,53,5,1,137,9
1588632384,cardioem,1,1,2013,273258,19,1,53,19,1,107,3
1659697555,cardioem,1,2,2013,260846,19,0,34,3,1,203,5
1811199029,cardioem,1,1,2013,227199,21,1,63,16,1,19,1
1417164450,cardioem,0,1,2013,328083,23,1,36,9,1,154,1
1104867605,cardioem,0,1,2013,271047,25,1,68,43,0,40,1
1356538060,cardioem,0,1,2013,271047,25,0,67,43,0,40,1
1649210493,cardioem,0,1,2013,290332,25,1,46,23,1,40,4
1679768204,cardioem,0,1,2013,94347,25,0,41,14,1,40,3
1093756140,cardioem,0,1,2013,160474,31,0,44,17,1,13,1
1487818373,cardioem,0,1,2013,233774,33,0,34,6,1,35,2
1548370786,cardioem,0,1,2013,271226,33,1,43,16,1,35,3
1972574739,cardioem,0,1,2013,167388,33,0,49,24,0,35,2
1265486070,cardioem,0,1,2013,103110,43,0,46,15,0,39,2
1548317126,cardioem,1,1,2013,334330,43,1,36,14,0,39,2
1104885094,cardioem,1,1,2013,340810,56,1,57,31,0,472,3
1225143274,cardioem,0,1,2013,134284,56,0,53,25,0,472,1
1265587075,cardioem,1,1,2013,339490,56,0,40,8,0,472,3
1316900236,cardioem,0,1,2013,95142,56,0,39,13,0,472,10
1356325021,cardioem,1,1,2013,340455,56,1,45,19,1,472,1
1487813549,cardioem,0,1,2013,339454,56,0,40,9,0,472,2
1518006550,cardioem,0,1,2013,97468,56,1,41,10,0,472,2
1568442986,cardioem,1,1,2013,332819,56,1,48,21,1,472,1
1598798043,cardioem,0,1,2013,339454,56,1,46,15,1,472,1
1598931131,cardioem,1,1,2013,134519,56,0,45,19,1,472,1
1639336134,cardioem,0,1,2013,340328,56,0,44,19,1,472,1
1528053303,cardioem,0,2,2013,334087,58,0,62,33,1,117,4
1528260429,cardioem,1,1,2013,333411,58,1,55,7,1,37,1
1598723538,cardioem,1,1,2013,233180,58,0,56,31,1,37,6
1215907233,cardioem,0,1,2013,270989,62,1,40,18,1,16,3
1316099443,cardioem,1,1,2013,335445,65,1,45,9,1,46,1
1326164369,cardioem,1,1,2013,99986,65,1,40,10,1,46,1
1487802187,cardioem,1,1,2013,335445,65,1,45,18,1,46,1
1689808073,cardioem,1,1,2013,335445,65,0,42,14,1,46,1
1710926381,cardioem,1,1,2013,335445,65,1,47,23,0,46,2
1760419386,cardioem,1,1,2013,335445,65,1,50,23,0,46,2
1841259231,cardioem,1,1,2013,342209,69,0,47,19,0,27,3
1053334995,cardioem,1,1,2013,271191,77,0,44,15,0,101,2
1063587152,cardioem,1,2,2013,270897,77,1,56,33,0,163,3
1114981818,cardioem,1,1,2013,270897,77,1,45,16,0,101,1
1427248954,cardioem,1,1,2013,333362,77,1,35,12,0,101,4
1497714927,cardioem,0,1,2013,182898,77,1,63,41,0,101,2
1548349038,cardioem,0,1,2013,333460,77,0,52,29,0,101,4
1689632077,cardioem,0,1,2013,333460,77,0,50,23,1,101,1
1699796227,cardioem,0,1,2013,120197,77,0,38,12,0,101,1
1699931584,cardioem,1,1,2013,271191,77,1,42,15,1,101,2
1710910336,cardioem,0,1,2013,333460,77,1,55,26,0,101,4
1720006067,cardioem,0,1,2013,333460,77,1,53,28,0,101,6
1720044761,cardioem,0,1,2013,333460,77,1,42,15,1,101,4
1023034873,cardioem,0,1,2013,136388,79,1,54,25,1,78,5
1326284258,cardioem,0,1,2013,180952,79,1,36,11,0,78,2
1669685079,cardioem,1,1,2013,135462,79,1,52,26,1,78,2
1104837426,cardioem,0,1,2013,336289,80,1,40,15,1,173,1
1265641930,cardioem,1,1,2013,87873,80,1,34,7,0,173,1
1326088964,cardioem,0,1,2013,101654,80,0,42,19,1,173,1
1659486025,cardioem,0,1,2013,335765,80,0,54,24,1,173,4
1689623548,cardioem,0,1,2013,178159,80,0,45,19,0,173,2
1780652420,cardioem,0,1,2013,336289,80,1,43,20,1,173,5
1033357033,cardioem,0,1,2013,271375,81,1,47,19,0,83,3
1073690277,cardioem,0,1,2013,270897,81,0,37,9,0,83,1
1104839620,cardioem,0,1,2013,261644,81,0,57,34,1,83,5
1265669907,cardioem,1,2,2013,335619,81,1,30,4,1,163,4
1467464867,cardioem,0,1,2013,52600,81,0,66,32,0,83,2
1497856827,cardioem,1,1,2013,335619,81,0,41,13,0,83,3
1821080862,cardioem,0,1,2013,114241,81,1,47,15,0,83,2
1790861813,cardioem,0,1,2013,113578,82,1,45,17,1,65,3
1821109398,cardioem,1,1,2013,178683,82,1,50,25,0,65,5
1821264862,cardioem,1,1,2013,291505,82,1,44,20,0,65,2
1881868537,cardioem,1,1,2013,178683,82,1,37,11,0,65,2
1447205505,cardioem,1,1,2013,333374,85,1,42,18,1,63,1
1790754489,cardioem,0,1,2013,61241,86,1,44,13,1,24,2
1114938032,cardioem,1,2,2013,323958,87,0,46,23,0,61,3
1124179353,cardioem,0,1,2013,234234,89,1,52,21,1,23,2
1205076379,cardioem,1,1,2013,134295,89,1,47,7,1,23,2
1649253881,cardioem,0,1,2013,233774,91,0,44,14,0,22,4
1730273855,cardioem,0,1,2013,290977,91,0,59,32,1,22,1
1831322148,cardioem,0,2,2013,270897,91,0,35,7,0,495,8
1356345391,cardioem,0,1,2013,316989,101,0,44,18,1,12,1
1265641013,cardioem,1,1,2013,316385,102,0,43,7,1,30,1
1548323348,cardioem,1,1,2013,316385,102,0,49,18,0,30,2
1316147036,cardioem,1,1,2013,279439,103,1,33,6,1,94,1
1639159239,cardioem,0,1,2013,316388,103,0,44,13,1,94,1
1649423914,cardioem,1,1,2013,316402,103,1,32,6,1,94,3
1780835728,cardioem,1,1,2013,316394,103,1,32,6,1,94,4
1952365686,cardioem,1,2,2013,316744,103,0,41,15,1,145,2
1861450116,cardioem,0,1,2013,97346,104,1,47,21,1,13,1
1245225093,cardioem,0,1,2013,316413,105,0,53,23,1,13,2
1073655585,cardioem,1,3,2013,328284,106,1,38,13,1,100,5
1407804503,cardioem,1,1,2013,328283,106,0,43,15,1,17,2
1437145190,cardioem,1,1,2013,328283,106,1,40,11,1,17,3
1356470876,cardioem,0,1,2013,183883,107,0,42,9,1,7,1
1700043692,cardioem,0,1,2013,317211,107,1,31,5,1,7,1
1134154560,cardioem,0,1,2013,293416,109,1,42,19,1,59,1
1992768477,cardioem,0,1,2013,33430,109,0,44,15,1,59,1
1447384326,cardioem,0,1,2013,214360,110,0,35,11,0,141,1
1376594531,cardioem,0,1,2013,180669,111,0,43,16,1,117,3
1336256502,cardioem,1,1,2013,219631,113,1,43,19,1,221,1
1407865082,cardioem,0,1,2013,219064,113,0,45,22,0,221,1
1477658045,cardioem,0,1,2013,219727,113,0,52,25,0,221,5
1548418825,cardioem,0,1,2013,55858,113,0,35,6,0,221,1
1578501474,cardioem,1,2,2013,219631,113,1,39,16,0,279,3
1982717765,cardioem,0,1,2013,50838,113,0,37,10,0,221,1
1023081643,cardioem,1,1,2013,251569,116,1,38,14,0,48,1
1720084445,cardioem,0,1,2013,62077,116,0,53,27,1,48,1
1396734646,cardioem,0,1,2013,144569,118,0,57,21,1,233,2
1447361662,cardioem,0,1,2013,267032,118,1,44,19,0,233,1
1558470443,cardioem,0,1,2013,57117,118,0,44,17,0,233,3
1831265404,cardioem,0,1,2013,267032,118,0,63,34,1,233,1
1922044742,cardioem,1,1,2013,254037,118,1,40,11,1,233,2
1033218821,cardioem,0,1,2013,267625,119,0,56,28,0,78,3
1104025790,cardioem,1,1,2013,65645,119,0,40,9,1,78,3
1124024047,cardioem,1,1,2013,57219,119,0,55,29,0,78,2
1255422598,cardioem,0,1,2013,266127,119,1,47,8,1,78,1
1295776128,cardioem,0,1,2013,117555,119,1,53,12,1,78,2
1326046756,cardioem,1,1,2013,101285,119,1,42,12,0,78,3
1376598276,cardioem,0,1,2013,247771,119,0,40,12,1,78,1
1548265424,cardioem,1,1,2013,137165,119,1,46,23,1,78,2
1548462740,cardioem,0,1,2013,68584,119,0,36,8,0,78,1
1558566653,cardioem,1,1,2013,247171,119,1,31,6,1,78,2
1588673495,cardioem,0,1,2013,41179,119,0,42,11,1,78,1
1780695098,cardioem,1,1,2013,247171,119,0,47,21,1,78,2
1508982273,cardioem,1,2,2013,106239,120,0,42,16,0,118,5
1568554202,cardioem,1,1,2013,247871,120,0,40,13,1,31,4
1023097136,cardioem,0,1,2013,6961,122,0,45,18,1,43,8
1194721019,cardioem,1,1,2013,174215,122,0,52,15,1,43,1
1669436770,cardioem,1,1,2013,174215,122,0,57,30,1,43,1
1114034626,cardioem,1,1,2013,251662,123,0,56,30,0,119,2
1437359981,cardioem,0,1,2013,253055,123,1,34,9,1,119,2
1477579746,cardioem,0,1,2013,160468,123,1,46,19,0,119,6
1508190638,cardioem,0,1,2013,267512,123,0,41,11,1,119,1
1760688998,cardioem,0,1,2013,251799,123,0,33,7,1,119,1
1790944700,cardioem,0,1,2013,54133,123,0,44,12,1,119,6
1861466641,cardioem,0,1,2013,54133,123,0,43,18,0,119,2
1922066604,cardioem,0,1,2013,54133,123,1,41,16,1,119,5
1932178308,cardioem,0,1,2013,325348,124,0,47,20,1,19,2
1336198670,cardioem,0,1,2013,100629,127,0,63,12,1,275,2
1780841809,cardioem,0,1,2013,144569,127,1,34,11,0,275,1
1053379735,cardioem,0,1,2013,182735,129,0,37,13,0,44,4
1093754657,cardioem,0,1,2013,65665,129,0,53,20,1,44,4
1144348434,cardioem,0,1,2013,160482,129,1,36,8,1,44,1
1588695100,cardioem,0,1,2013,85306,129,0,55,28,1,44,1
1790763332,cardioem,1,1,2013,251109,129,0,52,25,1,44,2
1821065657,cardioem,0,1,2013,160482,129,0,68,37,1,44,1
1821160664,cardioem,0,1,2013,65665,129,0,38,14,0,44,4
1982653325,cardioem,0,1,2013,160482,129,0,61,33,1,44,1
1982679924,cardioem,0,1,2013,160482,129,0,64,38,1,44,2
1033162680,cardioem,1,1,2013,251285,130,0,46,20,1,266,2
1093907560,cardioem,0,1,2013,253188,130,1,34,8,1,266,1
1114191079,cardioem,0,1,2013,189874,130,1,31,5,1,266,1
1114221801,cardioem,0,1,2013,17628,130,1,35,7,1,266,1
1326243908,cardioem,1,1,2013,251440,130,0,58,35,1,266,3
1346337144,cardioem,0,1,2013,253880,130,0,40,16,1,266,2
1386976009,cardioem,0,1,2013,252772,130,1,47,21,0,266,1
1407035306,cardioem,1,1,2013,251440,130,0,38,15,0,266,1
1417990821,cardioem,0,1,2013,266788,130,0,49,12,1,266,4
1447226006,cardioem,1,1,2013,264683,130,0,55,29,1,266,3
1447318274,cardioem,0,1,2013,251145,130,0,59,28,1,266,2
1518040492,cardioem,0,1,2013,325348,130,1,61,35,1,266,7
1518053537,cardioem,0,1,2013,65665,130,1,42,10,1,266,2
1538217815,cardioem,0,1,2013,325348,130,1,43,17,0,266,1
1639159247,cardioem,0,2,2013,182716,130,0,37,13,1,293,3
1639226459,cardioem,0,1,2013,250016,130,0,46,10,0,266,1
1730207317,cardioem,0,1,2013,325348,130,1,36,10,0,266,2
1750367611,cardioem,0,1,2013,325348,130,0,49,23,0,266,1
1780696310,cardioem,0,1,2013,267512,130,1,47,,1,266,3
1811928237,cardioem,0,1,2013,106461,130,0,38,10,0,266,2
1881708691,cardioem,0,1,2013,132832,130,1,57,33,1,266,1
1285771444,cardioem,0,1,2013,267512,131,1,47,11,1,28,1
1548381049,cardioem,0,1,2013,247216,131,0,35,9,1,28,2
1093785982,cardioem,1,2,2013,328404,133,1,41,15,1,234,3
1174652275,cardioem,1,1,2013,247152,134,1,43,13,1,44,1
1427355601,cardioem,0,1,2013,261263,134,0,32,5,1,44,2
1447293386,cardioem,1,1,2013,250648,134,0,51,21,1,44,2
1518942333,cardioem,0,2,2013,261263,134,0,40,11,1,174,6
1720008436,cardioem,0,1,2013,108461,134,1,53,27,1,44,1
1902134380,cardioem,0,1,2013,18211,134,0,50,21,1,44,7
1003865320,cardioem,0,1,2013,25264,139,0,62,25,1,32,1
1194831479,cardioem,0,1,2013,261013,139,0,63,36,1,32,3
1386660496,cardioem,0,1,2013,261013,139,0,59,34,1,32,1
1508857681,cardioem,0,1,2013,261013,139,1,66,40,1,32,3
1639404601,cardioem,0,1,2013,253486,139,1,37,6,1,32,1
1720044951,cardioem,0,1,2013,261013,139,0,62,35,1,32,1
1760446363,cardioem,0,1,2013,261013,139,0,47,21,1,32,5
1841306651,cardioem,0,1,2013,261013,139,0,63,41,0,32,3
1841594801,cardioem,0,1,2013,261013,139,0,31,4,1,32,4
1720045552,cardioem,0,1,2013,101624,140,0,52,26,1,31,3
1205090974,cardioem,0,1,2013,247244,141,0,35,6,1,84,2
1245455377,cardioem,1,1,2013,251389,141,0,52,8,1,84,2
1407090210,cardioem,0,1,2013,247871,141,0,32,4,1,84,1
1659660009,cardioem,1,1,2013,252082,141,0,35,5,1,84,2
1699778019,cardioem,0,1,2013,252943,141,0,65,38,1,84,3
1104935063,cardioem,0,1,2013,241239,144,1,35,11,1,339,1
1215268040,cardioem,0,1,2013,104786,144,0,36,7,0,339,1
1225178825,cardioem,0,1,2013,121888,144,0,42,14,0,339,3
1295967404,cardioem,0,1,2013,242031,144,1,31,4,0,339,2
1407029382,cardioem,0,1,2013,64957,144,0,37,5,1,339,3
1457513186,cardioem,0,1,2013,127490,144,0,46,20,1,339,1
1477789493,cardioem,0,1,2013,140538,144,1,32,1,1,339,2
1497755706,cardioem,0,1,2013,251699,144,0,46,15,1,339,1
1548223779,cardioem,0,1,2013,238548,144,0,42,12,1,339,4
1548428519,cardioem,0,1,2013,114189,144,1,34,8,1,339,2
1659347581,cardioem,0,1,2013,241992,144,1,38,12,1,339,4
1740258896,cardioem,0,1,2013,240819,144,0,41,14,0,339,3
1821205360,cardioem,0,1,2013,241586,144,1,36,8,0,339,1
1912094046,cardioem,0,1,2013,121888,144,0,38,12,1,339,1
1952591125,cardioem,1,1,2013,116181,144,0,40,18,0,339,2
1992907760,cardioem,0,1,2013,164019,144,1,35,9,0,339,1
1154652741,cardioem,1,2,2013,240236,146,1,32,6,1,56,7
1184692790,cardioem,0,1,2013,335967,149,0,46,18,1,41,1
1558365049,cardioem,0,1,2013,92821,149,1,57,18,1,41,6
1841252905,cardioem,1,2,2013,241479,149,1,49,15,0,398,3
1780629543,cardioem,0,1,2013,342569,150,1,37,11,,61,2
1093779365,cardioem,0,1,2013,48139,151,0,70,39,1,31,1
1306004114,cardioem,0,1,2013,48139,151,0,44,20,1,31,3
1730313586,cardioem,1,1,2013,176317,151,0,34,4,1,31,2
1841204567,cardioem,1,1,2013,176317,151,0,37,11,1,31,1
1023007143,cardioem,1,1,2013,145793,155,0,38,11,0,67,1
1114033669,cardioem,1,1,2013,145793,155,1,49,22,1,67,3
1407015704,cardioem,0,1,2013,179736,155,0,31,5,1,67,1
1437143013,cardioem,0,1,2013,149695,155,0,54,30,0,67,2
1497741953,cardioem,0,1,2013,148823,155,1,60,32,1,67,2
1679748552,cardioem,1,1,2013,145793,155,1,32,7,0,67,3
1710952924,cardioem,1,1,2013,145793,155,1,57,33,1,67,2
1861612475,cardioem,1,1,2013,145793,155,1,40,16,0,67,2
1942249008,cardioem,0,1,2013,148823,155,0,47,19,1,67,3
1942311972,cardioem,1,1,2013,145793,155,1,40,11,1,67,1
1962689117,cardioem,1,1,2013,145793,155,1,36,13,0,67,3
1275524449,cardioem,0,1,2013,141694,156,0,58,31,1,177,4
1366485740,cardioem,1,1,2013,145808,156,1,39,13,1,177,1
1427269737,cardioem,1,1,2013,146891,156,0,36,7,1,177,1
1649325929,cardioem,0,1,2013,145549,156,1,72,46,0,177,1
1851483119,cardioem,0,1,2013,51322,156,0,51,22,1,177,4
1902873342,cardioem,0,1,2013,98608,156,0,42,17,0,177,3
1093743163,cardioem,0,1,2013,147089,158,1,41,14,1,29,1
1548272545,cardioem,0,1,2013,132002,158,0,56,29,1,29,2
1972814267,cardioem,0,1,2013,161254,158,1,42,14,0,29,1
1649479296,cardioem,0,1,2013,120114,161,0,47,18,1,82,1
1386840148,cardioem,1,1,2013,145933,163,1,35,6,0,45,1
1407049505,cardioem,0,1,2013,91736,163,1,39,13,0,45,1
1417122599,cardioem,0,1,2013,117228,163,0,37,11,1,45,1
1417122763,cardioem,1,1,2013,145793,163,1,36,11,1,45,2
1447321849,cardioem,0,1,2013,145793,164,1,56,11,1,36,3
1013011394,cardioem,1,1,2013,152050,170,0,57,30,1,30,3
1891959086,cardioem,0,1,2013,122715,170,0,32,,1,30,1
1770598245,cardioem,1,1,2013,147376,171,0,68,41,1,33,1
1073742664,cardioem,0,1,2013,152903,172,0,30,4,1,46,2
1598911281,cardioem,0,1,2013,127594,172,0,37,6,0,46,1
1770576209,cardioem,1,2,2013,152448,172,1,39,11,1,122,4
1285737213,cardioem,1,1,2013,87901,173,0,49,22,1,25,1
1609958032,cardioem,1,1,2013,152112,173,0,36,12,0,25,2
1518031475,cardioem,1,1,2013,257904,181,0,48,20,1,33,2
1639335086,cardioem,1,1,2013,179959,181,0,32,5,1,33,1
1649458712,cardioem,1,1,2013,257904,181,0,61,35,0,33,2
1801873435,cardioem,0,1,2013,154271,181,0,40,3,0,33,1
1922072503,cardioem,0,1,2013,143437,181,0,49,27,0,33,1
1003898065,cardioem,1,1,2013,257904,183,0,56,31,1,165,5
1043292022,cardioem,1,1,2013,257904,183,0,42,15,1,165,1
1043382385,cardioem,1,1,2013,257904,183,0,66,41,0,165,4
1083665384,cardioem,1,1,2013,69549,183,0,49,22,0,165,2
1093756348,cardioem,1,1,2013,257904,183,1,38,10,1,165,7
1104095033,cardioem,1,1,2013,257904,183,1,38,8,1,165,4
1104808252,cardioem,1,1,2013,257904,183,0,48,21,1,165,9
1144250689,cardioem,1,1,2013,69549,183,0,41,12,1,165,2
1144485764,cardioem,1,1,2013,257904,183,0,42,5,1,165,3
1144494592,cardioem,1,1,2013,257904,183,0,55,28,1,165,11
1164490215,cardioem,1,1,2013,257904,183,0,58,32,1,165,6
1225003262,cardioem,1,1,2013,257904,183,0,42,14,1,165,5
1245214162,cardioem,1,1,2013,69549,183,1,43,15,1,165,4
1255337366,cardioem,1,1,2013,257904,183,1,53,26,1,165,2
1275644361,cardioem,0,1,2013,96855,183,0,38,11,1,165,1
1295061802,cardioem,1,1,2013,257904,183,0,40,7,0,165,1
1295717270,cardioem,1,1,2013,257904,183,0,60,34,1,165,5
1336378926,cardioem,1,1,2013,257904,183,1,35,9,0,165,2
1356354534,cardioem,1,1,2013,257904,183,0,63,38,1,165,5
1356485833,cardioem,1,1,2013,257904,183,0,53,30,0,165,1
1376552265,cardioem,1,1,2013,257904,183,0,62,37,1,165,1
1386728863,cardioem,1,1,2013,257904,183,0,35,8,1,165,4
1417023581,cardioem,1,1,2013,257904,183,0,50,17,1,165,1
1417934829,cardioem,1,1,2013,257904,183,0,60,34,1,165,8
1437349180,cardioem,1,1,2013,257904,183,0,36,10,1,165,4
1467455931,cardioem,1,1,2013,257904,183,1,45,19,1,165,1
1528040102,cardioem,1,1,2013,257904,183,0,58,31,1,165,5
1538141650,cardioem,1,1,2013,257904,183,0,59,33,1,165,3
1548242522,cardioem,1,1,2013,257904,183,0,55,28,1,165,3
1578566048,cardioem,1,1,2013,257904,183,0,48,21,1,165,9
1639114036,cardioem,0,1,2013,331877,183,0,39,15,1,165,3
1679555718,cardioem,1,1,2013,257904,183,0,45,18,1,165,5
1710962840,cardioem,1,1,2013,257904,183,0,44,17,1,165,2
1821191339,cardioem,1,1,2013,102012,183,0,49,23,0,165,1
1831172949,cardioem,1,1,2013,257904,183,1,39,12,1,165,3
1902878861,cardioem,1,1,2013,69549,183,1,57,27,1,165,3
1922001494,cardioem,1,1,2013,257904,183,0,42,16,1,165,5
1922209709,cardioem,0,1,2013,17674,183,1,33,6,1,165,1
1952473290,cardioem,1,1,2013,257904,183,0,67,42,0,165,3
1952566572,cardioem,1,1,2013,257904,183,0,32,5,1,165,3
1982616348,cardioem,1,1,2013,257904,183,1,36,9,1,165,2
1316969579,cardioem,1,1,2013,257904,184,1,38,12,1,14,2
1821021791,cardioem,1,1,2013,257904,184,0,64,38,1,14,4
1952313215,cardioem,0,2,2013,143296,184,0,35,9,1,66,5
1417281197,cardioem,1,1,2013,142553,187,1,32,5,1,34,2
1073751194,cardioem,0,1,2013,167123,190,1,42,17,0,15,2
1184715641,cardioem,1,1,2013,166509,191,0,54,28,1,19,3
1275505505,cardioem,0,1,2013,149239,191,1,41,13,1,19,2
1295709657,cardioem,0,1,2013,149239,191,0,49,26,1,19,4
1326010299,cardioem,0,1,2013,149239,191,0,48,21,1,19,2
1497990667,cardioem,0,1,2013,149239,191,0,31,5,1,19,2
1750353744,cardioem,0,1,2013,149239,191,0,54,27,1,19,3
1003876863,cardioem,1,1,2013,167057,192,0,56,29,1,42,4
1023096518,cardioem,1,1,2013,167080,192,1,42,14,1,42,3
1043207939,cardioem,1,1,2013,167057,192,0,36,8,1,42,1
1063471720,cardioem,1,1,2013,167057,192,1,43,16,1,42,6
1073667606,cardioem,1,1,2013,167057,192,1,38,9,1,42,7
1083677512,cardioem,1,1,2013,167057,192,0,38,10,1,42,9
1083804793,cardioem,1,1,2013,167057,192,1,35,7,1,42,3
1093764615,cardioem,1,1,2013,167057,192,0,48,26,0,42,4
1093792962,cardioem,1,1,2013,167057,192,1,43,15,1,42,1
1093974172,cardioem,1,1,2013,167057,192,0,32,5,1,42,2
1104939545,cardioem,1,1,2013,167057,192,1,34,7,1,42,1
1124353099,cardioem,1,1,2013,167057,192,0,36,5,1,42,5
1134108004,cardioem,1,1,2013,167057,192,1,42,16,1,42,3
1134127707,cardioem,1,1,2013,167057,192,0,65,40,1,42,5
1134188683,cardioem,1,1,2013,167057,192,1,53,22,1,42,1
1134189640,cardioem,1,1,2013,167057,192,1,43,14,1,42,2
1164627204,cardioem,1,1,2013,167057,192,1,33,6,1,42,2
1225099344,cardioem,1,1,2013,167057,192,0,65,27,1,42,6
1245218023,cardioem,1,1,2013,167057,192,0,55,28,1,42,5
1255391983,cardioem,1,1,2013,167057,192,0,47,23,1,42,9
1265410450,cardioem,1,1,2013,167057,192,0,46,18,1,42,3
1265492458,cardioem,1,1,2013,167057,192,1,49,20,1,42,3
1275592941,cardioem,1,1,2013,167057,192,0,57,32,1,42,7
1285693796,cardioem,1,1,2013,167057,192,1,65,38,1,42,3
1306009360,cardioem,1,1,2013,167057,192,0,31,5,1,42,3
1306824115,cardioem,1,1,2013,167057,192,1,56,30,1,42,4
1306852967,cardioem,1,1,2013,167057,192,1,47,23,0,42,4
1306872528,cardioem,0,1,2013,166490,192,0,53,12,1,42,1
1326008822,cardioem,1,1,2013,167057,192,1,44,17,1,42,1
1346537560,cardioem,1,1,2013,167057,192,1,28,2,1,42,1
1376520338,cardioem,1,1,2013,167057,192,1,37,11,1,42,7
1376548784,cardioem,1,1,2013,167057,192,0,56,30,1,42,2
1396706362,cardioem,1,1,2013,167057,192,1,37,10,1,42,2
1447226840,cardioem,1,1,2013,167057,192,0,71,36,1,42,2
1447279971,cardioem,1,2,2013,167057,192,1,38,13,0,101,13
1477532125,cardioem,1,1,2013,167057,192,0,58,27,1,42,7
1497715262,cardioem,1,1,2013,167057,192,0,41,14,1,42,7
1508844309,cardioem,1,1,2013,167057,192,0,39,11,1,42,6
1508845454,cardioem,0,1,2013,166473,192,0,63,38,1,42,3
1518914662,cardioem,1,1,2013,167057,192,0,40,12,1,42,2
1518928530,cardioem,1,1,2013,167057,192,1,60,21,1,42,4
1528046117,cardioem,1,1,2013,167080,192,1,52,19,1,42,3
1528059086,cardioem,1,1,2013,167057,192,0,59,33,1,42,9
1568421873,cardioem,1,1,2013,167057,192,1,40,13,1,42,3
1578541108,cardioem,1,1,2013,167057,192,0,52,26,1,42,2
1609038082,cardioem,1,1,2013,167057,192,1,42,16,0,42,2
1619936382,cardioem,1,1,2013,167057,192,1,41,14,1,42,6
1629038195,cardioem,1,1,2013,167057,192,0,64,37,1,42,11
1629089974,cardioem,1,1,2013,167057,192,0,34,7,1,42,2
1649408808,cardioem,1,1,2013,167057,192,0,33,4,1,42,1
1669459533,cardioem,1,1,2013,167057,192,0,60,33,1,42,4
1679527428,cardioem,1,1,2013,167057,192,1,49,23,1,42,5
1699752790,cardioem,1,1,2013,167057,192,0,54,27,1,42,2
1700089539,cardioem,1,1,2013,167057,192,1,33,6,1,42,4
1700846474,cardioem,1,1,2013,167057,192,0,62,36,1,42,3
1700859261,cardioem,1,1,2013,167057,192,1,58,27,1,42,3
1710947346,cardioem,1,1,2013,167057,192,1,63,16,1,42,2
1740268002,cardioem,1,1,2013,167057,192,0,51,25,1,42,9
1750368817,cardioem,1,1,2013,167057,192,0,37,11,1,42,7
1760441273,cardioem,1,1,2013,167057,192,0,42,16,1,42,4
1760442529,cardioem,1,1,2013,167057,192,0,62,36,1,42,12
1760442768,cardioem,1,1,2013,167057,192,1,55,27,1,42,9
1760680235,cardioem,1,1,2013,167057,192,1,32,6,1,42,1
1780643163,cardioem,1,1,2013,167057,192,0,63,38,1,42,7
1790754695,cardioem,1,1,2013,167057,192,0,42,13,1,42,7
1811904295,cardioem,1,1,2013,167057,192,1,46,13,1,42,7
1821058322,cardioem,1,1,2013,167057,192,1,40,13,1,42,8
1821297185,cardioem,1,1,2013,167057,192,0,35,7,1,42,3
1831159193,cardioem,1,1,2013,167057,192,0,50,22,1,42,1
1841259504,cardioem,1,1,2013,167057,192,0,39,13,1,42,3
1841279734,cardioem,1,1,2013,167057,192,1,56,30,1,42,12
1851351456,cardioem,1,1,2013,167057,192,0,81,55,1,42,2
1881691517,cardioem,1,1,2013,167057,192,0,56,30,1,42,8
1922236181,cardioem,1,1,2013,167057,192,1,31,4,1,42,4
1942260559,cardioem,1,1,2013,167057,192,1,60,27,1,42,4
1942298088,cardioem,1,1,2013,167057,192,0,40,14,1,42,7
1982664082,cardioem,1,1,2013,167057,192,1,45,16,1,42,5
1992757116,cardioem,1,1,2013,167057,192,0,60,,1,42,3
1992765994,cardioem,1,1,2013,167057,192,0,61,35,1,42,5
1124132188,cardioem,1,4,2013,166498,194,0,56,31,0,216,6
1013934801,cardioem,0,1,2013,166480,197,0,50,15,1,11,1
1023094265,cardioem,0,1,2013,167057,197,0,60,34,1,11,4
1053349167,cardioem,0,1,2013,167057,197,0,36,13,0,11,2
1083880066,cardioem,0,1,2013,167057,197,1,31,8,0,11,3
1144253212,cardioem,0,1,2013,167057,197,1,37,7,1,11,1
1154309870,cardioem,0,1,2013,167057,197,1,52,26,1,11,4
1194704718,cardioem,0,1,2013,167057,197,0,46,20,1,11,5
1215914312,cardioem,0,1,2013,167057,197,1,69,,0,11,1
1235116369,cardioem,0,1,2013,167057,197,1,41,17,0,11,5
1245506864,cardioem,0,1,2013,167057,197,0,49,4,1,11,4
1316043565,cardioem,0,1,2013,167057,197,0,39,14,1,11,8
1336127737,cardioem,0,1,2013,167057,197,1,58,30,1,11,5
1356382923,cardioem,0,1,2013,167057,197,1,45,9,1,11,3
1366428559,cardioem,0,1,2013,167057,197,0,73,49,0,11,5
1386651560,cardioem,1,1,2013,166868,197,0,47,21,1,11,2
1396722468,cardioem,0,1,2013,167057,197,0,44,17,1,11,3
1447237318,cardioem,1,1,2013,166868,197,1,42,15,1,11,1
1508823998,cardioem,0,1,2013,167057,197,0,40,16,0,11,5
1568423531,cardioem,0,1,2013,167057,197,1,34,8,1,11,4
1609860253,cardioem,0,1,2013,167057,197,1,39,13,1,11,2
1609989789,cardioem,0,1,2013,167057,197,1,54,27,1,11,4
1700021805,cardioem,0,1,2013,167057,197,0,40,17,0,11,1
1740287614,cardioem,0,1,2013,167057,197,0,35,9,1,11,5
1851378970,cardioem,0,1,2013,167057,197,0,49,22,1,11,1
1851515688,cardioem,0,1,2013,167057,197,1,43,20,1,11,1
1972580892,cardioem,0,1,2013,167057,197,0,46,12,1,11,2
1376854059,cardioem,1,1,2013,211813,201,0,31,3,1,59,1
1821037979,cardioem,1,1,2013,211786,201,0,42,18,1,59,3
1417113226,cardioem,1,1,2013,255568,204,0,34,6,1,80,1
1437137957,cardioem,1,1,2013,130700,204,0,54,28,1,80,2
1023173077,cardioem,0,1,2013,142005,205,0,44,8,1,88,2
1154518074,cardioem,1,1,2013,256607,205,1,35,6,1,88,2
1619991890,cardioem,0,1,2013,130263,205,1,38,13,1,88,1
1790796654,cardioem,1,1,2013,69982,205,0,41,8,1,88,1
1952599763,cardioem,0,1,2013,154585,205,1,32,6,1,88,1
1538162458,cardioem,0,1,2013,256941,208,0,64,38,1,20,2
1770613705,cardioem,0,1,2013,274607,210,0,33,7,1,42,4
1780827071,cardioem,1,1,2013,175359,210,1,30,4,0,42,1
1306801634,cardioem,0,1,2013,288631,214,0,41,15,1,9,1
1760708606,cardioem,0,1,2013,288631,214,0,40,14,0,9,1
1972682300,cardioem,0,1,2013,288631,214,1,63,27,1,9,5
1962406298,cardioem,0,1,2013,275977,216,0,69,44,1,36,1
1043218340,cardioem,0,1,2013,218661,218,0,56,32,1,57,1
1205071164,cardioem,1,1,2013,275192,218,1,33,8,1,57,4
1023069796,cardioem,0,1,2013,3986,222,1,41,14,1,77,3
1225010184,cardioem,1,1,2013,550,222,0,59,33,1,77,5
1982697892,cardioem,1,1,2013,566,222,1,48,18,0,77,3
1053371575,cardioem,0,1,2013,217793,223,0,41,17,1,228,3
1275723868,cardioem,0,1,2013,161166,223,0,36,10,0,228,1
1407006992,cardioem,0,1,2013,216459,223,0,34,10,1,228,5
1518999424,cardioem,0,1,2013,99816,223,1,47,10,1,228,2
1639171440,cardioem,0,1,2013,216330,223,0,56,30,1,228,1
1942255468,cardioem,0,1,2013,217717,223,1,43,19,0,228,2
1336328772,cardioem,0,1,2013,216332,225,0,54,28,1,42,1
1164492880,cardioem,0,1,2013,219727,226,1,59,37,0,62,4
1184880932,cardioem,0,2,2013,219658,226,1,35,10,0,183,3
1023091766,cardioem,1,1,2013,10039,227,0,42,12,0,456,2
1043474018,cardioem,0,1,2013,9944,227,0,55,28,1,456,2
1184760712,cardioem,0,1,2013,8314,227,1,55,28,1,456,2
1316142748,cardioem,1,1,2013,10422,227,1,35,6,1,456,1
1376642157,cardioem,0,1,2013,9259,227,1,59,36,1,456,2
1396732608,cardioem,0,1,2013,168023,227,0,49,23,1,456,3
1558556217,cardioem,1,1,2013,8908,227,0,38,9,0,456,1
1568408979,cardioem,0,1,2013,9944,227,0,58,32,1,456,4
1568575496,cardioem,1,1,2013,79028,227,0,36,7,1,456,2
1609032580,cardioem,1,1,2013,118578,227,0,34,9,0,456,2
1750689840,cardioem,1,1,2013,10209,227,0,33,4,1,456,3
1386617025,cardioem,0,1,2013,9793,230,1,50,23,1,52,1
1063698322,cardioem,1,1,2013,9404,231,1,42,16,0,57,1
1457386369,cardioem,0,1,2013,168023,231,0,40,14,1,57,1
1336300508,cardioem,1,1,2013,160953,232,1,32,5,1,100,1
1790959492,cardioem,1,1,2013,160953,232,1,33,5,0,100,3
1073675427,cardioem,0,1,2013,60819,233,0,44,9,1,46,4
1386623932,cardioem,0,1,2013,157880,233,0,68,43,0,46,1
1477591139,cardioem,0,1,2013,159419,233,0,58,33,1,46,3
1538361530,cardioem,0,1,2013,123529,233,0,36,9,0,46,3
1912911447,cardioem,0,1,2013,155953,233,0,74,48,1,46,1
1982692273,cardioem,0,1,2013,156520,233,0,58,34,1,46,2
1154646842,cardioem,0,1,2013,64468,234,0,35,-2,1,105,1
1457322794,cardioem,0,2,2013,155254,234,1,41,19,0,123,2
1477711893,cardioem,1,2,2013,154585,234,1,31,5,1,215,2
1629201827,cardioem,0,1,2013,155087,234,0,45,8,1,105,1
1568547958,cardioem,0,1,2013,157972,235,0,47,21,0,34,5
1043201882,cardioem,0,1,2013,157880,236,0,66,8,1,47,3
1235223926,cardioem,0,2,2013,157880,236,1,52,9,1,90,9
1427066646,cardioem,0,1,2013,157880,236,0,60,33,0,47,2
1598914194,cardioem,0,2,2013,154633,236,0,56,26,1,92,2
1700070067,cardioem,0,1,2013,251036,236,0,37,10,1,47,1
1740267947,cardioem,0,1,2013,157880,236,0,66,22,1,47,2
1811000953,cardioem,0,1,2013,154618,236,1,34,7,0,47,1
1831311778,cardioem,0,1,2013,60819,236,0,40,13,1,47,3
1902813660,cardioem,0,1,2013,157880,236,1,69,35,1,47,6
1093819732,cardioem,1,1,2013,157880,238,0,61,26,1,25,3
1174522957,cardioem,0,1,2013,156413,238,0,44,18,1,25,1
1386634459,cardioem,1,1,2013,157880,238,1,53,27,1,25,3
1669628160,cardioem,1,1,2013,157880,238,0,53,27,1,25,1
1801885371,cardioem,1,1,2013,154682,238,0,60,32,1,25,1
1861630907,cardioem,0,1,2013,179805,238,0,38,15,1,25,1
1770546103,cardioem,0,1,2013,159218,239,1,49,20,1,40,6
1073525507,cardioem,0,1,2013,187723,244,0,64,37,1,20,4
1386775419,cardioem,0,1,2013,187723,244,0,36,8,1,20,4
1811099559,cardioem,0,1,2013,154593,244,1,45,21,1,20,1
1649292269,cardioem,0,1,2013,159340,245,0,66,36,1,97,1
1952385098,cardioem,0,1,2013,72157,245,1,44,20,1,97,4
1023030772,cardioem,0,1,2013,157880,246,0,61,33,1,45,1
1316969066,cardioem,0,1,2013,157880,246,1,58,32,1,45,5
1811961899,cardioem,0,1,2013,159797,248,0,56,27,1,6,1
1033314513,cardioem,0,1,2013,103097,249,0,41,13,1,8,3
1821065533,cardioem,1,1,2013,164026,251,0,60,32,1,170,2
1831134352,cardioem,0,2,2013,161358,251,0,54,27,1,183,2
1972588150,cardioem,1,1,2013,164759,254,0,44,17,1,18,2
1265694129,cardioem,0,1,2013,260350,257,1,40,5,1,10,4
1558522193,cardioem,0,1,2013,63741,262,1,33,6,1,14,1
1386755056,cardioem,0,1,2013,59562,264,0,37,12,0,41,4
1609840305,cardioem,1,1,2013,327633,264,1,43,17,1,41,1
1790709111,cardioem,1,2,2013,168639,264,0,58,29,1,382,2
1184730921,cardioem,0,1,2013,172244,268,1,52,19,1,164,1
1811195894,cardioem,0,1,2013,45053,268,1,35,11,0,164,3
1225200769,cardioem,0,1,2013,170165,273,0,34,10,0,215,2
1356548267,cardioem,0,1,2013,122715,273,0,41,16,1,215,1
1356557698,cardioem,1,1,2013,169376,273,0,40,8,1,215,2
1477767101,cardioem,1,1,2013,169376,273,1,35,9,1,215,2
1396979118,cardioem,1,1,2013,294459,274,1,34,4,1,22,1
1326207333,cardioem,0,1,2013,294513,276,1,32,5,1,22,1
1275568883,cardioem,0,1,2013,106488,279,0,54,26,1,102,1
1295781359,cardioem,0,1,2013,336349,279,0,55,17,1,102,1
1346232790,cardioem,0,1,2013,335564,279,0,62,,1,102,1
1457475410,cardioem,1,1,2013,326514,279,1,34,11,0,102,1
1770520306,cardioem,0,1,2013,50735,279,0,45,18,0,102,6
1265440994,cardioem,1,1,2013,78647,281,1,59,20,1,21,2
1154434462,cardioem,0,1,2013,78647,282,1,46,7,1,52,1
1295781748,cardioem,1,1,2013,326298,282,1,48,21,1,52,3
1821155748,cardioem,0,1,2013,281524,282,1,57,27,1,52,2
1952312381,cardioem,0,1,2013,95936,282,0,42,19,1,52,1
1982672952,cardioem,1,2,2013,257616,282,1,51,26,1,200,4
1073554838,cardioem,0,1,2013,96415,283,0,53,31,0,310,2
1114983541,cardioem,0,1,2013,77932,283,0,54,28,0,310,3
1194740225,cardioem,1,2,2013,219946,283,0,56,29,1,547,22
1245557883,cardioem,1,1,2013,80588,283,1,35,7,0,310,1
1376549642,cardioem,1,1,2013,80119,283,0,55,29,1,310,3
1629047709,cardioem,0,1,2013,39760,283,0,44,16,0,310,2
1770626111,cardioem,0,1,2013,39760,283,1,61,28,1,310,4
1780651448,cardioem,0,1,2013,117252,283,1,56,28,0,310,1
1114986379,cardioem,1,1,2013,175758,284,1,42,15,1,141,1
1346292786,cardioem,0,1,2013,137460,284,1,60,29,0,141,3
1417049131,cardioem,0,1,2013,101770,284,0,40,18,0,141,1
1427122464,cardioem,0,1,2013,144426,284,0,74,46,1,141,1
1609818756,cardioem,0,1,2013,81379,285,1,40,15,0,108,3
1609822501,cardioem,0,1,2013,81379,285,1,51,24,1,108,2
1629081211,cardioem,0,1,2013,81379,285,0,43,10,0,108,4
1699801647,cardioem,0,1,2013,81379,285,0,57,23,1,108,1
1942386917,cardioem,0,1,2013,81379,285,0,50,19,1,108,1
1194718130,cardioem,0,3,2013,62823,288,0,55,17,1,804,9
1609989110,cardioem,1,1,2013,81659,289,1,68,23,1,112,1
1275798357,cardioem,0,1,2013,219265,291,1,57,27,1,24,2
1770515918,cardioem,1,2,2013,219265,291,0,63,33,1,72,4
1861658387,cardioem,1,2,2013,175694,292,0,36,8,1,548,4
1699706952,cardioem,0,1,2013,2569,293,0,46,16,0,73,2
1952318925,cardioem,1,1,2013,316394,293,0,39,10,1,73,1
1053522268,cardioem,1,1,2013,38238,295,1,33,6,1,143,3
1073562187,cardioem,0,1,2013,38246,295,0,46,14,1,143,5
1083604433,cardioem,1,1,2013,9520,295,0,64,35,0,143,1
1407842750,cardioem,0,1,2013,38246,295,1,39,14,1,143,2
1861496127,cardioem,0,1,2013,32267,295,1,77,46,1,143,4
1407918675,cardioem,1,1,2013,36135,297,1,58,32,1,93,1
1417904962,cardioem,1,4,2013,221677,297,1,47,22,1,359,7
1518926724,cardioem,0,1,2013,33824,297,0,81,57,0,93,4
1801979752,cardioem,0,2,2013,78253,297,0,78,50,1,235,3
1265479976,cardioem,0,1,2013,81592,301,0,43,21,1,490,1
1720064157,cardioem,0,1,2013,151265,301,1,53,30,1,490,5
1801834577,cardioem,0,1,2013,52453,301,1,67,44,1,490,1
1922332030,cardioem,0,1,2013,28688,301,1,34,7,1,490,1
1073621231,cardioem,0,1,2013,183495,303,0,54,29,1,552,2
1255537312,cardioem,1,1,2013,257947,303,1,38,11,0,552,1
1487811121,cardioem,1,1,2013,35854,303,0,34,7,1,552,2
1528077666,cardioem,1,1,2013,35356,303,0,46,19,0,552,1
1588745939,cardioem,1,1,2013,37423,303,1,62,34,1,552,2
1609984855,cardioem,0,1,2013,183495,303,0,59,32,1,552,4
1780688192,cardioem,1,1,2013,71211,303,1,59,29,0,552,3
1801831359,cardioem,0,1,2013,268246,303,1,49,26,1,552,1
1811976970,cardioem,0,1,2013,29167,303,0,49,17,1,552,7
1841346392,cardioem,0,2,2013,328315,303,0,75,31,1,582,12
1891803037,cardioem,0,1,2013,183495,303,0,57,29,1,552,2
1891877932,cardioem,0,1,2013,81206,303,0,60,35,0,552,4
1265410864,cardioem,0,1,2013,91382,304,0,50,22,1,76,4
1578544276,cardioem,0,2,2013,28688,304,0,58,30,1,569,14
1972697290,cardioem,0,1,2013,44226,304,0,59,30,1,76,2
1790863587,cardioem,1,1,2013,35818,308,0,44,17,0,126,1
1124092465,cardioem,0,1,2013,183047,309,0,37,11,1,32,1
1215114129,cardioem,0,1,2013,231935,309,1,32,6,1,32,1
1508843640,cardioem,0,1,2013,51060,309,1,54,28,1,32,1
1750377651,cardioem,0,1,2013,175369,309,0,59,32,1,32,1
1134348485,cardioem,1,1,2013,240246,311,0,36,9,1,122,3
1245433291,cardioem,1,1,2013,232664,311,0,32,6,1,122,2
1366419624,cardioem,1,1,2013,230786,311,1,56,11,1,122,1
1366442733,cardioem,1,1,2013,240246,311,0,56,26,1,122,1
1619104981,cardioem,0,1,2013,236314,311,1,42,4,1,122,1
1861465288,cardioem,1,1,2013,232664,311,0,57,33,0,122,1
1891081618,cardioem,1,1,2013,230786,311,0,37,12,0,122,3
1023085636,cardioem,0,2,2013,229439,312,0,41,14,1,176,3
1548249816,cardioem,0,1,2013,231350,312,0,60,31,1,114,5
1356370696,cardioem,0,3,2013,231288,314,0,53,30,0,109,7
1740264084,cardioem,0,1,2013,229779,314,1,71,48,0,50,1
1851334700,cardioem,0,1,2013,230114,314,0,44,18,1,50,2
1851361976,cardioem,1,1,2013,106422,314,0,49,23,1,50,2
1982794012,cardioem,0,1,2013,69471,314,1,53,29,1,50,1
1023001484,cardioem,0,1,2013,231350,318,1,38,16,1,99,2
1083672547,cardioem,0,1,2013,54821,318,0,74,47,1,99,5
1093773699,cardioem,0,1,2013,232613,318,0,45,19,1,99,1
1275581944,cardioem,0,1,2013,54821,318,1,56,30,1,99,10
1639258718,cardioem,0,1,2013,45235,318,0,61,34,1,99,1
1700945847,cardioem,0,1,2013,107071,318,0,50,26,1,99,4
1760430144,cardioem,0,1,2013,54821,318,0,49,23,1,99,2
1760660781,cardioem,0,1,2013,232613,318,1,43,20,0,99,2
1235163668,cardioem,0,2,2013,240246,319,0,61,29,1,147,14
1063433803,cardioem,1,1,2013,229575,320,1,46,21,1,72,5
1144250820,cardioem,1,1,2013,230575,320,1,40,17,0,72,1
1245461128,cardioem,0,1,2013,311268,320,0,42,16,0,72,1
1063478188,cardioem,0,2,2013,172977,321,0,50,21,1,28,2
1811007966,cardioem,1,1,2013,172984,322,0,51,18,1,20,1
1568533677,cardioem,0,1,2013,131037,327,1,59,19,1,99,4
1073753141,cardioem,0,1,2013,112254,328,1,32,5,1,212,2
1407054331,cardioem,0,1,2013,140538,328,0,38,14,0,212,2
1538276472,cardioem,1,1,2013,138202,328,0,38,12,1,212,2
1700090735,cardioem,0,1,2013,121754,328,1,32,7,0,212,1
1841420635,cardioem,0,1,2013,138218,328,0,33,8,1,212,4
1003127218,cardioem,1,1,2013,114221,329,1,31,3,1,176,1
1083696207,cardioem,0,1,2013,140538,329,0,60,33,1,176,4
1093786857,cardioem,0,1,2013,140538,329,0,47,20,1,176,2
1265454433,cardioem,1,1,2013,130157,329,1,38,12,0,176,1
1295712032,cardioem,0,1,2013,140538,329,0,62,35,1,176,2
1497735344,cardioem,0,1,2013,130943,329,0,64,38,1,176,2
1659339042,cardioem,0,1,2013,187323,329,0,50,21,1,176,1
1780871343,cardioem,0,1,2013,129460,329,0,41,6,1,176,2
1821115171,cardioem,0,1,2013,130310,329,1,35,7,1,176,1
1831124460,cardioem,0,1,2013,113652,329,0,46,22,0,176,1
1952504789,cardioem,0,1,2013,131046,329,1,52,10,1,176,4
1972587657,cardioem,0,1,2013,86705,329,1,46,20,1,176,1
1780683755,cardioem,1,1,2013,129795,330,0,55,22,1,57,1
1265432389,cardioem,1,1,2013,138253,334,0,75,51,0,61,3
1851362255,cardioem,0,1,2013,138667,334,0,71,48,0,61,2
1346238326,cardioem,0,1,2013,184604,335,1,55,28,0,45,2
1619266947,cardioem,1,2,2013,140056,335,1,31,5,1,313,2
1811974413,cardioem,0,1,2013,93509,336,0,45,12,1,7,2
1225062359,cardioem,0,1,2013,177549,339,0,46,22,0,67,3
1740476951,cardioem,1,1,2013,277017,340,0,33,6,1,65,1
1467418681,cardioem,0,1,2013,332945,341,1,52,18,1,8,2
1235282559,cardioem,1,2,2013,331906,342,0,38,10,1,40,2
1205802097,cardioem,0,1,2013,233774,343,1,37,11,1,19,1
1265591622,cardioem,0,1,2013,332341,343,0,60,33,1,19,1
1194778878,cardioem,1,1,2013,86025,346,0,42,16,1,108,1
1235137746,cardioem,0,1,2013,90604,347,0,43,17,1,17,8
1598732018,cardioem,1,1,2013,87798,350,0,60,31,1,33,1
1639342363,cardioem,1,2,2013,85439,350,0,39,14,1,305,6
1184776056,cardioem,0,1,2013,267512,352,0,38,9,1,81,1
1437314895,cardioem,0,1,2013,89956,352,0,50,8,1,81,4
1447325204,cardioem,0,1,2013,294068,352,1,42,16,1,81,2
1790749059,cardioem,1,1,2013,90474,352,0,42,17,1,81,2
1538350798,cardioem,1,1,2013,87151,355,1,35,10,0,43,3
1013930304,cardioem,0,1,2013,177633,356,1,43,18,0,464,1
1083661185,cardioem,1,2,2013,185375,356,0,65,38,1,543,4
1093753816,cardioem,0,1,2013,183161,356,0,47,19,1,464,1
1295963445,cardioem,1,1,2013,86408,356,0,30,4,0,464,1
1700817566,cardioem,0,1,2013,55784,356,1,42,16,1,464,1
1790948891,cardioem,1,1,2013,86408,356,1,32,5,0,464,1
1801050737,cardioem,1,1,2013,86146,356,1,37,14,1,464,1
1699735506,cardioem,0,1,2013,84871,360,0,45,15,0,21,1
1841467883,cardioem,0,1,2013,111752,360,1,39,9,1,21,1
1558343897,cardioem,1,1,2013,60053,365,1,43,16,1,64,4
1821251240,cardioem,0,1,2013,62612,365,0,33,8,0,64,1
1053532309,cardioem,0,1,2013,241905,366,1,38,10,1,78,2
1255317723,cardioem,0,1,2013,236784,366,1,41,15,1,78,2
1659381440,cardioem,0,1,2013,235630,366,0,35,7,1,78,1
1922098680,cardioem,0,1,2013,236784,366,0,46,19,1,78,2
1386871655,cardioem,1,1,2013,236487,368,1,31,4,1,63,1
1780634824,cardioem,1,1,2013,236487,368,0,45,17,1,63,3
1801923560,cardioem,1,1,2013,236487,368,1,34,7,1,63,1
1518961028,cardioem,0,2,2013,70043,369,0,45,18,1,83,4
1730123332,cardioem,0,1,2013,184513,371,0,50,20,1,23,1
1457305161,cardioem,0,1,2013,97705,373,1,53,17,1,43,4
1699778936,cardioem,0,1,2013,70963,375,0,63,38,1,22,1
1104930502,cardioem,1,1,2013,259941,376,1,46,21,0,35,2
1396785317,cardioem,1,1,2013,130939,377,0,55,28,1,79,4
1962530436,cardioem,0,1,2013,258600,377,1,63,33,1,79,3
1477562312,cardioem,0,1,2013,242811,379,0,83,57,1,84,4
1588788301,cardioem,0,1,2013,260150,380,0,36,9,1,171,1
1649256330,cardioem,1,1,2013,258598,380,0,39,13,1,171,5
1780771543,cardioem,0,1,2013,131358,380,0,49,21,1,171,1
1013005875,cardioem,0,1,2013,285257,382,0,43,12,0,10,2
1497816417,cardioem,1,1,2013,288633,382,1,45,10,1,10,1
1659302008,cardioem,1,1,2013,285302,382,0,38,15,1,10,4
1659369056,cardioem,1,1,2013,288633,382,0,50,26,0,10,2
1689603714,cardioem,0,2,2013,127133,382,0,51,24,1,45,4
1336301084,cardioem,1,2,2013,92402,383,1,31,7,1,127,2
1477526044,cardioem,0,1,2013,285427,383,0,46,22,0,16,3
1700847464,cardioem,0,1,2013,284089,383,0,45,21,0,16,3
1235166786,cardioem,1,1,2013,281570,385,1,39,13,0,74,1
1528047693,cardioem,0,1,2013,281465,385,1,41,15,0,74,4
1083621866,cardioem,0,1,2013,174675,390,1,57,31,1,23,1
1568476109,cardioem,0,1,2013,288631,390,0,68,41,0,23,6
1609890367,cardioem,0,1,2013,288631,390,1,63,36,1,23,6
1952376345,cardioem,0,1,2013,288631,390,0,69,42,1,23,3
1043280266,cardioem,1,1,2013,68413,391,0,38,12,1,249,1
1053503870,cardioem,0,1,2013,174158,391,0,35,10,0,249,1
1114989910,cardioem,1,1,2013,288633,391,0,53,27,0,249,8
1124093893,cardioem,1,1,2013,288633,391,0,42,13,0,249,5
1164485140,cardioem,1,1,2013,288633,391,0,47,17,0,249,5
1265611685,cardioem,0,1,2013,288149,391,1,39,14,0,249,1
1295728152,cardioem,1,1,2013,288633,391,0,62,34,1,249,5
1477584480,cardioem,0,1,2013,288915,391,1,49,19,1,249,8
1538479829,cardioem,1,1,2013,288633,391,1,35,5,1,249,3
1588657431,cardioem,1,1,2013,288633,391,0,65,38,1,249,4
1639339575,cardioem,1,1,2013,68413,391,0,31,5,1,249,4
1669584835,cardioem,0,1,2013,115534,391,1,40,11,1,249,3
1679548366,cardioem,1,1,2013,288633,391,0,62,32,1,249,7
1811002454,cardioem,0,1,2013,109731,391,1,46,20,1,249,9
1952560112,cardioem,1,1,2013,287745,391,1,31,5,1,249,1
1346242179,cardioem,0,1,2013,98286,393,0,63,32,1,42,1
1376743518,cardioem,0,1,2013,68413,393,0,45,19,0,42,2
1437149655,cardioem,0,1,2013,285345,393,0,60,34,0,42,7
1518160548,cardioem,0,1,2013,68413,393,1,42,17,0,42,5
1801058177,cardioem,0,1,2013,183531,393,0,31,5,0,42,2
1811957673,cardioem,0,1,2013,285345,393,0,72,46,0,42,2
1891773107,cardioem,0,1,2013,321323,393,1,48,23,0,42,2
1902086937,cardioem,0,1,2013,179441,393,0,42,16,0,42,1
1124079611,cardioem,0,1,2013,327475,394,0,44,,1,71,1
1225002736,cardioem,0,1,2013,327475,394,0,61,,1,71,1
1306816699,cardioem,0,1,2013,288965,394,1,44,15,1,71,4
1477578151,cardioem,1,1,2013,287760,394,0,58,26,1,71,1
1629354154,cardioem,0,1,2013,288965,394,1,43,6,1,71,3
1679591267,cardioem,0,1,2013,288965,394,0,55,28,1,71,7
1750545364,cardioem,0,1,2013,288965,394,1,35,8,1,71,4
1790072676,cardioem,0,1,2013,288965,394,1,29,4,1,71,3
1861657355,cardioem,0,1,2013,288965,394,0,34,5,1,71,5
1972519544,cardioem,0,1,2013,180770,394,0,37,13,0,71,1
1033346366,cardioem,0,1,2013,72287,397,0,37,5,0,399,2
1386970523,cardioem,0,1,2013,181147,397,0,32,5,1,399,1
1417994823,cardioem,1,1,2013,278468,397,1,43,17,1,399,1
1427248970,cardioem,0,1,2013,289189,397,0,37,7,0,399,2
1467427971,cardioem,1,1,2013,288746,397,1,42,17,0,399,1
1518186451,cardioem,0,1,2013,288705,397,0,38,15,0,399,1
1538471610,cardioem,1,1,2013,278544,397,1,37,12,0,399,6
1548596828,cardioem,1,1,2013,67615,397,1,31,4,0,399,1
1679626097,cardioem,0,1,2013,327319,397,0,72,46,1,399,1
1841392677,cardioem,0,1,2013,58065,397,1,43,12,1,399,1
1942479894,cardioem,1,2,2013,67615,397,1,39,13,1,621,5
1760427173,cardioem,1,1,2013,67069,399,1,44,18,1,12,3
1770550311,cardioem,1,1,2013,67069,399,0,51,17,1,12,7
1992919682,cardioem,1,1,2013,67069,399,1,34,8,1,12,3
1730147315,cardioem,0,1,2013,66128,400,0,64,38,1,31,2
1164687448,cardioem,0,1,2013,267512,402,0,32,5,1,26,2
1366439739,cardioem,0,1,2013,285565,406,0,55,29,1,13,2
1164535282,cardioem,1,1,2013,288633,411,0,40,11,1,12,2
1043384654,cardioem,0,1,2013,6577,412,0,55,23,0,127,1
1114026598,cardioem,0,1,2013,70018,412,0,59,35,1,127,7
1174722367,cardioem,0,1,2013,288631,412,1,33,6,1,127,1
1225263635,cardioem,0,1,2013,288631,412,0,37,13,0,127,2
1346321999,cardioem,0,1,2013,281948,412,0,77,53,0,127,1
1457317232,cardioem,0,1,2013,83085,412,0,42,17,0,127,2
1518192475,cardioem,0,1,2013,288631,412,0,34,4,1,127,5
1598831281,cardioem,0,1,2013,132971,412,0,59,33,1,127,5
1912921701,cardioem,0,1,2013,111988,412,0,48,22,1,127,2
1952548133,cardioem,0,1,2013,327319,412,0,63,39,0,127,3
1861439069,cardioem,0,1,2013,97958,413,0,67,41,1,19,1
1871656298,cardioem,0,1,2013,293974,413,1,46,18,1,19,1
1427096536,cardioem,0,1,2013,67735,416,0,63,32,1,24,4
1437404480,cardioem,0,1,2013,61680,416,0,36,10,0,24,1
1649236456,cardioem,1,1,2013,285243,416,1,45,20,0,24,1
1740202910,cardioem,0,1,2013,288965,418,0,50,18,0,9,2
1679551816,cardioem,0,1,2013,286489,420,0,43,16,1,10,5
1871607911,cardioem,0,1,2013,286489,420,1,45,20,0,10,1
1013150218,cardioem,1,1,2013,334967,421,0,32,4,1,18,2
1053346734,cardioem,1,1,2013,334967,421,0,45,17,1,18,2
1093747743,cardioem,1,1,2013,334967,421,0,59,30,1,18,9
1285844019,cardioem,1,1,2013,334967,421,1,32,9,0,18,1
1326135807,cardioem,1,1,2013,334967,421,0,42,14,1,18,2
1356364947,cardioem,1,1,2013,334967,421,0,61,34,1,18,6
1366462913,cardioem,1,1,2013,334967,421,0,44,16,1,18,6
1376651448,cardioem,1,1,2013,334967,421,0,46,16,1,18,3
1417977075,cardioem,1,1,2013,334967,421,0,53,23,1,18,3
1447320163,cardioem,1,1,2013,334967,421,0,46,15,1,18,3
1528140878,cardioem,1,1,2013,334967,421,0,43,14,1,18,1
1538497524,cardioem,1,1,2013,334967,421,1,32,4,1,18,2
1578598298,cardioem,1,1,2013,334967,421,0,51,22,1,18,4
1619105236,cardioem,1,1,2013,334967,421,0,35,5,1,18,3
1740377225,cardioem,1,1,2013,334967,421,0,65,34,1,18,6
1750315966,cardioem,1,1,2013,334967,421,0,48,22,1,18,5
1962510040,cardioem,1,1,2013,334967,421,0,53,21,1,18,2
1093732182,cardioem,0,1,2013,136448,423,0,53,25,1,87,1
1265659213,cardioem,0,1,2013,326324,423,1,36,9,1,87,1
1457557613,cardioem,0,1,2013,182551,423,0,42,6,1,87,5
1538329065,cardioem,1,1,2013,334967,423,1,32,5,1,87,6
1700046927,cardioem,0,1,2013,310951,423,1,33,7,1,87,1
1013029487,cardioem,1,1,2013,38813,424,0,62,37,1,36,1
1144246331,cardioem,0,1,2013,10354,424,1,37,10,1,36,1
1285871681,cardioem,0,2,2013,83121,424,1,40,14,0,58,2
1154545028,cardioem,1,1,2013,221713,426,0,45,18,1,105,1
1194727719,cardioem,0,1,2013,222462,426,1,40,14,0,105,6
1295729341,cardioem,0,1,2013,222462,426,1,43,16,1,105,5
1346415478,cardioem,0,1,2013,98370,426,1,42,15,0,105,2
1447234513,cardioem,0,1,2013,113665,426,1,60,37,0,105,1
1740270909,cardioem,0,1,2013,84274,426,0,47,20,1,105,1
1770627895,cardioem,0,1,2013,224408,426,1,35,9,0,105,1
1821153149,cardioem,0,1,2013,222462,426,0,56,30,1,105,4
1851582753,cardioem,0,1,2013,224400,426,1,35,8,1,105,1
1861653818,cardioem,0,2,2013,222462,426,0,30,9,1,331,6
1982903829,cardioem,0,1,2013,216508,426,1,34,12,0,105,1
1528040623,cardioem,0,1,2013,94824,427,0,51,25,1,51,4
1568499333,cardioem,1,1,2013,222462,429,1,38,11,1,18,1
1073511200,cardioem,1,1,2013,223679,430,0,47,22,0,46,2
1245319599,cardioem,1,1,2013,222462,430,1,54,27,1,46,4
1306801717,cardioem,0,1,2013,223365,430,0,47,20,1,46,1
1396989109,cardioem,0,1,2013,223365,430,1,44,19,1,46,1
1558332932,cardioem,1,1,2013,222462,430,1,49,23,1,46,4
1780886754,cardioem,1,1,2013,222462,430,1,35,6,1,46,1
1003814005,cardioem,0,1,2013,144170,431,0,42,14,1,98,1
1326021486,cardioem,1,1,2013,223153,432,0,51,19,1,45,1
1780665331,cardioem,0,1,2013,137525,432,0,69,43,0,45,5
1831181304,cardioem,0,1,2013,226936,435,0,58,27,1,15,1
1386622215,cardioem,0,1,2013,214833,437,1,48,27,1,24,1
1184823403,cardioem,0,1,2013,104638,438,1,37,6,1,15,4
1730372251,cardioem,0,1,2013,104638,438,0,40,7,1,15,4
1740462233,cardioem,0,1,2013,287272,438,0,49,23,0,15,11
1811057870,cardioem,0,1,2013,329593,438,0,77,50,1,15,4
1194775510,cardioem,0,1,2013,115919,439,0,64,,1,121,1
1205891637,cardioem,0,1,2013,329768,439,0,57,27,1,121,3
1285732289,cardioem,0,1,2013,183512,439,1,51,23,1,121,4
1306914007,cardioem,1,1,2013,232758,439,1,46,19,1,121,1
1447472204,cardioem,1,1,2013,330812,439,0,36,12,0,121,2
1649225301,cardioem,1,1,2013,329479,439,1,47,20,1,121,2
1265642607,cardioem,1,1,2013,302815,440,1,33,6,1,65,5
1306834833,cardioem,1,1,2013,329700,440,0,47,16,1,65,3
1346213238,cardioem,0,1,2013,91317,440,0,50,26,1,65,1
1417022799,cardioem,1,1,2013,329700,440,1,36,7,1,65,3
1861447245,cardioem,0,1,2013,303148,440,0,50,21,1,65,2
1902003734,cardioem,0,2,2013,329341,440,1,49,27,0,80,2
1912964966,cardioem,0,1,2013,287173,440,0,44,15,1,65,3
1104979269,cardioem,1,2,2013,328880,441,0,39,14,0,41,3
1124171756,cardioem,1,1,2013,328880,441,1,50,25,1,22,1
1811004351,cardioem,1,1,2013,329696,441,0,50,23,1,22,1
1831381334,cardioem,1,1,2013,330812,441,1,35,9,0,22,1
1841211760,cardioem,1,1,2013,329696,441,1,45,16,1,22,1
1972745701,cardioem,1,1,2013,329696,441,1,34,10,0,22,3
1447461025,cardioem,1,1,2013,161249,448,1,32,6,1,17,2
1851304430,cardioem,1,1,2013,161222,448,1,54,14,1,17,1
1184619231,cardioem,1,1,2013,13435,449,1,37,10,1,65,1
1831157114,cardioem,1,1,2013,161254,449,1,35,9,1,65,2
1992769285,cardioem,0,1,2013,161406,449,0,42,16,1,65,1
1053379990,cardioem,1,2,2013,161238,450,0,39,14,1,127,3
1124049473,cardioem,0,1,2013,175550,451,0,52,,1,147,1
1164445854,cardioem,0,2,2013,180663,451,0,39,10,0,320,10
1174574396,cardioem,0,2,2013,51361,451,0,55,29,1,155,3
1164471546,cardioem,0,2,2014,188189,1,0,49,22,1,196,2
1346358991,cardioem,0,1,2014,263363,1,0,36,9,1,153,3
1265419550,cardioem,0,1,2014,58595,2,0,51,16,1,11,1
1750316337,cardioem,0,1,2014,328274,11,0,45,11,1,64,3
1770584989,cardioem,0,1,2014,328274,11,0,64,14,1,64,2
1649434408,cardioem,1,1,2014,323713,12,0,33,6,0,190,1
1710064183,cardioem,0,1,2014,261095,12,1,48,26,0,190,3
1760703623,cardioem,1,1,2014,102683,12,0,36,5,1,190,4
1831174093,cardioem,0,1,2014,195461,12,0,60,38,1,190,1
1841216884,cardioem,0,1,2014,60882,12,1,45,20,1,190,1
1306987623,cardioem,0,1,2014,50759,15,0,54,28,0,65,3
1417901968,cardioem,0,1,2014,64063,15,1,53,24,1,65,1
1457647190,cardioem,0,1,2014,50759,15,1,31,6,1,65,1
1295708428,cardioem,1,1,2014,273004,19,0,67,31,1,111,1
1295956472,cardioem,0,1,2014,187198,19,0,40,6,0,111,3
1255306502,cardioem,0,1,2014,274010,21,0,58,32,1,20,2
1497760219,cardioem,0,1,2014,119964,23,0,52,21,1,156,4
1942361548,cardioem,0,1,2014,83327,23,0,65,33,0,156,1
1003007287,cardioem,0,1,2014,114784,25,1,33,7,1,38,1
1700165412,cardioem,1,1,2014,333663,25,0,40,3,1,38,1
1003045220,cardioem,1,1,2014,271226,33,1,32,6,0,35,2
1275849903,cardioem,1,1,2014,333416,33,1,35,7,1,35,1
1992954465,cardioem,1,1,2014,271226,33,1,38,10,0,35,1
1033317565,cardioem,1,2,2014,271219,43,0,37,11,0,208,6
1457348310,cardioem,1,1,2014,110265,43,0,59,32,1,43,1
1245262013,cardioem,0,1,2014,196694,56,0,36,9,0,477,1
1619165115,cardioem,1,1,2014,135351,56,0,38,14,1,477,1
1659405702,cardioem,0,1,2014,119790,56,0,56,27,1,477,2
1700043320,cardioem,0,1,2014,339454,56,1,33,10,1,477,1
1790953560,cardioem,0,1,2014,339454,56,1,36,11,1,477,2
1811194947,cardioem,0,1,2014,340353,56,0,43,8,0,477,1
1912979162,cardioem,1,2,2014,340152,56,0,58,28,0,580,4
1992735609,cardioem,1,1,2014,340455,56,1,49,24,0,477,1
1184781932,cardioem,1,1,2014,333411,58,1,43,15,0,35,3
1477509289,cardioem,1,2,2014,333411,58,0,59,30,0,77,4
1164456802,cardioem,1,1,2014,333374,65,0,41,12,0,48,2
1265425326,cardioem,1,1,2014,342209,69,0,58,32,1,28,3
1467453498,cardioem,0,1,2014,339382,69,0,57,27,1,28,2
1811999717,cardioem,1,1,2014,342209,69,0,49,23,1,28,6
1093992380,cardioem,0,1,2014,270897,73,1,43,17,0,17,1
1609099969,cardioem,0,1,2014,55732,73,0,44,18,0,17,3
1790853083,cardioem,0,1,2014,271461,73,1,51,24,1,17,2
1235367236,cardioem,0,1,2014,270804,77,1,43,6,1,104,2
1699940379,cardioem,0,1,2014,271325,77,0,35,11,0,104,1
1972576270,cardioem,1,1,2014,270897,77,0,46,17,0,104,2
1245298769,cardioem,0,1,2014,191325,80,0,62,35,0,175,1
1417094277,cardioem,0,1,2014,104665,80,1,37,9,0,175,1
1538100391,cardioem,1,1,2014,134113,80,1,44,21,0,175,1
1609865377,cardioem,1,1,2014,336289,80,0,50,24,0,175,2
1700940186,cardioem,1,1,2014,134113,80,1,42,15,0,175,1
1982804365,cardioem,0,1,2014,194429,80,0,39,9,1,175,2
1104892199,cardioem,1,1,2014,335619,81,0,47,18,1,78,1
1467640433,cardioem,0,1,2014,333359,81,1,38,10,0,78,1
1023081510,cardioem,0,1,2014,183768,83,1,54,22,1,13,1
1124133863,cardioem,0,1,2014,234162,83,0,41,13,1,13,4
1619089588,cardioem,0,1,2014,121278,83,0,56,19,1,13,2
1851616106,cardioem,0,1,2014,291616,83,1,35,6,1,13,1
1467666883,cardioem,1,1,2014,333374,85,1,36,9,0,70,1
1649590282,cardioem,1,1,2014,291339,85,1,32,5,1,70,2
1023265816,cardioem,1,1,2014,134295,89,0,50,8,1,24,3
1114194321,cardioem,1,1,2014,342197,96,1,35,8,1,50,1
1508823352,cardioem,1,1,2014,97174,102,1,43,14,1,31,1
1699740480,cardioem,0,1,2014,328928,102,0,54,22,1,31,1
1821046723,cardioem,1,1,2014,316394,102,1,60,13,1,31,1
1063669968,cardioem,0,1,2014,317030,103,0,33,6,1,97,1
1376624114,cardioem,1,1,2014,316394,103,1,39,10,1,97,1
1407916034,cardioem,1,1,2014,316402,103,1,38,14,1,97,2
1609809185,cardioem,0,1,2014,147430,103,0,60,25,1,97,1
1659304830,cardioem,1,1,2014,279439,103,1,44,17,1,97,1
1417183070,cardioem,0,1,2014,316672,104,0,32,5,1,15,1
1578683223,cardioem,1,2,2014,293199,104,0,37,10,1,45,4
1679591051,cardioem,0,1,2014,316407,105,1,40,12,1,12,1
1306037726,cardioem,1,1,2014,293199,106,1,48,7,1,20,2
1497966824,cardioem,1,1,2014,293199,106,1,41,13,0,20,1
1962596353,cardioem,1,1,2014,328283,106,0,61,18,1,20,3
1710905997,cardioem,0,1,2014,317049,107,1,39,12,1,7,1
1053571216,cardioem,1,1,2014,16533,109,1,40,12,0,58,1
1578718920,cardioem,0,1,2014,17033,109,1,45,22,1,58,1
1578729604,cardioem,0,1,2014,267512,109,0,43,13,0,58,1
1487750733,cardioem,1,1,2014,113226,111,0,53,20,1,122,1
1164729224,cardioem,0,1,2014,267512,113,0,33,9,0,226,1
1811931140,cardioem,0,1,2014,218922,113,0,72,50,1,226,7
1629208095,cardioem,1,2,2014,251036,116,0,34,5,1,132,6
1457371627,cardioem,0,1,2014,72515,118,0,38,11,1,238,1
1568404663,cardioem,1,1,2014,247184,118,1,37,11,0,238,1
1578556486,cardioem,0,1,2014,174215,118,0,53,24,0,238,1
1144257817,cardioem,1,1,2014,111155,119,0,50,16,1,78,2
1144281213,cardioem,0,1,2014,265893,119,1,57,30,1,78,2
1184668618,cardioem,0,1,2014,247771,119,0,44,19,1,78,4
1245296813,cardioem,1,1,2014,137165,119,0,60,29,1,78,3
1437313970,cardioem,1,1,2014,101285,119,0,49,23,1,78,7
1447267208,cardioem,1,1,2014,101285,119,0,45,17,1,78,2
1457379059,cardioem,0,1,2014,253486,119,1,60,34,1,78,1
1548480270,cardioem,0,1,2014,192863,119,0,38,13,1,78,3
1568488476,cardioem,1,1,2014,137165,119,1,41,12,1,78,2
1710929757,cardioem,0,1,2014,249503,119,0,49,25,1,78,4
1891737151,cardioem,1,1,2014,111155,119,1,43,18,1,78,1
1386684876,cardioem,0,1,2014,195818,120,1,50,24,0,28,1
1427254283,cardioem,0,1,2014,118387,120,0,52,7,0,28,1
1174843643,cardioem,1,2,2014,174215,122,0,53,24,1,81,4
1366602336,cardioem,0,2,2014,116049,123,0,38,14,0,133,4
1730287152,cardioem,0,1,2014,70661,123,1,57,23,1,124,2
1205095478,cardioem,1,1,2014,247168,124,1,33,6,0,18,5
1114181005,cardioem,0,1,2014,176731,127,1,34,8,1,281,2
1902136617,cardioem,0,1,2014,233391,127,0,49,25,0,281,2
1205885480,cardioem,0,1,2014,160482,129,0,46,18,1,45,1
1467429837,cardioem,0,1,2014,160482,129,0,76,51,1,45,3
1497798318,cardioem,0,1,2014,160482,129,0,67,28,1,45,4
1538158423,cardioem,0,1,2014,160482,129,1,50,23,1,45,1
1598871436,cardioem,0,1,2014,160482,129,1,57,24,1,45,2
1700877362,cardioem,0,1,2014,160482,129,0,61,31,1,45,1
1730126855,cardioem,0,1,2014,160482,129,1,66,28,1,45,8
1770563991,cardioem,0,1,2014,160482,129,0,61,36,1,45,3
1902906381,cardioem,0,1,2014,160482,129,1,59,31,1,45,2
1922184498,cardioem,0,1,2014,160482,129,1,53,29,0,45,2
1144583899,cardioem,1,1,2014,251440,130,0,37,13,1,268,1
1164733143,cardioem,1,1,2014,264683,130,0,32,5,1,268,1
1174540033,cardioem,0,1,2014,248113,130,0,67,43,0,268,2
1538107628,cardioem,0,1,2014,119626,130,0,47,22,1,268,1
1578662581,cardioem,0,1,2014,6464,130,0,48,19,0,268,1
1659326353,cardioem,0,1,2014,340642,130,0,63,32,1,268,3
1659427532,cardioem,0,1,2014,65665,130,0,60,35,0,268,1
1750333480,cardioem,0,1,2014,251125,130,0,54,32,0,268,1
1992895577,cardioem,0,1,2014,175063,130,1,40,15,1,268,1
1083717565,cardioem,0,1,2014,102606,131,0,61,36,1,30,1
1104895473,cardioem,1,1,2014,250536,131,0,60,27,1,30,1
1124280565,cardioem,0,1,2014,247216,131,0,41,10,1,30,2
1417266024,cardioem,1,1,2014,250427,131,0,41,7,0,30,4
1558364265,cardioem,0,1,2014,250954,131,0,62,25,1,30,3
1861447492,cardioem,1,1,2014,328404,133,1,61,15,1,11,1
1295765063,cardioem,0,1,2014,108461,134,0,51,16,1,45,1
1962436857,cardioem,1,1,2014,250648,134,0,58,32,1,45,8
1093932576,cardioem,0,1,2014,69083,137,1,40,16,0,50,1
1356571525,cardioem,0,1,2014,194246,137,0,36,8,0,50,2
1568432938,cardioem,1,1,2014,265893,137,1,54,17,1,50,1
1851390983,cardioem,1,1,2014,55866,137,1,52,22,1,50,6
1861529281,cardioem,1,1,2014,265893,137,1,35,9,1,50,5
1023076510,cardioem,0,1,2014,251805,139,0,56,27,1,33,8
1194783738,cardioem,0,1,2014,251805,139,0,55,27,1,33,10
1215130943,cardioem,0,1,2014,52443,139,0,54,28,0,33,2
1902863236,cardioem,0,1,2014,251805,139,0,53,27,1,33,4
1003142555,cardioem,1,1,2014,252082,141,1,34,8,0,84,1
1033283965,cardioem,0,1,2014,100861,141,1,40,16,0,84,2
1144427808,cardioem,0,1,2014,251806,141,1,37,9,1,84,2
1568432375,cardioem,0,1,2014,115192,141,1,59,17,1,84,2
1760552673,cardioem,0,1,2014,253290,141,0,42,17,0,84,2
1043288418,cardioem,1,1,2014,121888,144,0,46,19,0,343,2
1306007216,cardioem,1,1,2014,121888,144,0,35,11,0,343,1
1457318503,cardioem,0,1,2014,103424,144,0,44,17,1,343,2
1548494180,cardioem,0,1,2014,241011,144,1,33,5,1,343,9
1649388596,cardioem,1,2,2014,241061,144,1,55,31,1,411,3
1669602231,cardioem,1,1,2014,241181,144,1,30,5,1,343,1
1861620387,cardioem,0,1,2014,121027,144,0,39,7,1,343,2
1871789271,cardioem,1,1,2014,241181,144,1,45,8,1,343,3
1891904017,cardioem,0,1,2014,188039,144,0,51,30,0,343,1
1912165317,cardioem,0,1,2014,241239,144,1,32,6,1,343,1
1992022719,cardioem,0,1,2014,126538,144,1,32,4,0,343,2
1093885568,cardioem,0,1,2014,133842,145,0,54,29,0,44,1
1083784375,cardioem,0,1,2014,192241,147,1,62,35,1,36,3
1184720708,cardioem,0,1,2014,240998,149,1,56,27,1,41,3
1215013354,cardioem,0,1,2014,190679,149,0,47,24,1,41,3
1336161603,cardioem,1,1,2014,123965,149,0,60,34,1,41,1
1366549339,cardioem,1,2,2014,93800,149,0,56,24,1,315,9
1376772582,cardioem,0,1,2014,240998,149,1,34,2,1,41,5
1750439436,cardioem,0,1,2014,122827,149,1,44,24,1,41,6
1770758351,cardioem,0,1,2014,241479,149,0,33,6,1,41,2
1912948498,cardioem,1,3,2014,188100,149,0,70,43,1,445,4
1114985231,cardioem,0,1,2014,342244,150,0,68,,1,58,1
1750367249,cardioem,0,3,2014,175073,150,0,53,21,1,288,6
1932372265,cardioem,0,1,2014,342916,150,1,31,6,1,58,1
1083792345,cardioem,1,1,2014,176317,151,1,54,28,1,30,2
1154562080,cardioem,0,2,2014,183025,155,0,37,7,1,127,8
1942225909,cardioem,0,1,2014,237142,155,0,46,16,1,64,1
1114000999,cardioem,1,1,2014,145808,156,1,45,18,1,173,1
1477730612,cardioem,1,1,2014,145793,156,0,39,14,0,173,1
1619911211,cardioem,0,1,2014,150149,156,0,55,31,0,173,1
1861658460,cardioem,0,1,2014,178615,156,1,46,22,1,173,3
1982631875,cardioem,0,2,2014,71456,156,0,43,19,0,210,6
1033371554,cardioem,1,1,2014,149138,158,1,39,13,0,27,1
1407853435,cardioem,0,1,2014,194902,161,0,50,22,0,82,3
1649478843,cardioem,0,1,2014,147425,161,1,35,7,1,82,1
1013932326,cardioem,0,1,2014,147562,163,1,44,18,1,45,1
1215994264,cardioem,0,1,2014,149549,163,1,60,22,0,45,1
1891706107,cardioem,0,1,2014,148203,163,0,36,9,1,45,2
1740506450,cardioem,1,1,2014,147142,164,0,34,10,0,39,2
1770671646,cardioem,1,1,2014,146127,164,1,47,20,1,39,1
1841289691,cardioem,0,1,2014,146387,164,0,70,47,0,39,2
1902970411,cardioem,1,1,2014,148959,166,1,56,32,0,76,2
1447332424,cardioem,0,1,2014,152062,170,0,48,18,1,29,1
1750619672,cardioem,1,1,2014,95089,172,0,39,10,0,45,2
1508809013,cardioem,0,1,2014,132083,179,0,54,15,1,25,1
1578876785,cardioem,1,1,2014,106429,180,0,38,13,0,52,1
1225018203,cardioem,0,1,2014,148946,181,0,49,26,1,36,2
1124040464,cardioem,1,1,2014,69549,183,0,68,40,1,166,1
1215964127,cardioem,0,1,2014,145381,183,0,55,29,0,166,2
1275704439,cardioem,1,1,2014,69549,183,0,67,41,1,166,1
1952544199,cardioem,1,1,2014,69549,183,1,34,8,1,166,1
1164513719,cardioem,1,1,2014,257904,184,0,41,14,1,14,1
1780661074,cardioem,0,1,2014,119992,184,0,50,19,1,14,1
1225355613,cardioem,0,1,2014,194616,185,1,32,4,1,7,1
1174559900,cardioem,1,1,2014,142510,187,0,52,27,1,33,1
1225079817,cardioem,0,1,2014,167077,191,1,40,13,1,18,3
1942294483,cardioem,0,1,2014,167077,191,1,58,31,1,18,3
1639158330,cardioem,1,2,2014,166515,193,1,44,18,1,144,4
1548358013,cardioem,0,1,2014,211433,201,0,56,29,0,64,1
1972575587,cardioem,0,1,2014,211436,201,0,50,27,1,64,2
1114111879,cardioem,0,1,2014,174855,205,1,33,7,1,92,1
1700079084,cardioem,0,1,2014,102276,209,1,36,10,1,15,1
1609036466,cardioem,0,1,2014,122378,210,1,34,8,1,42,1
1710961586,cardioem,1,1,2014,122180,210,0,39,12,1,42,1
1740264514,cardioem,1,1,2014,122180,210,1,39,12,1,42,4
1053340869,cardioem,0,4,2014,191058,212,0,57,28,0,124,5
1437228657,cardioem,0,1,2014,69852,213,0,42,12,1,27,4
1417043639,cardioem,0,1,2014,552,221,0,52,26,1,19,2
1033347216,cardioem,0,1,2014,1078,222,1,31,10,0,83,1
1043280431,cardioem,0,1,2014,1111,222,1,39,14,1,83,1
1437111473,cardioem,1,1,2014,554,222,0,46,15,1,83,1
1952376287,cardioem,1,1,2014,554,222,0,65,37,1,83,4
1124210026,cardioem,0,1,2014,216328,223,0,46,16,0,234,1
1376708321,cardioem,1,1,2014,216309,223,0,39,11,1,234,1
1750517975,cardioem,0,1,2014,195325,223,1,37,5,1,234,1
1750540829,cardioem,0,1,2014,217717,223,0,36,6,0,234,2
1770882631,cardioem,1,1,2014,218791,223,1,32,8,0,234,3
1942485321,cardioem,0,1,2014,181142,223,0,37,11,0,234,2
1164733291,cardioem,0,1,2014,48886,225,0,33,4,1,42,3
1003090499,cardioem,0,1,2014,9688,227,1,37,8,1,449,2
1083628382,cardioem,1,1,2014,10156,227,1,55,29,1,449,3
1124182233,cardioem,1,1,2014,9103,227,1,36,8,1,449,1
1235110396,cardioem,0,1,2014,10346,227,1,57,16,1,449,2
1558443903,cardioem,1,1,2014,79164,227,0,50,21,1,449,1
1609876747,cardioem,1,1,2014,10632,227,1,45,22,1,449,1
1780799437,cardioem,1,1,2014,9251,227,1,49,22,1,449,1
1861430852,cardioem,0,1,2014,10346,227,1,41,15,1,449,2
1518907724,cardioem,1,1,2014,9371,230,1,48,12,1,56,2
1437165586,cardioem,1,1,2014,9404,231,0,44,21,0,56,2
1790712297,cardioem,1,1,2014,158312,232,0,46,17,1,102,1
1912165226,cardioem,0,1,2014,157871,232,0,42,19,1,102,3
1093817603,cardioem,0,1,2014,159146,233,1,48,24,0,44,1
1699755173,cardioem,1,1,2014,156977,233,1,51,28,1,44,1
1982706941,cardioem,0,2,2014,159146,233,0,62,37,0,88,5
1548547243,cardioem,0,1,2014,114984,234,0,49,21,1,102,4
1992833206,cardioem,0,1,2014,96284,234,0,38,,0,102,2
1134391410,cardioem,0,1,2014,158244,238,0,59,32,0,27,1
1336111905,cardioem,0,1,2014,156413,238,1,39,16,1,27,1
1841303971,cardioem,1,2,2014,156413,238,1,42,19,1,74,5
1417068891,cardioem,1,1,2014,154621,239,1,48,18,1,40,3
1093833535,cardioem,0,1,2014,196400,244,0,49,24,1,18,1
1477571818,cardioem,0,1,2014,159863,244,0,59,35,0,18,3
1124137203,cardioem,0,1,2014,1385,245,1,45,23,0,93,2
1215922059,cardioem,0,1,2014,160327,245,0,58,29,1,93,6
1720083108,cardioem,0,1,2014,111270,246,0,49,21,1,46,2
1851387302,cardioem,0,1,2014,159148,248,0,60,31,1,7,1
1013919109,cardioem,0,1,2014,158953,249,1,49,25,1,9,1
1073538559,cardioem,1,1,2014,164040,253,1,49,23,1,106,5
1336348218,cardioem,1,1,2014,164019,256,0,39,13,0,57,1
1386740843,cardioem,1,1,2014,311253,256,0,44,16,1,57,2
1649208240,cardioem,1,1,2014,164019,256,0,34,10,1,57,1
1922029479,cardioem,1,1,2014,164699,256,0,59,27,1,57,1
1992933980,cardioem,1,1,2014,164019,256,0,35,5,1,57,1
1285680264,cardioem,0,1,2014,188137,258,0,41,13,1,10,1
1669468336,cardioem,0,1,2014,264251,259,0,55,31,1,46,2
1396737888,cardioem,0,2,2014,180071,267,1,52,15,1,92,2
1447486790,cardioem,0,1,2014,277774,267,0,33,5,1,19,1
1326249608,cardioem,0,1,2014,212099,268,1,37,13,0,162,4
1659620532,cardioem,0,1,2014,198096,268,0,61,31,1,162,2
1679756381,cardioem,0,1,2014,224934,270,0,34,10,0,19,1
1265446017,cardioem,0,2,2014,160593,273,0,45,19,0,360,2
1881856268,cardioem,1,1,2014,149358,273,1,32,6,1,222,1
1942275045,cardioem,1,1,2014,168637,273,1,52,27,1,222,1
1356342208,cardioem,1,1,2014,294455,275,0,59,33,1,7,1
1033285861,cardioem,0,1,2014,294458,276,1,38,12,1,21,3
1639217888,cardioem,1,2,2014,294479,276,1,58,33,1,30,3
1972738532,cardioem,0,1,2014,294456,276,0,42,5,1,21,1
1144531088,cardioem,0,1,2014,199724,278,1,31,4,0,77,1
1245275718,cardioem,1,2,2014,94430,279,0,45,12,1,537,3
1265432793,cardioem,0,1,2014,327154,279,0,61,36,0,104,1
1346543816,cardioem,0,1,2014,255576,279,0,34,4,0,104,2
1831345123,cardioem,1,1,2014,326514,279,0,38,13,0,104,2
1386887974,cardioem,1,3,2014,163416,280,0,45,5,1,103,8
1841495363,cardioem,1,1,2014,326298,282,1,35,7,1,53,2
1124266366,cardioem,1,1,2014,80588,283,1,39,12,0,306,3
1174536114,cardioem,0,2,2014,224603,283,0,43,16,0,338,2
1437159670,cardioem,1,1,2014,84244,283,0,51,28,1,306,5
1457508079,cardioem,0,2,2014,70883,283,1,34,11,0,413,2
1720026537,cardioem,0,1,2014,80572,283,0,58,28,1,306,1
1720034887,cardioem,0,1,2014,60475,283,1,60,33,1,306,3
1770502726,cardioem,0,1,2014,82445,283,1,40,12,1,306,4
1073751848,cardioem,1,1,2014,60864,284,1,32,6,0,142,6
1386671717,cardioem,0,1,2014,33449,284,0,56,30,1,142,2
1407186687,cardioem,1,2,2014,81178,284,0,33,5,1,315,3
1962574962,cardioem,1,1,2014,60864,284,0,66,36,1,142,3
1407846173,cardioem,1,1,2014,56897,285,0,42,14,0,105,1
1295756401,cardioem,1,1,2014,132124,292,0,46,22,1,52,1
1750432787,cardioem,1,1,2014,81848,292,1,58,29,1,52,1
1164516548,cardioem,1,1,2014,321313,293,0,61,32,1,74,2
1215935531,cardioem,0,1,2014,321421,293,0,44,15,1,74,1
1396972279,cardioem,1,2,2014,321313,293,0,33,5,0,182,7
1407846926,cardioem,1,1,2014,321313,293,0,57,29,1,74,2
1639106099,cardioem,1,1,2014,321316,293,0,54,20,1,74,3
1841426186,cardioem,1,1,2014,321314,293,1,30,5,1,74,3
1700870953,cardioem,0,1,2014,60598,295,0,57,,1,154,1
1710931316,cardioem,0,1,2014,13730,295,1,44,16,0,154,2
1861444671,cardioem,1,1,2014,234061,295,0,42,15,1,154,1
1982923116,cardioem,0,1,2014,38240,295,0,37,13,1,154,3
1861601114,cardioem,1,1,2014,41179,296,1,51,23,0,15,3
1639346869,cardioem,0,1,2014,190500,297,1,34,11,0,92,1
1972563898,cardioem,1,2,2014,37446,300,0,57,32,0,137,2
1376513739,cardioem,0,1,2014,30832,301,0,50,16,1,493,1
1376578500,cardioem,1,2,2014,107488,301,0,53,22,0,564,3
1376717611,cardioem,1,1,2014,177221,301,1,33,6,1,493,1
1538191143,cardioem,0,1,2014,242715,301,0,68,30,1,493,1
1497796056,cardioem,1,1,2014,37423,303,0,55,27,1,568,2
1568546182,cardioem,0,1,2014,53334,303,1,65,16,1,568,3
1689867319,cardioem,0,1,2014,180645,303,1,37,10,0,568,1
1922031608,cardioem,1,1,2014,122618,303,0,43,26,0,568,1
1285735027,cardioem,0,1,2014,328503,307,1,37,15,0,64,3
1659321024,cardioem,0,1,2014,44086,307,1,52,25,1,64,2
1023289121,cardioem,0,1,2014,180621,311,0,47,17,0,116,1
1083655211,cardioem,1,1,2014,240246,311,0,51,18,1,116,1
1225074875,cardioem,0,1,2014,229390,311,0,40,11,1,116,1
1407882871,cardioem,0,1,2014,180433,311,1,55,27,1,116,1
1790759702,cardioem,1,1,2014,232664,311,1,54,28,1,116,1
1073533352,cardioem,0,1,2014,231350,312,0,58,26,1,109,1
1174661110,cardioem,1,1,2014,177876,312,1,40,18,0,109,1
1063610061,cardioem,1,2,2014,93743,314,0,47,22,1,94,6
1073774295,cardioem,1,1,2014,160154,314,1,42,6,1,53,1
1275509705,cardioem,1,1,2014,106422,314,0,48,22,1,53,3
1881639953,cardioem,1,1,2014,234822,314,1,44,20,0,53,1
1992042378,cardioem,0,2,2014,231615,314,0,38,5,1,206,2
1053574707,cardioem,0,1,2014,5089,315,1,33,6,1,18,3
1477563229,cardioem,1,1,2014,176287,315,0,61,30,1,18,1
1134249501,cardioem,1,1,2014,229744,318,0,54,28,1,98,1
1437356565,cardioem,0,1,2014,231959,318,0,44,7,0,98,2
1619041233,cardioem,0,1,2014,113182,318,1,45,18,1,98,3
1710999529,cardioem,0,1,2014,287598,318,0,59,31,1,98,2
1851317622,cardioem,0,1,2014,231350,318,0,46,19,1,98,2
1225278914,cardioem,0,1,2014,240246,319,0,49,8,1,27,4
1154433621,cardioem,0,1,2014,112026,325,0,44,17,0,44,4
1184882953,cardioem,1,1,2014,130627,326,1,37,10,0,43,2
1831323161,cardioem,0,1,2014,129836,327,0,31,5,0,96,3
1376632687,cardioem,1,1,2014,138202,328,0,59,34,1,212,2
1386937472,cardioem,1,1,2014,140070,328,0,30,3,1,212,1
1619969433,cardioem,1,1,2014,138202,328,1,42,12,1,212,2
1164474268,cardioem,0,1,2014,130263,329,1,38,12,1,177,2
1689905150,cardioem,0,1,2014,130263,329,1,38,10,0,177,3
1730179979,cardioem,0,2,2014,70315,330,0,59,,1,96,4
1922393842,cardioem,0,1,2014,139830,330,1,32,3,1,54,1
1205949690,cardioem,0,1,2014,139176,331,0,46,20,1,15,1
1619201688,cardioem,0,1,2014,158332,334,1,32,5,1,58,1
1033435912,cardioem,1,1,2014,277031,340,1,32,4,1,64,1
1619921350,cardioem,0,1,2014,332945,341,1,42,16,1,8,1
1013146794,cardioem,0,1,2014,327814,342,1,39,14,0,22,3
1013982081,cardioem,0,1,2014,330540,342,0,62,17,1,22,1
1154320380,cardioem,0,1,2014,330540,342,0,58,32,1,22,3
1629109335,cardioem,0,1,2014,160420,343,1,60,23,1,20,3
1659310704,cardioem,0,1,2014,85268,343,0,59,32,1,20,2
1477700912,cardioem,1,1,2014,331540,344,1,33,6,1,108,3
1750475455,cardioem,1,1,2014,331920,344,0,52,26,1,108,3
1144286857,cardioem,0,2,2014,331944,345,0,43,17,1,24,3
1063554467,cardioem,0,1,2014,85493,346,1,37,10,1,110,1
1942408190,cardioem,1,1,2014,85306,346,1,37,11,0,110,2
1104885268,cardioem,0,1,2014,88748,351,1,60,30,1,39,3
1922008820,cardioem,0,1,2014,30245,351,0,40,14,1,39,1
1780842849,cardioem,0,1,2014,89956,352,0,37,9,1,80,1
1790850097,cardioem,0,1,2014,90508,354,0,59,34,1,12,1
1912959768,cardioem,0,2,2014,117531,354,0,50,22,1,124,4
1356552574,cardioem,0,1,2014,85100,356,0,42,14,0,460,1
1790742179,cardioem,0,1,2014,85100,356,0,72,45,1,460,1
1902033707,cardioem,1,1,2014,86004,356,0,33,5,1,460,2
1033372123,cardioem,0,1,2014,138194,357,1,32,6,1,254,2
1629233119,cardioem,1,2,2014,104613,357,0,41,9,1,325,4
1730323841,cardioem,1,1,2014,90403,357,0,34,8,1,254,1
1689666836,cardioem,1,1,2014,87798,362,0,48,24,0,19,1
1326068362,cardioem,0,1,2014,194877,365,0,48,21,1,66,1
1447360417,cardioem,1,1,2014,101441,365,0,65,39,1,66,1
1578549143,cardioem,0,1,2014,327714,365,1,48,21,0,66,2
1750499604,cardioem,1,1,2014,101441,365,0,56,27,1,66,4
1790705796,cardioem,1,1,2014,60053,365,0,47,21,1,66,7
1063473684,cardioem,0,1,2014,334967,366,0,60,34,1,76,1
1689680597,cardioem,0,1,2014,236669,366,0,51,24,1,76,1
1104828144,cardioem,1,1,2014,260469,367,0,39,10,1,19,4
1134154735,cardioem,1,1,2014,236487,368,0,65,39,1,62,2
1356355747,cardioem,1,1,2014,235640,368,1,46,19,1,62,1
1295984979,cardioem,0,1,2014,238005,369,1,40,15,1,10,1
1932380003,cardioem,0,1,2014,184611,370,1,50,10,1,7,1
1174635957,cardioem,1,1,2014,261597,373,0,43,15,1,42,3
1831297894,cardioem,1,1,2014,258621,374,0,60,28,1,19,1
1215965710,cardioem,0,1,2014,260665,375,0,47,18,1,17,5
1164467379,cardioem,1,1,2014,261389,377,0,39,10,1,78,7
1326020199,cardioem,1,1,2014,215463,377,0,52,26,1,78,4
1124238951,cardioem,0,1,2014,261147,380,1,38,9,1,176,1
1134339278,cardioem,0,1,2014,52198,380,0,36,9,1,176,3
1144305152,cardioem,0,1,2014,166405,380,0,46,18,0,176,3
1184873887,cardioem,1,1,2014,258598,380,1,33,6,0,176,2
1457455693,cardioem,0,1,2014,259926,380,1,47,17,1,176,4
1508884875,cardioem,0,1,2014,260992,380,0,48,20,1,176,2
1942408851,cardioem,1,1,2014,260049,380,1,32,7,0,176,1
1417140567,cardioem,0,1,2014,283341,383,0,71,45,1,16,1
1134191760,cardioem,1,1,2014,119469,385,0,40,13,1,72,2
1225291784,cardioem,0,1,2014,281465,385,0,34,8,0,72,3
1598703217,cardioem,0,1,2014,278451,385,0,43,13,1,72,2
1699955039,cardioem,0,2,2014,55291,385,0,40,11,1,98,3
1932436532,cardioem,0,1,2014,281465,385,1,32,8,0,72,1
1982880902,cardioem,1,1,2014,281570,385,1,32,8,0,72,1
1932140183,cardioem,1,1,2014,281570,388,0,40,18,0,10,2
1144389099,cardioem,1,1,2014,285000,391,0,55,27,1,252,4
1144417569,cardioem,0,1,2014,6124,391,0,34,13,0,252,1
1174786107,cardioem,0,1,2014,257372,391,1,40,15,1,252,2
1306142955,cardioem,0,1,2014,286350,391,1,30,4,1,252,1
1346573086,cardioem,0,1,2014,58065,391,1,38,14,0,252,2
1396893491,cardioem,1,1,2014,285000,391,1,37,11,0,252,2
1467680868,cardioem,0,1,2014,198257,391,0,45,13,0,252,1
1477798718,cardioem,1,1,2014,285236,391,1,37,12,0,252,1
1518111707,cardioem,0,1,2014,52714,391,1,36,7,0,252,1
1568660504,cardioem,0,1,2014,321313,391,1,38,10,0,252,1
1588687404,cardioem,1,1,2014,285000,391,0,39,11,0,252,7
1700094984,cardioem,0,1,2014,286350,391,1,48,10,1,252,1
1700848371,cardioem,0,1,2014,283133,391,0,66,41,1,252,1
1760793418,cardioem,0,1,2014,285134,391,0,31,4,0,252,1
1790933547,cardioem,1,1,2014,68413,391,1,36,12,0,252,1
1902851918,cardioem,0,1,2014,196498,391,0,50,26,1,252,1
1932197621,cardioem,0,1,2014,282708,391,0,59,27,1,252,2
1386804326,cardioem,0,1,2014,68413,393,1,39,13,1,44,1
1124085774,cardioem,1,1,2014,285236,394,1,51,27,0,72,3
1215102074,cardioem,0,1,2014,191008,394,0,47,23,1,72,2
1285809657,cardioem,1,1,2014,287760,394,1,38,13,0,72,4
1417141912,cardioem,1,1,2014,287760,394,1,37,12,0,72,4
1528297405,cardioem,1,1,2014,287760,394,1,36,7,1,72,3
1689745986,cardioem,1,1,2014,285094,394,1,38,10,0,72,1
1003078965,cardioem,0,1,2014,286703,397,1,34,6,0,405,2
1114184868,cardioem,1,1,2014,237191,397,1,32,7,0,405,1
1134176464,cardioem,0,1,2014,56946,397,0,56,31,0,405,1
1336470434,cardioem,0,1,2014,285223,397,0,40,12,0,405,1
1427222389,cardioem,0,1,2014,186189,397,0,37,13,1,405,1
1508804618,cardioem,1,1,2014,68413,397,0,48,21,0,405,3
1568480333,cardioem,1,1,2014,67615,397,1,39,15,0,405,1
1629210927,cardioem,0,1,2014,288884,397,0,31,5,0,405,1
1659537140,cardioem,1,1,2014,278544,397,1,45,21,0,405,1
1861695157,cardioem,0,1,2014,111349,397,0,36,12,0,405,2
1881697852,cardioem,0,1,2014,178290,397,0,45,20,0,405,4
1972784114,cardioem,0,1,2014,36658,397,1,38,14,0,405,2
1730298621,cardioem,1,2,2014,285784,399,0,52,21,0,41,5
1639324304,cardioem,1,1,2014,285711,400,1,34,13,1,30,7
1477715084,cardioem,0,1,2014,187803,402,0,40,15,0,26,2
1053315598,cardioem,0,1,2014,167621,406,0,50,24,1,16,2
1285838870,cardioem,0,1,2014,285429,406,1,41,16,0,16,1
1619101409,cardioem,0,1,2014,288965,406,0,37,5,1,16,1
1083881932,cardioem,0,1,2014,158842,412,0,35,11,0,135,1
1093756439,cardioem,0,1,2014,111349,412,0,44,19,1,135,1
1104883255,cardioem,1,1,2014,60558,412,1,50,27,0,135,2
1215912118,cardioem,0,1,2014,281898,412,0,42,13,1,135,1
1770578478,cardioem,0,1,2014,116808,412,1,44,18,1,135,2
1336303270,cardioem,1,1,2014,281570,413,1,39,12,1,21,1
1528226396,cardioem,0,1,2014,279771,417,0,34,6,1,8,1
1205072394,cardioem,1,1,2014,334967,423,0,35,6,1,85,3
1306888219,cardioem,1,1,2014,334967,423,0,54,17,1,85,3
1447468293,cardioem,0,1,2014,325690,423,0,36,9,1,85,3
1801996384,cardioem,1,1,2014,334967,423,1,44,18,1,85,1
1639227184,cardioem,0,1,2014,185648,424,0,60,36,0,38,2
1770553737,cardioem,1,2,2014,42016,424,0,43,19,1,74,2
1164676037,cardioem,1,1,2014,221713,426,0,37,12,0,111,2
1235273657,cardioem,0,1,2014,59011,426,0,36,10,0,111,4
1245419159,cardioem,1,1,2014,222218,426,1,38,14,1,111,1
1790838118,cardioem,0,1,2014,222462,426,1,36,11,1,111,2
1083851851,cardioem,0,1,2014,221676,427,0,36,11,0,50,5
1851555361,cardioem,1,1,2014,222221,427,1,40,16,1,50,1
1922273432,cardioem,1,1,2014,99834,427,0,33,6,1,50,3
1932361730,cardioem,1,1,2014,99834,427,0,48,6,1,50,4
1013174523,cardioem,0,1,2014,223819,429,0,36,11,0,19,2
1700809894,cardioem,1,1,2014,222462,430,0,61,36,1,46,3
1013942317,cardioem,0,2,2014,221830,431,1,61,21,1,365,3
1194907667,cardioem,0,2,2014,223498,431,0,36,11,0,369,4
1043466634,cardioem,0,1,2014,109766,432,1,33,7,1,43,1
1568774875,cardioem,0,1,2014,97635,432,0,33,4,1,43,1
1932133568,cardioem,1,1,2014,223153,432,0,59,22,1,43,2
1790895977,cardioem,0,1,2014,121236,438,0,61,34,1,14,1
1003066366,cardioem,1,1,2014,328893,439,0,35,6,1,126,1
1184620759,cardioem,0,1,2014,331337,439,1,41,16,0,126,1
1356430383,cardioem,1,1,2014,328949,439,1,39,13,1,126,1
1417132804,cardioem,1,1,2014,330791,439,1,36,8,0,126,1
1457665093,cardioem,1,2,2014,233778,439,0,38,4,1,165,5
1467766006,cardioem,1,2,2014,233778,439,1,28,4,0,165,4
1639355209,cardioem,1,1,2014,328949,439,1,37,13,0,126,1
1912106725,cardioem,0,1,2014,331337,439,0,36,10,0,126,2
1992850036,cardioem,0,1,2014,331528,439,0,52,27,1,126,2
1053398578,cardioem,0,1,2014,141865,440,1,39,13,1,65,1
1770526766,cardioem,1,1,2014,329700,440,1,50,20,0,65,1
1851684914,cardioem,1,1,2014,328912,440,1,36,11,0,65,5
1912118928,cardioem,0,1,2014,302840,440,0,47,20,1,65,1
1184659849,cardioem,0,1,2014,227670,443,0,59,34,0,45,2
1194717041,cardioem,0,1,2014,105893,443,1,40,14,1,45,2
1508975798,cardioem,0,1,2014,226226,443,0,48,14,1,45,1
1003127465,cardioem,1,1,2014,161278,447,1,32,4,1,32,2
1437251055,cardioem,1,1,2014,161278,447,0,60,34,1,32,4
1811958028,cardioem,1,1,2014,161278,447,1,53,25,1,32,2
1144343161,cardioem,1,1,2014,161249,448,1,36,10,1,17,2
1669699252,cardioem,0,1,2014,161452,449,0,38,11,1,67,1
1891791067,cardioem,0,1,2014,161302,449,0,56,30,1,67,2
1093701294,cardioem,0,1,2014,146891,451,1,46,19,1,144,1
1285620484,cardioem,0,1,2014,146891,451,0,52,26,1,144,1
1740219567,cardioem,0,1,2014,146891,451,1,49,19,1,144,1
1932127180,cardioem,1,1,2014,161212,451,1,50,25,0,144,2
1275521015,cardioem,0,1,2014,293115,457,0,65,18,1,5,3
1568465797,cardioem,0,1,2014,174980,457,0,55,29,1,5,2
1437388022,cardioem,0,1,2015,60114,1,1,36,12,0,148,1
1942466073,cardioem,0,1,2015,94155,2,1,36,8,1,10,1
1235360819,cardioem,0,1,2015,88005,5,1,36,10,0,33,1
1285802892,cardioem,0,1,2015,206846,5,1,33,9,0,33,1
1346496999,cardioem,0,1,2015,122105,5,1,46,11,0,33,2
1922074277,cardioem,0,2,2015,52847,5,0,58,12,1,47,3
1174506372,cardioem,0,1,2015,200700,6,1,44,18,1,50,3
1184935199,cardioem,0,1,2015,262384,6,1,34,5,1,50,4
1104865658,cardioem,0,1,2015,113127,11,1,56,20,1,64,1
1508966045,cardioem,0,1,2015,205022,11,1,44,17,1,64,3
1609858851,cardioem,0,1,2015,328274,11,0,55,30,1,64,3
1174799043,cardioem,0,1,2015,268260,12,0,43,13,0,192,5
1265710305,cardioem,0,2,2015,243018,12,0,30,7,1,219,3
1346233921,cardioem,0,1,2015,328274,12,1,40,14,1,192,1
1346485919,cardioem,0,1,2015,175306,12,0,39,10,0,192,2
1427024603,cardioem,0,1,2015,122660,12,0,64,38,1,192,1
1518903954,cardioem,1,1,2015,268398,12,0,65,39,1,192,1
1740296532,cardioem,0,1,2015,322523,12,1,36,12,0,192,1
1740420041,cardioem,0,1,2015,323782,12,0,34,8,0,192,1
1780889261,cardioem,1,1,2015,334633,12,0,36,9,1,192,4
1790734952,cardioem,0,1,2015,64269,12,0,64,33,1,192,2
1922033737,cardioem,0,1,2015,243018,12,0,61,34,0,192,2
1013295161,cardioem,0,1,2015,328272,14,0,37,10,0,22,5
1104969310,cardioem,0,1,2015,324010,14,0,45,-1,1,22,1
1255572863,cardioem,0,1,2015,202331,14,0,34,7,0,22,1
1346473782,cardioem,0,1,2015,328272,14,0,42,9,1,22,4
1851527840,cardioem,0,1,2015,328274,14,1,39,12,0,22,3
1477500049,cardioem,1,1,2015,335116,15,1,39,13,1,67,2
1558301929,cardioem,0,1,2015,64063,15,1,57,31,1,67,3
1558357285,cardioem,0,1,2015,175510,15,1,55,31,0,67,1
1386605491,cardioem,1,1,2015,276505,16,0,59,33,1,25,3
1528063997,cardioem,0,1,2015,272320,18,0,51,20,1,18,7
1184621294,cardioem,0,1,2015,122403,19,0,45,19,1,109,6
1831359082,cardioem,0,1,2015,74262,19,1,50,7,1,109,1
1306956032,cardioem,1,1,2015,260496,21,1,48,23,1,20,2
1215248307,cardioem,0,1,2015,291169,25,1,33,5,1,40,1
1437131950,cardioem,0,1,2015,273430,31,1,50,18,0,14,1
1568635704,cardioem,1,1,2015,333416,33,1,36,10,1,36,1
1811157126,cardioem,1,1,2015,271026,33,1,36,7,0,36,2
1053378000,cardioem,1,1,2015,110265,43,0,63,35,1,43,2
1225267966,cardioem,1,1,2015,110265,43,1,34,6,1,43,6
1083607667,cardioem,1,2,2015,207138,56,0,48,12,1,554,4
1225340268,cardioem,0,1,2015,340539,56,1,30,5,1,475,2
1225363914,cardioem,1,1,2015,340455,56,1,33,7,0,475,2
1437133394,cardioem,0,1,2015,44935,56,0,44,18,1,475,3
1508109869,cardioem,0,1,2015,258076,56,1,30,4,1,475,1
1548279383,cardioem,1,1,2015,340860,56,1,45,16,0,475,2
1629091897,cardioem,1,1,2015,340810,56,0,53,26,1,475,2
1730280298,cardioem,0,1,2015,201477,56,1,40,13,0,475,3
1740481639,cardioem,1,1,2015,340860,56,1,38,10,1,475,2
1851331821,cardioem,1,1,2015,134075,56,1,59,19,1,475,2
1932126653,cardioem,1,1,2015,134075,56,0,45,17,1,475,2
1043440845,cardioem,1,1,2015,333460,58,0,36,10,0,34,3
1326069246,cardioem,1,1,2015,121278,58,1,42,17,1,34,2
1346427861,cardioem,1,2,2015,271886,58,0,39,13,1,210,3
1992857239,cardioem,0,2,2015,337899,58,0,44,15,0,198,7
1972603884,cardioem,0,1,2015,95402,62,1,53,12,1,15,2
1396064473,cardioem,1,1,2015,334530,65,1,35,5,1,49,1
1528385002,cardioem,0,1,2015,333539,65,0,35,8,1,49,1
1871716910,cardioem,0,1,2015,197016,65,0,38,11,0,49,5
1710109509,cardioem,1,1,2015,134295,73,0,43,15,1,16,2
1083877377,cardioem,1,1,2015,270897,77,1,45,17,1,102,2
1215228820,cardioem,0,1,2015,290735,77,1,33,7,1,102,1
1275854507,cardioem,1,1,2015,271191,77,0,45,19,0,102,2
1700851896,cardioem,1,1,2015,333362,77,1,52,13,1,102,3
1225145543,cardioem,1,1,2015,108586,78,0,57,33,1,21,1
1932341203,cardioem,0,1,2015,201617,78,0,42,7,0,21,3
1639350416,cardioem,1,1,2015,134295,79,1,36,11,0,80,2
1518965714,cardioem,0,1,2015,72348,80,1,58,33,0,177,1
1568498145,cardioem,1,1,2015,114077,80,1,44,21,1,177,1
1669669339,cardioem,0,1,2015,328454,80,0,36,12,0,177,1
1871543199,cardioem,1,1,2015,114077,80,0,54,27,1,177,1
1902890296,cardioem,0,1,2015,61678,80,0,51,24,0,177,2
1962506238,cardioem,0,1,2015,194824,80,0,47,21,1,177,3
1972606374,cardioem,0,1,2015,136759,80,0,50,26,1,177,2
1770751174,cardioem,0,1,2015,114241,81,0,41,16,1,80,3
1871658864,cardioem,1,1,2015,178683,82,1,51,24,1,59,2
1508178088,cardioem,0,1,2015,291821,83,0,33,8,0,13,1
1578884060,cardioem,1,1,2015,342214,86,0,32,5,1,23,1
1750341673,cardioem,1,1,2015,342214,86,0,47,20,1,23,2
1780843953,cardioem,0,1,2015,290918,86,1,37,9,0,23,2
1053514109,cardioem,0,1,2015,270897,87,1,40,9,1,9,1
1194953901,cardioem,1,1,2015,191322,87,0,33,6,1,9,2
1942449780,cardioem,1,1,2015,191322,87,0,46,23,0,9,2
1467429399,cardioem,1,1,2015,134295,89,1,49,22,1,24,3
1447350996,cardioem,0,1,2015,74085,101,0,60,28,1,14,1
1437231990,cardioem,0,1,2015,317346,102,1,37,11,1,29,3
1598757510,cardioem,0,2,2015,144867,102,0,46,14,1,107,5
1902066442,cardioem,0,1,2015,317447,102,0,44,10,1,29,2
1003827585,cardioem,0,1,2015,316404,103,1,47,21,1,104,10
1043485212,cardioem,0,1,2015,317166,103,1,38,10,1,104,1
1073716502,cardioem,1,1,2015,279439,103,0,46,9,1,104,1
1033145164,cardioem,0,1,2015,311063,104,0,49,24,1,12,1
1992773055,cardioem,0,1,2015,316413,105,1,41,15,1,12,1
1457361172,cardioem,1,1,2015,293199,106,0,40,14,1,24,2
1396971164,cardioem,0,1,2015,16701,110,0,49,6,1,142,2
1497989123,cardioem,1,1,2015,180669,110,1,34,6,1,142,1
1831124858,cardioem,1,1,2015,214367,112,1,53,25,1,72,2
1134159163,cardioem,0,1,2015,219727,113,0,64,25,0,223,1
1174736441,cardioem,1,1,2015,216325,113,1,37,10,1,223,2
1598926735,cardioem,1,1,2015,219658,113,0,34,7,0,223,1
1992745152,cardioem,0,1,2015,187434,113,1,48,23,1,223,2
1285606442,cardioem,1,1,2015,293320,115,0,53,17,0,26,3
1770593634,cardioem,1,1,2015,120311,115,1,41,14,1,26,1
1093956039,cardioem,0,2,2015,247555,116,1,33,6,1,135,8
1164628269,cardioem,0,1,2015,243018,116,0,43,8,0,43,1
1821186115,cardioem,0,1,2015,325348,116,1,62,32,1,43,1
1215972021,cardioem,0,1,2015,106362,118,1,53,29,0,242,1
1467721464,cardioem,1,1,2015,247184,118,1,32,10,0,242,1
1528132032,cardioem,0,1,2015,133177,118,0,68,43,1,242,1
1548238892,cardioem,0,1,2015,265999,118,0,62,35,0,242,1
1659532935,cardioem,0,1,2015,71530,118,1,36,10,1,242,1
1760702666,cardioem,0,1,2015,265999,118,1,31,5,1,242,4
1780995456,cardioem,1,1,2015,264635,118,1,44,9,1,242,2
1356620157,cardioem,0,1,2015,182611,119,1,36,6,1,85,4
1356660476,cardioem,1,1,2015,247171,119,1,36,8,1,85,1
1376706812,cardioem,1,1,2015,137165,119,1,34,7,1,85,2
1407921885,cardioem,1,1,2015,247171,119,1,42,17,0,85,6
1497946172,cardioem,1,1,2015,65645,119,0,34,8,1,85,2
1558363531,cardioem,1,1,2015,111155,119,1,55,28,1,85,6
1568563625,cardioem,0,1,2015,54133,119,1,48,23,0,85,3
1780666750,cardioem,0,2,2015,120244,119,1,62,35,0,365,6
1811030067,cardioem,1,1,2015,137165,119,1,63,32,1,85,1
1831153964,cardioem,1,1,2015,137165,119,0,61,34,0,85,5
1962667907,cardioem,1,1,2015,65645,119,1,34,7,1,85,1
1457343576,cardioem,0,1,2015,251810,120,1,59,31,1,30,2
1962697342,cardioem,1,1,2015,247871,120,1,35,8,1,30,1
1003878869,cardioem,0,1,2015,253055,123,0,43,17,0,122,4
1487738688,cardioem,0,1,2015,253055,123,1,41,9,0,122,8
1912219593,cardioem,0,1,2015,253055,123,0,41,10,1,122,4
1922298868,cardioem,1,1,2015,200125,123,0,41,13,1,122,3
1982829982,cardioem,0,1,2015,194347,123,0,42,14,1,122,1
1104089226,cardioem,0,1,2015,107567,127,1,33,7,1,275,1
1194771105,cardioem,0,1,2015,247150,127,0,57,34,1,275,2
1245534312,cardioem,0,1,2015,66448,127,1,35,11,1,275,1
1407008576,cardioem,0,1,2015,68584,127,1,35,8,0,275,4
1407892573,cardioem,0,1,2015,267187,127,0,63,32,1,275,2
1326066713,cardioem,1,1,2015,160482,129,1,40,13,1,51,2
1497756878,cardioem,1,1,2015,160482,129,0,55,27,1,51,3
1619117421,cardioem,0,1,2015,249309,129,0,35,12,0,51,2
1720007537,cardioem,0,1,2015,65665,129,0,59,33,1,51,2
1740493980,cardioem,0,2,2015,65665,129,1,46,13,1,184,4
1770535346,cardioem,1,1,2015,160482,129,0,62,36,1,51,4
1033374822,cardioem,0,1,2015,250829,130,0,37,10,0,272,2
1235188087,cardioem,1,1,2015,251285,130,0,48,24,1,272,3
1316037096,cardioem,1,1,2015,247175,130,0,51,26,1,272,1
1326368234,cardioem,0,1,2015,197837,130,0,34,9,0,272,4
1386714574,cardioem,1,1,2015,247175,130,1,40,14,1,272,2
1588635759,cardioem,0,1,2015,251163,130,0,60,32,0,272,2
1639365893,cardioem,0,1,2015,250946,130,0,38,10,1,272,5
1700086048,cardioem,0,1,2015,247501,130,0,37,14,0,272,3
1811949415,cardioem,0,1,2015,205620,130,1,57,27,0,272,1
1902855596,cardioem,0,1,2015,250829,130,0,49,22,1,272,4
1285677294,cardioem,1,1,2015,250536,131,0,44,18,1,30,4
1447443411,cardioem,0,1,2015,251265,131,0,35,9,1,30,1
1659524304,cardioem,1,1,2015,250427,131,0,37,4,0,30,1
1679769723,cardioem,0,2,2015,293974,131,0,38,11,1,95,4
1821250721,cardioem,0,1,2015,112810,131,0,38,7,1,30,1
1659692507,cardioem,1,1,2015,328404,133,1,31,5,1,9,2
1467612259,cardioem,1,1,2015,250648,134,1,38,8,1,43,4
1497912471,cardioem,1,1,2015,247152,134,1,33,7,1,43,1
1902829005,cardioem,1,1,2015,265893,137,0,50,15,1,47,6
1205888922,cardioem,0,2,2015,128058,139,1,50,23,0,506,2
1417198870,cardioem,0,1,2015,189108,139,0,37,9,1,35,1
1831183961,cardioem,0,2,2015,120277,139,0,44,13,1,126,4
1730243874,cardioem,0,1,2015,194133,141,0,44,12,1,87,1
1821084740,cardioem,1,1,2015,189298,141,1,57,17,1,87,1
1073614475,cardioem,0,1,2015,239876,144,0,76,51,1,341,4
1124219563,cardioem,0,1,2015,241181,144,0,40,10,1,341,5
1144247073,cardioem,1,1,2015,121888,144,0,41,17,0,341,5
1215255500,cardioem,0,2,2015,66765,144,1,33,5,0,409,2
1316175797,cardioem,1,1,2015,121888,144,0,32,6,0,341,2
1568473809,cardioem,0,1,2015,103424,144,1,42,14,1,341,1
1629365283,cardioem,0,1,2015,258058,144,0,37,11,0,341,1
1629380753,cardioem,0,1,2015,240650,144,0,35,6,1,341,1
1679621239,cardioem,0,1,2015,239526,144,0,40,12,1,341,2
1700827458,cardioem,0,1,2015,197116,144,1,44,19,0,341,1
1821234147,cardioem,1,1,2015,239789,144,1,36,12,0,341,2
1871621474,cardioem,0,1,2015,241181,144,1,56,30,1,341,2
1891950457,cardioem,0,1,2015,240593,144,0,43,10,0,341,4
1023220985,cardioem,1,1,2015,174208,145,0,42,17,1,45,1
1871688697,cardioem,0,1,2015,123272,145,0,51,24,1,45,3
1902124308,cardioem,0,1,2015,241165,145,0,33,5,1,45,1
1184937054,cardioem,0,1,2015,273988,147,0,51,31,0,35,1
1073722377,cardioem,0,1,2015,191208,149,0,35,8,0,42,2
1174577522,cardioem,0,1,2015,236784,149,1,60,33,1,42,1
1356314793,cardioem,0,1,2015,92821,149,1,46,22,0,42,7
1376548677,cardioem,0,1,2015,93800,149,1,61,20,1,42,3
1396945648,cardioem,1,1,2015,240998,149,0,39,11,0,42,6
1417946963,cardioem,0,1,2015,37446,149,0,55,28,1,42,1
1629067871,cardioem,1,1,2015,238002,149,0,56,28,1,42,7
1376571125,cardioem,1,1,2015,342779,150,1,39,13,1,57,1
1538396916,cardioem,0,1,2015,342715,150,0,33,6,1,57,1
1710979695,cardioem,1,1,2015,342779,150,0,51,24,1,57,2
1841279635,cardioem,1,2,2015,342779,150,1,48,21,1,121,2
1003808924,cardioem,1,1,2015,176317,151,0,48,22,1,31,1
1154406437,cardioem,0,1,2015,48139,151,0,53,21,0,31,3
1245267541,cardioem,1,1,2015,176317,151,0,41,14,1,31,2
1760444244,cardioem,1,1,2015,176317,151,1,40,14,1,31,2
1952358251,cardioem,0,1,2015,176315,151,0,49,22,0,31,2
1942324298,cardioem,0,1,2015,183671,155,0,37,11,0,64,1
1437264512,cardioem,1,1,2015,151667,156,1,62,38,1,180,1
1780905349,cardioem,0,1,2015,191256,156,1,37,5,0,180,1
1790758944,cardioem,0,1,2015,50033,156,0,48,21,0,180,4
1831469253,cardioem,0,1,2015,191256,156,0,32,6,1,180,3
1881608354,cardioem,0,1,2015,118217,156,0,74,45,0,180,1
1154522753,cardioem,1,1,2015,145793,158,1,43,9,1,30,1
1457465098,cardioem,0,1,2015,328649,158,0,48,21,1,30,1
1700988706,cardioem,0,1,2015,240104,163,1,40,14,0,47,4
1598859316,cardioem,1,1,2015,149851,164,1,42,24,0,38,1
1356389647,cardioem,0,1,2015,147432,166,0,63,36,1,73,1
1346393428,cardioem,0,1,2015,145789,170,0,70,42,0,27,2
1568638989,cardioem,0,1,2015,113003,170,0,37,10,1,27,2
1023287745,cardioem,0,2,2015,201260,171,0,37,10,1,99,3
1518133842,cardioem,1,1,2015,152043,172,1,51,7,0,47,3
1952591315,cardioem,1,1,2015,95650,179,1,39,15,0,25,1
1033312442,cardioem,1,1,2015,143371,180,1,36,9,1,54,2
1669663159,cardioem,0,1,2015,59550,180,1,43,19,0,54,2
1053363861,cardioem,0,1,2015,141854,183,0,48,21,1,162,3
1194936807,cardioem,1,1,2015,143189,183,1,36,9,1,162,2
1326029158,cardioem,1,1,2015,143189,183,1,44,15,1,162,2
1871800607,cardioem,0,2,2015,141871,183,1,33,5,0,320,3
1407052376,cardioem,0,1,2015,115919,184,0,40,9,1,14,1
1194767772,cardioem,1,1,2015,142553,187,1,43,13,0,32,3
1902060759,cardioem,0,1,2015,166801,192,1,33,7,1,45,1
1124112503,cardioem,1,1,2015,166698,193,1,53,30,1,5,1
1114949179,cardioem,0,1,2015,212298,201,0,42,14,1,58,1
1295928091,cardioem,1,1,2015,255791,204,1,49,25,1,87,1
1124253133,cardioem,1,1,2015,256607,205,1,32,6,1,95,3
1437177797,cardioem,1,1,2015,256939,205,1,44,16,1,95,4
1851393961,cardioem,0,1,2015,113876,205,0,57,,0,95,1
1861631947,cardioem,1,1,2015,256391,207,0,43,10,1,10,2
1184658999,cardioem,0,1,2015,275591,209,0,41,12,1,16,1
1679808638,cardioem,0,1,2015,328283,209,0,37,11,1,16,1
1457593618,cardioem,0,1,2015,274572,213,1,33,6,1,28,2
1386887842,cardioem,0,1,2015,274942,219,1,32,6,1,42,2
1730318346,cardioem,1,1,2015,274021,220,0,33,6,1,13,2
1255467684,cardioem,1,1,2015,568,222,0,39,9,1,84,3
1679562623,cardioem,0,2,2015,975,222,0,49,23,1,102,4
1780875252,cardioem,1,1,2015,10345,222,1,38,10,1,84,2
1568754786,cardioem,0,1,2015,217793,223,0,37,11,0,236,1
1396747432,cardioem,0,1,2015,214484,225,0,68,24,1,36,5
1306830484,cardioem,1,1,2015,9908,227,0,45,13,1,455,3
1326243775,cardioem,0,1,2015,9688,227,0,37,8,1,455,2
1346209665,cardioem,0,1,2015,177221,227,1,51,20,0,455,1
1346298817,cardioem,1,1,2015,9251,227,0,55,30,1,455,1
1356570915,cardioem,1,1,2015,10604,227,1,34,8,1,455,1
1386896256,cardioem,0,1,2015,10346,227,0,33,7,0,455,4
1417129636,cardioem,1,1,2015,8983,227,0,35,7,1,455,1
1447571856,cardioem,0,1,2015,9881,227,1,32,8,0,455,2
1508836719,cardioem,0,2,2015,10346,227,0,44,18,1,466,7
1639291792,cardioem,1,1,2015,10422,227,0,41,12,1,455,1
1194852319,cardioem,0,1,2015,9455,230,1,39,11,1,54,4
1841276532,cardioem,0,1,2015,159621,232,0,75,50,1,98,3
1952573602,cardioem,0,1,2015,155167,232,0,34,7,1,98,1
1265486476,cardioem,0,1,2015,159509,233,0,51,27,0,43,2
1346217627,cardioem,0,1,2015,126917,233,0,48,24,1,43,3
1366760134,cardioem,0,1,2015,69928,234,1,33,8,1,111,1
1487803326,cardioem,1,1,2015,154596,236,0,35,7,1,51,2
1841307154,cardioem,1,1,2015,154596,236,0,61,35,1,51,2
1407110257,cardioem,1,1,2015,156947,238,0,33,3,1,27,1
1437476355,cardioem,1,1,2015,154628,238,0,36,5,1,27,2
1548586548,cardioem,1,1,2015,154628,238,1,32,5,1,27,2
1073595351,cardioem,0,1,2015,158504,239,0,48,19,1,39,2
1548585045,cardioem,0,1,2015,51569,244,0,34,5,1,24,3
1053426049,cardioem,1,1,2015,174498,245,0,77,19,0,90,1
1225011554,cardioem,0,1,2015,191420,245,0,50,24,1,90,1
1528045333,cardioem,0,1,2015,158540,246,0,60,,0,46,1
1194043034,cardioem,0,1,2015,164035,251,0,36,12,1,173,1
1760682058,cardioem,1,1,2015,147342,251,0,38,13,0,173,1
1801959481,cardioem,1,1,2015,162123,251,0,49,18,1,173,4
1720315906,cardioem,1,1,2015,164358,253,1,38,14,0,69,1
1750385241,cardioem,1,1,2015,164699,256,0,68,43,1,56,4
1811918246,cardioem,1,1,2015,264624,257,0,41,12,1,12,3
1689664039,cardioem,0,1,2015,263643,259,0,43,16,1,45,1
1629028428,cardioem,0,1,2015,263648,260,1,43,19,0,8,1
1760777130,cardioem,1,2,2015,170474,263,0,38,4,1,137,4
1861459687,cardioem,1,1,2015,169975,267,0,50,17,1,20,6
1194998021,cardioem,1,1,2015,169933,268,0,33,7,1,160,3
1326219916,cardioem,1,1,2015,201188,268,0,33,7,1,160,1
1366671422,cardioem,0,1,2015,50320,268,0,35,7,1,160,2
1386873578,cardioem,0,1,2015,50320,268,1,35,7,1,160,1
1407968753,cardioem,0,1,2015,169086,268,0,66,41,0,160,3
1740444728,cardioem,1,1,2015,287456,268,1,34,7,1,160,1
1861694705,cardioem,0,1,2015,212663,268,1,51,14,1,160,1
1114965050,cardioem,1,1,2015,172661,270,1,44,15,1,19,1
1275502379,cardioem,1,1,2015,224933,270,1,48,22,0,19,2
1760747240,cardioem,1,1,2015,169670,270,0,32,3,1,19,1
1083716476,cardioem,0,1,2015,105443,273,0,57,30,1,227,3
1154495786,cardioem,0,1,2015,158860,273,1,48,22,1,227,1
1447401716,cardioem,1,1,2015,169926,273,0,41,15,0,227,2
1619167483,cardioem,0,1,2015,180087,273,0,34,9,0,227,1
1841464625,cardioem,0,1,2015,170128,273,0,34,7,1,227,2
1194984039,cardioem,1,1,2015,87978,276,1,33,7,1,22,2
1912903311,cardioem,0,1,2015,294665,276,0,46,18,1,22,1
1063682672,cardioem,1,1,2015,111436,279,0,39,9,1,101,1
1235445065,cardioem,1,1,2015,326514,279,1,37,13,1,101,3
1326281882,cardioem,0,1,2015,204942,279,1,43,13,1,101,1
1336192442,cardioem,1,2,2015,178220,279,0,42,13,1,263,3
1538255823,cardioem,0,1,2015,327046,279,0,52,31,0,101,4
1972814093,cardioem,0,1,2015,94867,279,1,31,5,0,101,3
1114133766,cardioem,0,1,2015,6292,281,1,66,36,0,20,3
1124382908,cardioem,1,1,2015,78647,281,0,31,3,1,20,1
1013993385,cardioem,1,1,2015,4858,283,1,62,37,1,308,1
1053503532,cardioem,0,1,2015,80870,283,1,37,12,0,308,3
1093865115,cardioem,0,1,2015,80735,283,1,40,9,1,308,2
1093969164,cardioem,0,1,2015,187706,283,0,35,7,1,308,1
1326147356,cardioem,0,1,2015,179557,283,1,40,14,0,308,1
1396700795,cardioem,0,1,2015,119031,283,1,43,15,0,308,1
1508893942,cardioem,0,2,2015,187706,283,1,56,33,0,741,4
1972698421,cardioem,0,1,2015,176892,283,0,39,12,0,308,2
1447348644,cardioem,0,1,2015,64911,284,1,39,16,0,142,6
1780656157,cardioem,0,1,2015,81321,284,0,53,31,1,142,3
1265425342,cardioem,1,1,2015,81215,285,1,43,17,1,113,1
1609825033,cardioem,1,1,2015,81215,285,0,45,16,1,113,3
1972543585,cardioem,1,1,2015,81215,285,0,69,44,1,113,2
1235111337,cardioem,1,1,2015,106398,288,1,46,19,0,123,2
1104840503,cardioem,1,2,2015,48983,289,0,54,20,0,669,3
1427191618,cardioem,0,1,2015,191898,289,0,40,12,0,119,2
1508072224,cardioem,1,1,2015,81659,289,1,36,9,0,119,1
1952333262,cardioem,0,1,2015,54727,289,0,50,26,0,119,1
1952545840,cardioem,1,1,2015,56897,289,1,40,9,0,119,1
1629395629,cardioem,0,1,2015,132883,292,0,38,5,1,49,1
1952551509,cardioem,1,1,2015,132124,292,1,37,14,1,49,1
1043535560,cardioem,1,1,2015,321313,293,0,38,8,1,75,3
1295796480,cardioem,0,1,2015,321421,293,0,66,34,1,75,1
1336179415,cardioem,0,1,2015,323480,293,1,50,13,1,75,1
1598783326,cardioem,0,1,2015,317516,293,1,62,36,1,75,2
1629418025,cardioem,1,3,2015,52866,293,0,41,17,0,299,5
1700029774,cardioem,0,1,2015,316874,293,1,34,6,1,75,3
1760429583,cardioem,0,1,2015,321699,293,1,42,15,1,75,6
1992024327,cardioem,1,2,2015,321313,293,0,37,5,1,128,3
1093886194,cardioem,0,1,2015,38952,295,1,59,33,1,161,5
1164675765,cardioem,1,1,2015,38567,295,0,37,9,1,161,4
1205859964,cardioem,1,1,2015,35111,295,0,49,23,1,161,3
1326084989,cardioem,0,2,2015,62599,295,1,69,43,0,459,6
1356413074,cardioem,0,1,2015,38313,295,0,65,36,1,161,3
1447202882,cardioem,1,1,2015,37446,295,0,58,28,1,161,3
1679596738,cardioem,0,1,2015,34569,295,1,44,12,1,161,1
1790766970,cardioem,0,1,2015,32091,295,0,53,29,1,161,2
1104075308,cardioem,0,1,2015,42620,299,1,36,10,0,80,2
1235459066,cardioem,1,1,2015,43955,299,1,58,32,1,80,1
1477716959,cardioem,0,1,2015,37446,300,1,57,7,1,24,1
1023245479,cardioem,1,1,2015,27652,301,1,32,6,0,497,3
1134132095,cardioem,0,1,2015,65759,301,0,54,26,1,497,3
1366688152,cardioem,0,1,2015,196470,301,0,51,29,0,497,1
1417199605,cardioem,0,1,2015,127896,301,0,55,31,1,497,2
1467525840,cardioem,0,1,2015,104164,301,0,47,23,0,497,10
1891137360,cardioem,0,1,2015,203741,301,1,34,10,0,497,2
1265454631,cardioem,0,1,2015,118950,303,0,44,14,0,556,1
1770547291,cardioem,0,1,2015,173507,303,1,59,28,1,556,1
1114966009,cardioem,1,1,2015,257937,304,0,49,24,1,76,1
1467406934,cardioem,0,1,2015,42622,304,0,47,20,1,76,1
1568691236,cardioem,0,1,2015,42622,304,0,32,6,0,76,3
1174639819,cardioem,0,2,2015,28229,308,0,57,33,0,624,3
1245220532,cardioem,0,1,2015,229750,309,0,46,19,1,36,2
1548354699,cardioem,1,1,2015,104100,309,1,51,17,1,36,3
1134188543,cardioem,1,2,2015,162779,311,1,48,26,0,176,3
1215192570,cardioem,1,1,2015,230786,311,0,36,11,0,119,1
1235284084,cardioem,1,1,2015,230334,311,1,38,12,1,119,1
1306938774,cardioem,1,2,2015,229390,311,0,46,15,0,387,2
1497979611,cardioem,0,1,2015,145793,311,0,37,11,1,119,3
1588687982,cardioem,1,1,2015,230444,311,1,48,20,1,119,3
1679602957,cardioem,0,1,2015,231855,311,1,42,9,1,119,1
1811046535,cardioem,0,1,2015,241905,311,0,66,36,1,119,1
1871754481,cardioem,0,1,2015,229390,311,0,41,9,1,119,1
1003013756,cardioem,1,1,2015,113182,312,0,38,8,0,111,2
1023114261,cardioem,0,1,2015,194091,312,1,50,22,0,111,3
1184636789,cardioem,0,1,2015,42605,312,0,41,9,1,111,1
1225391683,cardioem,0,1,2015,107073,312,1,31,3,1,111,1
1437258282,cardioem,0,1,2015,231971,312,1,47,16,1,111,4
1982671517,cardioem,0,1,2015,97635,312,0,60,32,1,111,2
1720029051,cardioem,0,1,2015,232073,313,1,41,14,1,28,2
1811197320,cardioem,0,1,2015,231204,313,1,44,19,1,28,2
1922315670,cardioem,0,1,2015,231204,313,1,39,14,1,28,7
1548435811,cardioem,1,1,2015,160154,314,0,36,12,0,50,1
1760452486,cardioem,1,1,2015,234822,314,1,47,19,1,50,2
1184723405,cardioem,0,1,2015,294448,318,1,38,15,0,98,1
1457379711,cardioem,0,1,2015,231350,318,1,42,12,0,98,1
1568446789,cardioem,0,1,2015,229970,318,1,68,46,0,98,1
1710241658,cardioem,0,1,2015,198434,318,0,63,35,0,98,1
1982860367,cardioem,0,1,2015,237139,318,0,38,7,0,98,1
1013968650,cardioem,1,1,2015,231832,319,1,49,23,1,27,1
1124139373,cardioem,0,1,2015,232274,319,1,46,20,1,27,4
1407858699,cardioem,0,1,2015,232128,319,1,62,36,1,27,4
1508036328,cardioem,1,1,2015,231832,319,1,36,8,1,27,2
1649263617,cardioem,1,1,2015,231615,319,0,52,24,1,27,1
1750390506,cardioem,0,1,2015,104855,319,0,50,25,0,27,1
1386825131,cardioem,1,1,2015,231566,320,1,38,11,0,66,1
1437159118,cardioem,1,1,2015,231464,320,0,45,18,1,66,2
1275510216,cardioem,1,1,2015,172980,324,1,55,29,1,2,2
1508186404,cardioem,0,2,2015,187599,325,1,35,5,1,80,3
1891981940,cardioem,0,1,2015,138197,325,1,38,11,0,43,1
1659536761,cardioem,1,1,2015,97304,326,0,35,4,1,43,1
1114194156,cardioem,0,1,2015,191686,327,0,37,11,1,89,1
1780996918,cardioem,0,1,2015,142212,327,0,31,5,1,89,4
1225368053,cardioem,1,1,2015,139732,328,1,38,12,1,214,1
1548587512,cardioem,1,1,2015,138202,328,1,29,5,1,214,1
1427363902,cardioem,0,1,2015,130943,329,0,39,7,0,177,1
1528362258,cardioem,0,1,2015,140538,329,0,37,9,1,177,4
1891815320,cardioem,0,1,2015,187323,329,1,35,9,1,177,1
1497066526,cardioem,1,1,2015,100782,330,1,32,5,1,51,2
1063598837,cardioem,0,1,2015,140070,331,1,54,26,1,16,1
1376593806,cardioem,0,2,2015,140538,331,0,60,36,1,77,2
1164594776,cardioem,0,1,2015,197777,335,0,62,23,0,41,2
1376765842,cardioem,1,1,2015,276519,340,1,65,9,1,62,1
1942251079,cardioem,0,1,2015,153720,340,0,42,12,1,62,2
1033196795,cardioem,1,1,2015,116268,341,1,51,26,1,11,2
1225104235,cardioem,0,1,2015,332945,341,0,47,15,1,11,3
1962522367,cardioem,0,1,2015,332937,342,0,40,11,1,23,4
1174542898,cardioem,0,1,2015,160420,343,0,60,31,0,23,6
1487869129,cardioem,0,1,2015,333085,343,1,39,12,1,23,1
1124388020,cardioem,1,1,2015,328891,344,0,34,9,0,114,1
1144552696,cardioem,1,1,2015,328959,344,0,39,8,1,114,1
1285854844,cardioem,1,1,2015,332672,344,1,40,14,0,114,3
1285866582,cardioem,1,1,2015,328891,344,1,35,10,1,114,1
1568418457,cardioem,0,1,2015,180749,344,0,61,31,1,114,1
1649442476,cardioem,0,1,2015,64475,344,1,48,7,1,114,1
1225294655,cardioem,1,2,2015,331944,345,1,47,8,1,136,2
1184883308,cardioem,1,1,2015,83933,346,0,52,15,0,109,1
1255760492,cardioem,1,1,2015,85239,346,1,36,5,1,109,6
1356570428,cardioem,1,1,2015,86025,346,0,35,6,0,109,1
1568691640,cardioem,1,1,2015,86025,346,1,33,6,1,109,2
1972706091,cardioem,1,1,2015,85204,346,0,43,7,1,109,1
1144260126,cardioem,1,2,2015,89425,347,1,38,12,0,122,3
1033456322,cardioem,1,1,2015,87798,350,1,31,7,0,39,1
1720068422,cardioem,0,1,2015,86501,355,0,40,14,0,42,2
1205885332,cardioem,0,1,2015,122235,356,1,62,24,1,462,2
1386704377,cardioem,0,1,2015,144980,356,0,58,32,1,462,1
1922330844,cardioem,1,2,2015,85822,356,1,39,13,0,565,8
1144487745,cardioem,0,1,2015,106364,357,0,39,10,1,247,1
1699902429,cardioem,1,1,2015,87798,360,0,33,6,1,21,1
1366414914,cardioem,1,1,2015,179738,363,1,45,18,1,13,1
1083877963,cardioem,0,1,2015,12978,364,1,40,7,1,91,4
1477712057,cardioem,0,1,2015,12978,364,1,40,8,1,91,2
1174545891,cardioem,1,2,2015,101441,365,0,44,12,1,207,6
1184622607,cardioem,1,1,2015,60053,365,1,46,20,1,68,3
1760475859,cardioem,1,1,2015,101441,365,0,62,36,1,68,1
1780633453,cardioem,0,2,2015,62612,365,0,62,38,0,134,4
1275584914,cardioem,0,1,2015,80500,366,0,40,13,1,71,1
1831206382,cardioem,1,2,2015,242022,366,1,43,16,1,118,3
1043447378,cardioem,1,1,2015,235640,368,1,35,9,0,63,2
1689677882,cardioem,0,1,2015,235635,368,0,46,17,1,63,1
1073595435,cardioem,0,1,2015,99996,369,0,37,14,1,10,4
1245359132,cardioem,1,1,2015,238005,369,0,37,10,0,10,1
1700842333,cardioem,1,1,2015,70043,369,0,47,20,1,10,1
1053632018,cardioem,0,1,2015,241919,373,0,34,5,1,42,1
1174595607,cardioem,0,1,2015,261606,374,0,52,26,0,18,1
1609043249,cardioem,0,1,2015,261607,374,0,34,7,1,18,3
1205009081,cardioem,1,1,2015,261389,377,1,36,7,1,80,1
1346207164,cardioem,0,1,2015,260200,377,0,39,13,0,80,1
1508832718,cardioem,0,1,2015,260200,377,0,44,13,1,80,2
1538271176,cardioem,1,1,2015,175720,377,0,40,14,1,80,3
1629017397,cardioem,0,1,2015,260874,377,0,52,29,0,80,2
1306840194,cardioem,0,1,2015,120658,380,0,65,31,1,175,1
1417076290,cardioem,0,2,2015,260814,380,0,42,12,1,237,3
1457355406,cardioem,0,1,2015,255543,380,0,45,17,1,175,1
1669443875,cardioem,0,1,2015,282214,380,1,48,22,1,175,1
1891963591,cardioem,1,1,2015,260049,380,0,39,10,1,175,2
1821010299,cardioem,0,1,2015,92402,383,0,64,38,1,15,2
1275852717,cardioem,0,1,2015,278446,385,0,32,5,0,66,2
1376602359,cardioem,1,2,2015,281570,385,1,43,16,1,78,2
1407054646,cardioem,1,1,2015,281570,385,1,42,8,1,66,3
1528219573,cardioem,0,1,2015,279278,385,0,47,23,1,66,1
1558394759,cardioem,0,1,2015,279278,385,1,45,19,1,66,3
1568409522,cardioem,1,1,2015,281570,385,0,46,20,1,66,3
1588659817,cardioem,0,1,2015,279278,385,0,43,19,1,66,1
1700988714,cardioem,0,1,2015,278451,385,0,43,16,1,66,5
1336175231,cardioem,1,1,2015,288755,386,0,54,15,0,20,4
1831397454,cardioem,0,1,2015,196116,386,0,35,8,1,20,1
1285627315,cardioem,0,1,2015,205460,388,1,60,35,1,11,3
1902928948,cardioem,0,1,2015,278478,388,1,36,8,1,11,1
1104089945,cardioem,0,2,2015,111349,390,0,37,13,0,46,3
1073533956,cardioem,0,1,2015,113509,391,0,59,12,1,257,4
1073568416,cardioem,0,1,2015,285094,391,1,46,21,1,257,3
1215137344,cardioem,1,1,2015,68413,391,1,35,11,0,257,2
1215152442,cardioem,0,1,2015,283649,391,0,42,17,1,257,9
1477741569,cardioem,1,1,2015,68413,391,1,35,9,0,257,3
1528173507,cardioem,1,1,2015,287745,391,0,39,12,1,257,5
1568645877,cardioem,0,1,2015,287756,391,1,41,16,0,257,2
1598907529,cardioem,1,1,2015,287745,391,1,32,6,0,257,3
1740591874,cardioem,1,1,2015,287745,391,1,31,5,1,257,2
1881791978,cardioem,0,1,2015,286350,391,0,42,14,1,257,3
1942308424,cardioem,0,1,2015,196047,391,0,41,17,0,257,1
1073593281,cardioem,1,1,2015,70591,393,1,52,26,1,43,3
1104897248,cardioem,1,1,2015,321318,393,1,41,12,0,43,6
1972784197,cardioem,0,1,2015,282720,393,0,56,29,0,43,4
1427160795,cardioem,1,1,2015,285236,394,0,47,24,1,72,1
1386870673,cardioem,1,1,2015,67615,397,1,36,12,0,422,1
1609894898,cardioem,1,2,2015,289386,397,1,44,18,0,651,4
1639308398,cardioem,0,1,2015,288969,397,1,33,6,1,422,2
1679704084,cardioem,0,1,2015,295184,397,0,34,6,0,422,3
1689663403,cardioem,1,1,2015,285597,397,0,56,24,1,422,4
1710125604,cardioem,0,1,2015,118991,397,0,36,9,0,422,1
1720368079,cardioem,0,1,2015,82831,397,0,33,5,0,422,2
1730446758,cardioem,0,1,2015,197401,397,0,51,28,0,422,2
1811134281,cardioem,0,1,2015,100253,397,0,37,18,0,422,3
1922110261,cardioem,0,1,2015,158842,397,0,52,29,1,422,1
1669405395,cardioem,1,1,2015,321313,400,1,55,26,1,32,3
1295997211,cardioem,1,2,2015,66767,402,1,41,8,0,93,3
1396890414,cardioem,0,1,2015,56128,402,0,58,29,0,26,2
1669473559,cardioem,1,1,2015,331869,406,0,42,18,0,16,1
1043494032,cardioem,0,1,2015,327392,412,0,37,9,0,133,6
1083746119,cardioem,0,1,2015,288631,412,1,36,9,1,133,2
1205896230,cardioem,1,1,2015,278529,412,0,52,20,1,133,1
1235384439,cardioem,0,1,2015,111349,412,0,36,11,0,133,2
1356602163,cardioem,0,1,2015,114225,412,0,29,3,1,133,1
1598708794,cardioem,0,1,2015,53029,412,0,40,13,1,133,5
1841359189,cardioem,0,1,2015,167454,412,0,50,12,1,133,2
1881790657,cardioem,0,1,2015,201052,412,0,56,27,1,133,1
1043414402,cardioem,1,1,2015,281570,413,0,34,8,1,20,2
1639161631,cardioem,1,1,2015,281570,413,0,46,18,1,20,2
1821156340,cardioem,0,1,2015,91997,413,1,49,13,1,20,2
1982862249,cardioem,1,1,2015,281570,413,1,36,11,1,20,4
1356351977,cardioem,1,1,2015,285209,416,1,42,17,1,23,2
1710947957,cardioem,1,1,2015,285243,416,0,55,24,1,23,3
1740439769,cardioem,1,1,2015,285243,416,0,33,7,1,23,2
1043541303,cardioem,0,1,2015,180262,417,0,40,7,0,8,1
1225240443,cardioem,0,1,2015,288633,417,0,56,30,0,8,1
1336334739,cardioem,0,1,2015,281611,418,1,37,9,1,10,2
1518025360,cardioem,1,1,2015,334967,423,1,39,12,1,91,3
1659436038,cardioem,0,1,2015,237203,423,1,46,16,1,91,2
1669765327,cardioem,0,1,2015,201874,423,1,32,6,0,91,4
1821075821,cardioem,1,2,2015,340455,423,0,43,16,0,122,3
1134387244,cardioem,0,1,2015,6330,424,1,36,7,1,36,2
1265793707,cardioem,0,1,2015,113665,426,1,34,3,0,112,1
1568495166,cardioem,0,1,2015,113665,426,1,41,17,0,112,1
1760555221,cardioem,0,1,2015,223948,426,0,57,29,0,112,6
1801053541,cardioem,0,1,2015,223947,426,1,45,20,0,112,5
1053569582,cardioem,1,1,2015,222221,427,1,36,10,0,51,1
1275830796,cardioem,0,1,2015,94685,427,1,33,7,1,51,1
1366418063,cardioem,0,1,2015,223323,428,0,60,35,1,21,6
1407072069,cardioem,1,1,2015,62865,428,0,52,8,1,21,3
1710951785,cardioem,0,1,2015,223323,428,0,50,18,1,21,1
1487617213,cardioem,1,1,2015,222462,429,1,54,20,0,20,4
1689861635,cardioem,1,1,2015,222987,429,0,39,10,1,20,1
1801072368,cardioem,0,1,2015,41185,429,1,36,9,1,20,3
1386928281,cardioem,1,1,2015,223171,430,0,44,21,0,51,2
1093747594,cardioem,0,1,2015,131156,431,1,37,10,1,99,1
1447218193,cardioem,0,1,2015,2497,431,1,48,20,1,99,3
1467443846,cardioem,0,1,2015,223781,431,0,61,34,1,99,1
1730118175,cardioem,1,1,2015,221748,431,0,60,32,1,99,3
1770527814,cardioem,0,1,2015,224208,431,1,54,29,0,99,5
1811176704,cardioem,0,1,2015,223365,431,1,41,17,0,99,1
1487813259,cardioem,1,1,2015,223153,432,1,34,7,0,43,1
1508833286,cardioem,0,1,2015,94685,432,1,63,37,1,43,6
1780652719,cardioem,1,1,2015,17977,432,0,43,14,1,43,3
1972824068,cardioem,1,1,2015,223153,432,1,39,5,1,43,1
1982812574,cardioem,1,1,2015,221677,432,0,37,11,1,43,2
1609071661,cardioem,0,1,2015,98127,435,0,40,15,0,18,1
1255479796,cardioem,1,2,2015,328875,437,1,43,15,0,140,2
1568614204,cardioem,1,1,2015,328875,437,1,38,7,0,26,3
1891967683,cardioem,1,1,2015,132795,437,0,34,9,0,26,1
1285611699,cardioem,0,1,2015,329945,438,0,39,10,1,14,3
1326261942,cardioem,0,1,2015,104638,438,0,38,10,0,14,2
1629394127,cardioem,0,1,2015,329945,438,1,39,14,1,14,1
1316043482,cardioem,0,2,2015,64063,439,0,47,19,1,197,5
1316966062,cardioem,1,1,2015,330791,439,1,44,16,0,132,1
1720039548,cardioem,0,1,2015,199065,439,1,44,15,1,132,1
1043522402,cardioem,1,2,2015,328902,440,1,40,16,0,87,4
1093925794,cardioem,0,1,2015,201970,440,0,42,9,0,68,2
1144451840,cardioem,1,1,2015,328912,440,0,39,15,0,68,3
1215922182,cardioem,1,1,2015,329700,440,0,43,16,1,68,3
1457346603,cardioem,1,1,2015,329700,440,1,38,10,1,68,3
1194750117,cardioem,1,1,2015,330812,441,0,54,16,0,23,3
1346570728,cardioem,1,1,2015,329696,441,0,54,26,1,23,1
1386807725,cardioem,1,1,2015,330812,441,0,41,13,0,23,2
1538168521,cardioem,1,1,2015,329696,441,0,65,40,1,23,1
1023192994,cardioem,0,1,2015,71733,443,1,56,28,1,43,1
1720141252,cardioem,0,1,2015,223733,443,1,42,15,1,43,1
1538456892,cardioem,1,1,2015,72098,444,0,33,4,1,25,2
1104059708,cardioem,0,1,2015,6885,447,1,35,3,0,30,1
1407849433,cardioem,0,1,2015,207151,447,0,61,36,1,30,1
1861411043,cardioem,1,1,2015,161278,447,1,40,12,1,30,1
1942247689,cardioem,1,1,2015,156960,447,0,60,,1,30,2
1407915978,cardioem,1,2,2015,162277,449,0,51,25,1,151,3
1851529929,cardioem,1,1,2015,161910,451,1,42,9,0,138,2
1093026882,cardioem,0,1,2015,293115,457,0,32,5,1,6,2
1124214770,cardioem,0,1,2016,261682,1,1,37,9,1,149,1
1275843609,cardioem,0,1,2016,263438,1,0,48,24,1,149,2
1730104951,cardioem,0,1,2016,263591,2,0,64,38,1,10,1
1144398678,cardioem,0,1,2016,122105,5,0,42,16,0,33,1
1124389366,cardioem,0,1,2016,186886,6,0,32,4,1,47,1
1477714889,cardioem,0,1,2016,263012,6,0,36,8,1,47,2
1609005321,cardioem,0,1,2016,261133,6,1,37,12,1,47,3
1669634796,cardioem,1,1,2016,262478,6,0,39,10,1,47,2
1093815722,cardioem,0,1,2016,263594,9,1,47,20,1,9,1
1366444952,cardioem,0,1,2016,262084,9,0,56,26,1,9,1
1437313491,cardioem,0,1,2016,328271,11,0,47,22,1,64,1
1457619371,cardioem,0,1,2016,328274,11,0,33,7,1,64,4
1952587750,cardioem,0,1,2016,227426,11,0,44,11,1,64,1
1003161035,cardioem,1,1,2016,102683,12,0,34,0,1,212,2
1013966795,cardioem,1,1,2016,196136,12,1,48,21,1,212,2
1063460830,cardioem,0,1,2016,298097,12,0,57,23,1,212,2
1558487983,cardioem,1,1,2016,325153,12,1,61,11,1,212,1
1659514594,cardioem,0,1,2016,49131,12,1,46,17,0,212,4
1750371324,cardioem,0,1,2016,323808,12,0,43,18,0,212,2
1952571341,cardioem,0,1,2016,189361,12,0,37,12,0,212,2
1255539946,cardioem,0,1,2016,177900,14,1,41,16,0,19,5
1316184948,cardioem,0,1,2016,328272,14,0,38,12,0,19,3
1427275775,cardioem,0,1,2016,328272,14,0,48,22,1,19,1
1437296795,cardioem,0,1,2016,50759,15,1,36,10,1,65,4
1477592467,cardioem,0,1,2016,64063,15,1,47,18,0,65,5
1902062219,cardioem,1,1,2016,272397,16,1,42,8,1,21,3
1033405824,cardioem,0,1,2016,298619,19,0,30,5,0,106,2
1457557936,cardioem,1,1,2016,274010,19,1,35,9,1,106,2
1972503399,cardioem,0,1,2016,260520,21,0,47,21,1,20,1
1235369307,cardioem,0,1,2016,285923,22,0,37,10,1,8,4
1295966695,cardioem,1,2,2016,114225,22,0,33,7,1,53,4
1215032305,cardioem,0,1,2016,210956,23,0,48,22,1,159,1
1629237276,cardioem,0,1,2016,85271,23,1,44,10,0,159,2
1053549196,cardioem,1,1,2016,338045,25,1,40,7,0,42,2
1336400431,cardioem,1,1,2016,271226,33,1,33,4,0,36,2
1467652537,cardioem,1,1,2016,271226,33,0,36,12,0,36,1
1659534204,cardioem,1,1,2016,271226,33,1,54,24,0,36,3
1386847531,cardioem,0,2,2016,110100,43,0,53,21,1,514,2
1396172110,cardioem,0,2,2016,209220,43,0,62,32,1,514,2
1487663233,cardioem,1,1,2016,194574,43,1,57,24,0,43,1
1407816259,cardioem,1,1,2016,340455,56,0,42,18,1,473,4
1679539951,cardioem,0,1,2016,134295,56,0,45,21,1,473,1
1780703355,cardioem,0,1,2016,258076,56,1,55,28,1,473,1
1861558918,cardioem,0,1,2016,23199,56,0,56,32,1,473,2
1972757219,cardioem,0,1,2016,258076,56,1,37,15,1,473,3
1033254586,cardioem,0,1,2016,90717,58,1,37,10,1,36,1
1083689335,cardioem,0,1,2016,99591,58,0,59,31,1,36,1
1780815522,cardioem,0,1,2016,335765,58,0,33,7,1,36,2
1427029040,cardioem,1,1,2016,134295,62,0,49,23,1,13,2
1427057306,cardioem,0,1,2016,134067,69,0,61,32,1,26,1
1912012972,cardioem,1,1,2016,342209,69,1,65,38,1,26,1
1811093461,cardioem,1,1,2016,134295,73,0,69,44,1,17,4
1083870968,cardioem,1,1,2016,270897,77,1,38,12,0,103,3
1235459793,cardioem,1,1,2016,271191,77,1,39,14,0,103,2
1366738825,cardioem,0,1,2016,192484,77,0,37,5,1,103,1
1568541274,cardioem,0,1,2016,270510,77,1,55,23,1,103,1
1770672859,cardioem,1,1,2016,271191,77,1,57,26,1,103,3
1780678706,cardioem,1,1,2016,333414,77,0,52,26,1,103,1
1871725895,cardioem,0,1,2016,200984,77,1,33,9,0,103,1
1124315601,cardioem,1,1,2016,108586,78,0,33,5,1,20,2
1558302604,cardioem,1,1,2016,134113,80,1,57,28,1,179,2
1992999551,cardioem,1,1,2016,337155,80,1,41,12,1,179,3
1053494997,cardioem,0,1,2016,114135,81,0,46,18,1,81,2
1346454220,cardioem,1,1,2016,334626,81,0,41,17,0,81,1
1891718185,cardioem,0,1,2016,114241,81,0,57,31,0,81,4
1518969575,cardioem,1,1,2016,335445,82,1,50,19,1,56,2
1174749956,cardioem,1,1,2016,335445,85,0,36,10,0,67,3
1447291182,cardioem,0,1,2016,298016,87,0,57,34,0,9,1
1992753842,cardioem,1,2,2016,121278,87,0,53,20,1,357,3
1134150402,cardioem,0,1,2016,253773,91,0,62,27,1,22,2
1477782910,cardioem,1,1,2016,271026,91,0,40,15,0,22,1
1104914019,cardioem,0,1,2016,270897,96,0,44,17,0,54,3
1215910328,cardioem,1,1,2016,203623,102,1,45,19,1,30,1
1245511344,cardioem,1,1,2016,316394,102,1,32,10,0,30,1
1508825753,cardioem,1,1,2016,293199,102,0,52,26,1,30,2
1992857577,cardioem,1,1,2016,203623,102,0,51,24,1,30,5
1073833828,cardioem,1,1,2016,279439,103,1,32,6,1,108,1
1124056668,cardioem,0,1,2016,317062,103,1,36,10,1,108,1
1437154366,cardioem,1,1,2016,279439,103,0,50,19,1,108,2
1609864842,cardioem,1,1,2016,279439,103,1,52,24,1,108,2
1649202896,cardioem,1,1,2016,316402,103,0,61,35,1,108,1
1801871660,cardioem,1,1,2016,279439,103,1,54,27,1,108,1
1083600183,cardioem,0,1,2016,316377,104,1,49,26,0,16,1
1922094036,cardioem,0,1,2016,316377,104,0,50,26,0,16,3
1003850066,cardioem,0,1,2016,316476,105,0,59,34,1,12,2
1902883531,cardioem,1,1,2016,328283,106,0,55,30,0,20,1
1982809950,cardioem,0,1,2016,316429,106,1,38,12,1,20,2
1497716559,cardioem,0,1,2016,317164,107,0,59,29,1,8,2
1154550663,cardioem,0,1,2016,293416,109,1,41,10,0,64,3
1679887632,cardioem,0,2,2016,16150,109,1,35,6,1,339,2
1720071665,cardioem,1,1,2016,115187,109,1,54,30,1,64,3
1942263033,cardioem,1,1,2016,16533,109,1,42,18,0,64,3
1992787113,cardioem,1,1,2016,16533,109,0,49,14,1,64,1
1447203393,cardioem,0,2,2016,16941,110,1,53,25,1,232,3
1205112901,cardioem,1,1,2016,113226,111,1,34,7,0,119,2
1215166079,cardioem,1,1,2016,16533,111,1,33,7,0,119,1
1336300037,cardioem,0,1,2016,222221,111,0,36,11,1,119,4
1700041506,cardioem,1,1,2016,16150,111,1,35,10,0,119,2
1114157112,cardioem,0,1,2016,177189,113,0,37,12,0,229,2
1154539815,cardioem,0,1,2016,223171,113,1,38,12,0,229,2
1275502981,cardioem,0,1,2016,219921,113,0,45,20,1,229,1
1386752806,cardioem,0,1,2016,177189,113,0,44,20,0,229,4
1538229075,cardioem,0,1,2016,86004,113,0,50,24,1,229,1
1548585615,cardioem,0,1,2016,224174,113,1,31,6,0,229,2
1922130228,cardioem,0,1,2016,224174,113,0,50,18,1,229,1
1952574840,cardioem,1,1,2016,217717,113,1,41,16,0,229,4
1851617427,cardioem,1,1,2016,120311,115,1,34,6,0,25,2
1104824861,cardioem,0,1,2016,95987,116,0,42,19,0,45,1
1134158702,cardioem,0,1,2016,252947,116,0,51,14,1,45,1
1427029743,cardioem,0,1,2016,60006,116,1,57,27,1,45,1
1740288521,cardioem,0,1,2016,54133,116,0,61,37,0,45,1
1174517122,cardioem,0,1,2016,133177,118,1,42,16,1,237,4
1184855785,cardioem,0,1,2016,178153,118,1,37,9,1,237,2
1235197666,cardioem,0,1,2016,267562,118,0,51,25,0,237,4
1306097035,cardioem,1,1,2016,247184,118,0,42,18,1,237,3
1568568459,cardioem,0,1,2016,11815,118,0,62,36,1,237,1
1710951694,cardioem,1,1,2016,264635,118,0,62,33,1,237,1
1811000391,cardioem,1,1,2016,266011,118,0,53,28,1,237,2
1891981734,cardioem,0,1,2016,61429,118,0,40,12,1,237,2
1912999608,cardioem,1,1,2016,264635,118,0,55,29,1,237,1
1144269986,cardioem,0,1,2016,113756,119,0,68,40,1,92,1
1548244577,cardioem,1,1,2016,65645,119,0,67,40,1,92,1
1558392134,cardioem,0,1,2016,69798,119,0,45,8,0,92,1
1568621407,cardioem,1,1,2016,137165,119,0,38,8,0,92,1
1578528238,cardioem,1,1,2016,137165,119,0,51,25,1,92,3
1659437093,cardioem,1,1,2016,98766,119,1,60,31,1,92,1
1699745943,cardioem,0,1,2016,54133,119,0,47,21,1,92,3
1750370755,cardioem,0,1,2016,266828,119,0,65,39,1,92,3
1770560260,cardioem,1,1,2016,137165,119,0,54,21,1,92,3
1497981187,cardioem,1,1,2016,174215,122,1,38,12,0,45,3
1992771869,cardioem,0,1,2016,62159,122,0,59,34,0,45,3
1184856155,cardioem,1,1,2016,249150,123,1,40,7,0,120,1
1467457721,cardioem,0,1,2016,252236,123,0,77,53,1,120,8
1508052754,cardioem,1,1,2016,248249,123,1,36,10,1,120,1
1659361939,cardioem,1,1,2016,249150,123,0,41,13,1,120,1
1962504787,cardioem,0,1,2016,39666,123,0,56,29,1,120,4
1053353318,cardioem,0,1,2016,247202,127,1,63,38,1,280,3
1114108669,cardioem,1,1,2016,249756,127,1,42,16,1,280,1
1124245816,cardioem,0,1,2016,54133,127,1,39,14,1,280,1
1134175938,cardioem,1,1,2016,264635,127,0,49,25,0,280,5
1134359854,cardioem,0,1,2016,267705,127,0,38,10,0,280,5
1174850937,cardioem,0,1,2016,177771,127,0,64,36,1,280,1
1326061649,cardioem,1,2,2016,264635,127,0,54,27,1,372,5
1427242866,cardioem,1,1,2016,68584,127,0,47,26,0,280,3
1104144419,cardioem,0,1,2016,209528,129,0,35,6,0,51,4
1821231440,cardioem,1,1,2016,160482,129,1,45,11,0,51,1
1174962807,cardioem,1,1,2016,187217,130,0,57,31,1,268,5
1356669683,cardioem,0,1,2016,117596,130,1,43,6,1,268,5
1396716528,cardioem,1,1,2016,251285,130,1,50,25,1,268,5
1487848578,cardioem,1,1,2016,251440,130,0,47,17,0,268,2
1609833284,cardioem,1,1,2016,187217,130,0,61,33,1,268,4
1619947041,cardioem,0,1,2016,251125,130,0,60,36,1,268,1
1700092608,cardioem,1,1,2016,119866,130,1,53,29,1,268,1
1700847449,cardioem,1,1,2016,251285,130,1,41,15,1,268,4
1740332485,cardioem,0,1,2016,132488,130,0,62,35,0,268,4
1811209687,cardioem,1,1,2016,187217,130,1,39,16,1,268,3
1225295728,cardioem,0,1,2016,267032,131,0,63,37,0,30,1
1265524391,cardioem,0,1,2016,127764,133,0,74,48,1,9,1
1528201407,cardioem,0,1,2016,108461,134,0,40,7,1,39,1
1548498512,cardioem,0,1,2016,241818,134,1,49,24,1,39,4
1932103983,cardioem,0,1,2016,59346,134,0,47,20,1,39,1
1205070711,cardioem,1,1,2016,55866,137,0,35,7,1,48,2
1457364028,cardioem,1,1,2016,55866,137,0,47,18,0,48,4
1679898332,cardioem,1,1,2016,265893,137,0,44,15,0,48,3
1811901390,cardioem,1,1,2016,265893,137,0,52,11,0,48,2
1861509176,cardioem,1,1,2016,252007,139,0,57,8,1,33,4
1275598278,cardioem,0,1,2016,137478,140,0,38,12,1,34,2
1912995226,cardioem,0,1,2016,133193,140,1,62,36,1,34,1
1013172139,cardioem,1,1,2016,189298,141,1,44,12,0,90,2
1184638868,cardioem,0,1,2016,145381,141,0,59,22,1,90,1
1316902505,cardioem,0,1,2016,252947,141,1,52,17,1,90,1
1699088104,cardioem,0,1,2016,181558,141,0,38,13,1,90,3
1851377071,cardioem,1,1,2016,87988,141,0,43,15,1,90,1
1861459117,cardioem,0,1,2016,325348,141,1,58,17,1,90,1
1982742524,cardioem,0,1,2016,80588,141,1,62,38,1,90,1
1063410827,cardioem,0,1,2016,242031,144,1,45,19,1,355,1
1114120169,cardioem,1,1,2016,121888,144,1,35,9,0,355,2
1114296910,cardioem,0,1,2016,59559,144,1,41,17,0,355,2
1265415269,cardioem,1,1,2016,121888,144,1,49,17,1,355,3
1417231457,cardioem,0,1,2016,117932,144,1,39,14,0,355,1
1568783124,cardioem,1,1,2016,121888,144,1,32,6,1,355,1
1629307277,cardioem,1,1,2016,66765,144,0,37,9,1,355,6
1669766069,cardioem,0,1,2016,241325,144,1,32,5,1,355,7
1972737013,cardioem,0,1,2016,242070,144,1,34,7,1,355,8
1003801895,cardioem,0,1,2016,113594,149,0,48,26,1,46,2
1225138456,cardioem,0,1,2016,208561,149,0,50,23,1,46,1
1558384776,cardioem,0,1,2016,92821,149,0,58,31,1,46,3
1710087614,cardioem,0,1,2016,170829,149,0,58,31,1,46,1
1821223256,cardioem,1,1,2016,182874,149,1,36,7,1,46,1
1164628756,cardioem,1,1,2016,342243,150,0,42,9,1,66,1
1790949956,cardioem,0,1,2016,342304,150,0,38,11,1,66,2
1043322217,cardioem,0,1,2016,58920,151,1,56,14,1,31,2
1508877788,cardioem,0,1,2016,302807,151,1,36,10,1,31,3
1669588315,cardioem,0,1,2016,302807,151,0,41,12,1,31,1
1972540870,cardioem,0,1,2016,58920,151,0,43,13,1,31,3
1033381439,cardioem,0,1,2016,202859,155,0,69,46,0,59,2
1073537643,cardioem,0,1,2016,150258,155,0,55,23,0,59,3
1457328874,cardioem,0,1,2016,102502,155,0,51,27,1,59,1
1568488708,cardioem,1,2,2016,149996,155,0,50,27,1,235,3
1457388928,cardioem,0,1,2016,202859,156,0,64,30,1,183,4
1831344373,cardioem,1,1,2016,146891,156,1,34,8,0,183,1
1568625465,cardioem,1,1,2016,147425,161,1,41,10,0,81,2
1740284074,cardioem,0,1,2016,149695,161,0,49,25,1,81,3
1811056880,cardioem,0,1,2016,138063,163,0,77,44,1,47,3
1053440008,cardioem,1,1,2016,147089,166,1,37,11,0,79,5
1336449214,cardioem,0,1,2016,243018,170,1,40,14,0,31,4
1144362773,cardioem,1,1,2016,160425,171,0,38,14,0,36,1
1447580022,cardioem,0,1,2016,122715,171,0,43,,1,36,2
1649361858,cardioem,0,1,2016,105443,172,0,44,21,0,46,1
1255343026,cardioem,1,1,2016,152459,173,1,52,23,1,25,1
1326297987,cardioem,0,1,2016,243018,175,0,49,10,1,9,3
1366489569,cardioem,1,1,2016,141879,179,0,46,14,1,25,1
1366616435,cardioem,0,1,2016,101999,179,1,35,13,0,25,1
1174573281,cardioem,1,1,2016,73614,181,1,69,21,0,38,1
1699975185,cardioem,1,1,2016,69549,183,0,41,18,0,173,4
1871688853,cardioem,0,1,2016,141871,183,0,50,23,1,173,1
1154378602,cardioem,1,1,2016,141839,187,1,54,19,1,31,3
1386649341,cardioem,0,1,2016,167057,191,1,45,18,1,17,2
1124257019,cardioem,1,1,2016,167080,192,1,34,7,1,48,3
1447273495,cardioem,1,1,2016,166672,192,0,38,11,1,48,1
1538276894,cardioem,1,1,2016,167057,192,1,45,21,1,48,2
1811162779,cardioem,1,1,2016,167080,192,0,38,12,1,48,2
1205833860,cardioem,0,1,2016,167108,194,0,47,25,0,29,2
1750349023,cardioem,0,1,2016,204868,201,0,58,28,1,59,2
1487874962,cardioem,0,1,2016,261151,204,1,37,11,1,89,1
1932159852,cardioem,0,1,2016,261151,204,0,37,11,1,89,2
1114900016,cardioem,0,1,2016,188712,205,0,41,16,0,97,1
1952511917,cardioem,1,1,2016,256607,205,0,40,13,1,97,4
1265637870,cardioem,0,1,2016,189166,214,1,38,10,1,10,1
1801081245,cardioem,0,1,2016,327475,214,0,41,16,0,10,1
1174733489,cardioem,1,1,2016,274021,216,0,38,11,1,31,3
1013151091,cardioem,0,1,2016,171949,218,0,34,8,1,56,4
1053541565,cardioem,0,1,2016,288631,219,1,34,7,1,41,3
1629365358,cardioem,0,1,2016,120612,220,1,32,5,1,12,1
1003044488,cardioem,1,1,2016,835,222,0,41,7,1,87,3
1053593962,cardioem,0,1,2016,1111,222,1,47,20,1,87,1
1104906155,cardioem,1,1,2016,557,222,1,45,19,0,87,2
1427014869,cardioem,0,1,2016,548,222,0,55,29,1,87,1
1922291566,cardioem,1,1,2016,550,222,1,45,12,1,87,2
1003040726,cardioem,1,1,2016,293954,223,0,68,35,1,226,4
1356679138,cardioem,0,1,2016,194212,223,0,45,16,1,226,6
1821264425,cardioem,1,1,2016,216307,223,0,40,10,1,226,4
1689780579,cardioem,1,1,2016,218945,225,1,49,22,1,40,6
1740342161,cardioem,0,1,2016,92054,226,1,40,12,0,67,2
1154337681,cardioem,0,1,2016,219695,227,0,43,19,0,456,4
1245488105,cardioem,1,1,2016,118578,227,1,41,15,1,456,2
1245548643,cardioem,1,1,2016,118578,227,0,37,13,0,456,1
1427066224,cardioem,0,1,2016,9688,227,1,41,14,1,456,3
1508157371,cardioem,1,2,2016,10207,227,1,31,5,1,541,2
1679510838,cardioem,1,1,2016,10039,227,1,48,25,1,456,1
1780613935,cardioem,1,1,2016,10039,227,0,57,29,1,456,1
1912160045,cardioem,1,1,2016,10422,227,0,34,8,0,456,1
1316181027,cardioem,0,1,2016,298481,230,1,35,7,1,53,1
1558335174,cardioem,0,1,2016,9455,230,1,63,38,1,53,2
1033341821,cardioem,1,1,2016,158312,232,0,39,11,0,99,1
1417245515,cardioem,1,1,2016,158312,232,0,34,11,0,99,2
1437448057,cardioem,1,1,2016,160953,232,1,32,5,1,99,1
1770672636,cardioem,1,1,2016,160953,232,1,48,16,1,99,2
1487632493,cardioem,0,1,2016,206631,233,0,59,31,1,44,2
1578867404,cardioem,0,1,2016,159483,233,0,52,28,1,44,1
1396997912,cardioem,0,1,2016,188260,234,0,36,8,1,104,1
1578522686,cardioem,0,1,2016,298770,234,0,74,42,1,104,2
1689962136,cardioem,0,1,2016,210031,234,0,33,6,1,104,1
1083678601,cardioem,1,1,2016,154607,238,0,53,32,0,29,4
1154388734,cardioem,0,1,2016,160951,239,1,60,25,1,38,2
1770614000,cardioem,0,1,2016,154664,240,0,47,20,1,11,1
1942470042,cardioem,0,1,2016,154664,240,0,36,11,0,11,1
1811195712,cardioem,0,1,2016,137203,242,0,38,9,1,8,1
1861784340,cardioem,0,1,2016,157972,244,1,38,6,0,20,1
1568430122,cardioem,0,1,2016,108295,245,0,61,29,1,88,2
1609009778,cardioem,1,1,2016,158315,246,0,34,7,1,45,1
1225264997,cardioem,0,2,2016,164305,250,1,33,7,0,84,2
1730314253,cardioem,1,1,2016,164059,250,1,41,7,1,16,1
1114136074,cardioem,1,1,2016,162123,251,1,44,13,1,171,1
1134195027,cardioem,1,1,2016,147342,251,1,56,19,1,171,2
1235176975,cardioem,1,1,2016,164026,251,1,38,11,1,171,1
1588631386,cardioem,1,1,2016,164180,251,0,41,13,0,171,1
1770739732,cardioem,0,1,2016,164692,251,1,36,8,0,171,1
1174852172,cardioem,1,2,2016,164358,253,1,34,10,0,315,4
1669484515,cardioem,0,1,2016,208990,257,0,46,17,1,12,3
1720039043,cardioem,0,1,2016,273871,257,0,64,39,1,12,1
1255596052,cardioem,1,1,2016,264621,259,1,34,8,0,45,1
1003128463,cardioem,0,2,2016,183441,260,0,35,6,0,42,3
1720303266,cardioem,1,1,2016,260093,262,1,33,6,1,12,1
1427285576,cardioem,1,1,2016,327633,264,0,34,10,0,43,1
1508197997,cardioem,0,1,2016,59562,264,0,36,12,0,43,6
1750335055,cardioem,1,1,2016,327633,264,0,62,19,1,43,1
1255511309,cardioem,0,1,2016,111018,267,1,46,10,1,20,5
1003840547,cardioem,0,1,2016,211648,268,0,48,14,1,167,1
1396078226,cardioem,1,1,2016,211941,268,0,34,8,1,167,1
1689806978,cardioem,1,1,2016,172266,270,0,33,10,0,22,2
1316984859,cardioem,0,1,2016,158860,273,0,55,20,1,224,3
1326276486,cardioem,0,1,2016,158860,273,0,45,9,0,224,1
1346480480,cardioem,1,1,2016,168634,273,0,50,7,0,224,1
1407887979,cardioem,1,1,2016,169898,273,1,47,20,1,224,2
1558596668,cardioem,1,1,2016,91918,273,0,33,7,1,224,1
1831145911,cardioem,0,1,2016,170474,273,0,62,36,1,224,2
1093842031,cardioem,0,1,2016,150030,274,1,49,23,1,21,2
1295753531,cardioem,0,1,2016,6367,277,0,39,14,1,24,1
1033103908,cardioem,1,1,2016,137407,279,0,68,42,1,108,1
1174586861,cardioem,0,1,2016,190868,279,0,64,34,1,108,1
1346546785,cardioem,1,1,2016,111436,279,0,34,8,1,108,1
1417939844,cardioem,0,1,2016,94867,279,0,67,41,1,108,3
1447439682,cardioem,0,1,2016,52361,279,0,51,17,1,108,1
1457655482,cardioem,1,1,2016,326497,279,1,57,22,1,108,1
1649214321,cardioem,1,1,2016,326497,279,1,66,19,1,108,1
1811174089,cardioem,1,1,2016,326497,279,0,43,10,1,108,3
1952394371,cardioem,1,1,2016,137407,279,1,67,42,1,108,1
1598016636,cardioem,0,1,2016,328289,280,1,34,8,0,32,3
1831377860,cardioem,1,1,2016,61959,280,1,36,10,1,32,2
1265480800,cardioem,1,1,2016,78647,281,0,42,12,1,25,2
1043332224,cardioem,1,1,2016,3902,282,1,45,20,0,56,1
1467749622,cardioem,1,1,2016,3644,282,1,35,11,0,56,1
1134290224,cardioem,0,2,2016,113027,283,0,37,13,1,419,3
1417251703,cardioem,0,1,2016,237201,283,0,44,9,0,298,1
1609166461,cardioem,0,1,2016,82732,283,0,32,5,0,298,2
1649577495,cardioem,0,1,2016,204667,283,1,31,9,0,298,3
1669415410,cardioem,1,1,2016,80119,283,1,42,14,1,298,3
1992963169,cardioem,0,1,2016,58608,283,0,39,10,0,298,2
1255316675,cardioem,0,1,2016,78125,284,1,65,41,0,139,1
1508865411,cardioem,1,1,2016,132124,284,1,41,15,0,139,1
1720071541,cardioem,1,1,2016,56897,285,1,50,25,1,114,2
1750306411,cardioem,1,1,2016,56897,285,0,59,33,1,114,1
1346303047,cardioem,0,1,2016,101175,288,1,44,18,0,127,1
1669482428,cardioem,0,1,2016,207294,288,0,49,19,1,127,3
1730258070,cardioem,1,1,2016,179415,288,1,42,17,1,127,2
1023270253,cardioem,0,1,2016,186396,289,0,51,27,1,118,3
1780846915,cardioem,0,1,2016,79269,292,1,37,8,1,51,1
1003943416,cardioem,0,1,2016,321421,293,0,58,32,1,75,3
1770554149,cardioem,0,1,2016,165397,293,0,48,14,1,75,2
1770789125,cardioem,0,1,2016,321693,293,0,60,34,1,75,1
1811317894,cardioem,0,1,2016,321479,293,1,34,5,0,75,2
1821032970,cardioem,0,1,2016,323482,293,0,62,29,1,75,1
1841428075,cardioem,0,1,2016,317034,293,0,33,7,1,75,3
1912018870,cardioem,0,1,2016,321471,293,1,42,9,1,75,2
1477528537,cardioem,1,1,2016,38238,295,1,56,28,1,158,1
1811138845,cardioem,1,1,2016,187016,295,1,45,12,1,158,1
1548452634,cardioem,1,1,2016,41179,296,1,38,15,0,17,1
1144380114,cardioem,0,1,2016,195220,301,0,58,30,0,509,4
1225019946,cardioem,1,1,2016,204710,301,0,60,31,1,509,6
1427284892,cardioem,0,1,2016,25664,301,1,35,7,1,509,2
1457442956,cardioem,0,2,2016,52603,301,0,62,34,1,1009,6
1477544096,cardioem,0,1,2016,204244,301,0,57,21,0,509,2
1396090411,cardioem,0,1,2016,66636,303,0,31,6,1,555,1
1588774657,cardioem,1,1,2016,257947,303,0,56,29,1,555,3
1861453631,cardioem,0,1,2016,118950,303,0,62,35,1,555,1
1881837201,cardioem,0,1,2016,35780,303,0,36,9,1,555,2
1114284999,cardioem,0,1,2016,43634,307,0,35,11,0,65,2
1912132796,cardioem,1,1,2016,35818,308,1,36,10,0,130,1
1073512984,cardioem,1,1,2016,229403,309,0,55,31,1,38,4
1245206853,cardioem,0,1,2016,67500,311,0,61,34,1,118,2
1629389184,cardioem,1,1,2016,230786,311,1,36,8,0,118,1
1811962574,cardioem,0,1,2016,100699,311,0,57,14,1,118,2
1518992072,cardioem,1,1,2016,231845,314,1,55,20,1,50,1
1528050424,cardioem,1,1,2016,231845,314,0,56,27,1,50,1
1831184282,cardioem,1,1,2016,229678,314,0,56,29,1,50,2
1710074273,cardioem,1,1,2016,176287,315,1,35,10,1,18,2
1124008156,cardioem,0,1,2016,230627,318,0,49,19,0,107,5
1508818873,cardioem,0,1,2016,231350,318,1,46,21,1,107,1
1578791422,cardioem,0,1,2016,230100,318,1,37,13,1,107,2
1851605919,cardioem,0,1,2016,124755,318,0,33,10,0,107,3
1962433805,cardioem,1,1,2016,106275,318,0,59,23,1,107,2
1356338016,cardioem,0,1,2016,181037,320,0,61,28,1,62,1
1477758142,cardioem,0,1,2016,230227,320,0,36,9,1,62,2
1992026579,cardioem,1,1,2016,229575,320,0,34,7,1,62,5
1174844286,cardioem,0,1,2016,164247,322,1,33,6,1,13,1
1043206295,cardioem,1,1,2016,140070,325,0,60,35,1,45,1
1811986144,cardioem,0,1,2016,140627,325,0,53,26,1,45,1
1952543993,cardioem,1,1,2016,140458,326,0,35,11,1,42,3
1386762714,cardioem,1,1,2016,256685,327,1,48,22,1,89,1
1730168659,cardioem,0,1,2016,121617,328,1,46,20,1,212,1
1003059684,cardioem,1,1,2016,130310,329,1,41,15,0,191,5
1275855207,cardioem,0,1,2016,56061,329,0,47,22,0,191,1
1508153776,cardioem,1,1,2016,130157,329,1,37,9,0,191,1
1215909791,cardioem,1,1,2016,100782,330,1,44,19,1,51,1
1982689535,cardioem,0,1,2016,130159,330,0,47,21,1,51,1
1548252315,cardioem,0,1,2016,158332,334,0,49,14,1,51,1
1689637258,cardioem,1,1,2016,151399,335,0,56,31,1,37,1
1659366508,cardioem,0,1,2016,303607,340,0,70,43,1,63,2
1912183138,cardioem,1,1,2016,277031,340,0,39,11,1,63,1
1023049541,cardioem,0,1,2016,331915,342,1,65,39,1,25,1
1518198233,cardioem,0,1,2016,332825,342,0,37,12,0,25,1
1013970540,cardioem,0,1,2016,160420,343,0,50,21,1,19,5
1083680201,cardioem,0,2,2016,55070,343,0,59,25,1,46,2
1164696969,cardioem,0,1,2016,56903,343,0,39,15,0,19,4
1245598416,cardioem,1,1,2016,333136,343,0,35,9,0,19,2
1306006143,cardioem,0,1,2016,332460,343,0,50,8,1,19,3
1720219520,cardioem,1,1,2016,333136,343,1,36,9,0,19,1
1932129483,cardioem,0,1,2016,331928,343,1,40,13,1,19,2
1053422527,cardioem,1,1,2016,332672,344,0,56,25,1,115,3
1548351877,cardioem,1,1,2016,332672,344,0,45,13,0,115,2
1861575060,cardioem,1,1,2016,328891,344,1,38,11,0,115,2
1326108259,cardioem,1,1,2016,86025,346,1,48,18,1,112,2
1326198490,cardioem,0,1,2016,49518,346,0,46,19,0,112,1
1548295587,cardioem,1,1,2016,86025,346,1,54,11,1,112,1
1780858118,cardioem,1,1,2016,82911,346,1,39,10,1,112,2
1023215670,cardioem,1,1,2016,87798,350,1,37,12,1,40,1
1902034804,cardioem,0,1,2016,90019,351,0,34,7,0,39,1
1982805396,cardioem,0,1,2016,89425,351,1,43,13,0,39,1
1073894788,cardioem,0,1,2016,84252,352,0,33,9,1,79,3
1245273630,cardioem,1,1,2016,90134,352,0,49,25,0,79,1
1770550147,cardioem,0,1,2016,202671,354,0,51,23,1,13,1
1760636492,cardioem,0,1,2016,86304,355,0,37,8,1,39,3
1326203035,cardioem,0,1,2016,183161,356,0,42,15,0,474,1
1417012030,cardioem,1,1,2016,296714,356,1,44,17,0,474,1
1568499473,cardioem,1,1,2016,85271,356,1,44,16,1,474,5
1740393412,cardioem,0,1,2016,122154,356,1,45,15,0,474,2
1952562381,cardioem,1,1,2016,86594,356,1,35,9,1,474,1
1255434619,cardioem,1,1,2016,88721,359,1,42,18,0,11,1
1912005802,cardioem,1,1,2016,87798,360,0,54,24,1,23,3
1295793123,cardioem,1,1,2016,86152,363,0,60,23,1,14,2
1982712030,cardioem,1,1,2016,79028,364,1,46,17,1,95,1
1043292576,cardioem,1,1,2016,236314,365,1,47,17,1,72,1
1043598063,cardioem,1,2,2016,327714,365,1,32,9,0,148,3
1114903143,cardioem,0,1,2016,240246,365,1,64,19,1,72,1
1134387830,cardioem,0,1,2016,236522,365,1,35,8,1,72,2
1164482832,cardioem,1,2,2016,327714,365,0,57,31,1,136,4
1376525667,cardioem,0,1,2016,276228,365,1,68,23,1,72,2
1639499577,cardioem,0,1,2016,236522,365,0,40,6,1,72,2
1801899919,cardioem,1,1,2016,236314,365,0,56,29,1,72,3
1073718615,cardioem,1,1,2016,241919,366,1,37,9,0,75,2
1578856217,cardioem,1,1,2016,238015,366,0,43,15,0,75,1
1619953015,cardioem,0,1,2016,145054,366,1,55,25,1,75,1
1154620987,cardioem,1,1,2016,236487,368,0,34,6,0,64,2
1295082337,cardioem,1,1,2016,236487,368,1,57,31,1,64,2
1558462648,cardioem,1,1,2016,236487,368,0,53,28,1,64,5
1629179650,cardioem,1,1,2016,236487,368,1,54,30,1,64,5
1770764128,cardioem,1,1,2016,236487,368,0,44,16,1,64,8
1174639348,cardioem,1,1,2016,70043,369,1,52,24,1,10,2
1922298447,cardioem,1,1,2016,70043,369,1,52,12,1,10,2
1508840109,cardioem,1,1,2016,184519,371,0,47,21,1,23,4
1073833364,cardioem,1,1,2016,261597,373,1,33,6,1,43,1
1023104049,cardioem,0,1,2016,70963,375,0,51,25,1,17,3
1700101110,cardioem,1,2,2016,223141,376,0,52,12,1,80,7
1972579944,cardioem,1,1,2016,259941,376,1,55,29,1,34,1
1124289731,cardioem,0,1,2016,258600,377,1,34,8,1,79,2
1194729525,cardioem,0,1,2016,258910,377,0,67,41,1,79,1
1396039343,cardioem,1,1,2016,130939,377,1,31,5,1,79,2
1437158920,cardioem,0,1,2016,260200,377,1,55,23,1,79,2
1316160468,cardioem,1,1,2016,145029,380,0,45,19,1,177,1
1437449766,cardioem,1,1,2016,260049,380,1,32,5,1,177,1
1972805414,cardioem,1,1,2016,145029,380,0,42,8,1,177,2
1053607507,cardioem,1,1,2016,293415,383,0,48,5,1,15,1
1164596532,cardioem,1,1,2016,119469,385,1,47,18,0,68,4
1376741520,cardioem,0,1,2016,279278,385,1,40,16,0,68,1
1659368652,cardioem,0,1,2016,279278,385,0,47,14,1,68,1
1851397798,cardioem,0,1,2016,176308,385,0,61,35,1,68,1
1174786420,cardioem,0,1,2016,37113,386,0,36,10,1,20,7
1265750848,cardioem,0,1,2016,288631,390,1,35,9,1,23,1
1003889478,cardioem,0,1,2016,210053,391,0,46,22,0,268,1
1104054295,cardioem,1,1,2016,285236,391,0,39,7,1,268,2
1194859553,cardioem,0,1,2016,283924,391,1,71,46,1,268,2
1265672992,cardioem,0,1,2016,183735,391,1,35,12,0,268,2
1376573162,cardioem,0,1,2016,112043,391,0,45,19,1,268,1
1386844744,cardioem,0,1,2016,207087,391,1,51,10,0,268,2
1467723544,cardioem,0,1,2016,330839,391,1,37,11,0,268,5
1568758670,cardioem,0,1,2016,330839,391,0,35,5,1,268,5
1619297744,cardioem,1,1,2016,286350,391,1,42,6,0,268,3
1669648689,cardioem,1,1,2016,287745,391,1,37,14,0,268,2
1730400854,cardioem,0,1,2016,330839,391,1,34,6,1,268,3
1730470147,cardioem,1,1,2016,285000,391,1,33,5,0,268,1
1750585626,cardioem,1,1,2016,285000,391,1,36,9,1,268,1
1790765915,cardioem,0,1,2016,285446,391,0,55,21,1,268,4
1811996168,cardioem,0,1,2016,330839,391,0,57,31,1,268,4
1841491685,cardioem,0,1,2016,174714,391,1,44,10,0,268,6
1881983468,cardioem,1,1,2016,286350,391,1,32,7,0,268,1
1114979572,cardioem,0,1,2016,282720,393,0,56,31,0,42,1
1003874314,cardioem,0,1,2016,58065,394,1,48,19,1,68,3
1154329142,cardioem,1,1,2016,179709,394,0,68,43,1,68,1
1487940482,cardioem,0,1,2016,198392,394,0,54,6,1,68,1
1598928863,cardioem,0,2,2016,114225,394,0,39,16,0,93,2
1659638898,cardioem,1,1,2016,285094,394,0,32,4,0,68,3
1669676326,cardioem,0,1,2016,288965,394,0,41,17,0,68,4
1881631596,cardioem,1,1,2016,285236,394,0,51,25,1,68,1
1003086976,cardioem,1,1,2016,127625,397,1,39,16,0,433,2
1073804019,cardioem,0,1,2016,114225,397,0,36,12,0,433,2
1164581682,cardioem,1,1,2016,287789,397,0,56,15,1,433,3
1245239326,cardioem,1,1,2016,67615,397,0,67,38,1,433,9
1336330836,cardioem,1,1,2016,67615,397,1,35,10,0,433,4
1407087323,cardioem,0,1,2016,6937,397,0,36,11,0,433,1
1467442848,cardioem,0,1,2016,68413,397,0,45,16,0,433,1
1548338619,cardioem,0,1,2016,288965,397,1,49,16,0,433,5
1598790503,cardioem,1,1,2016,67615,397,1,47,16,1,433,1
1639330699,cardioem,0,1,2016,286333,397,0,44,19,0,433,3
1649490418,cardioem,0,2,2016,114225,397,0,38,17,0,861,4
1710186705,cardioem,0,1,2016,295184,397,1,41,16,0,433,4
1720234016,cardioem,0,1,2016,58065,397,1,33,8,0,433,1
1740322759,cardioem,1,1,2016,127625,397,1,38,13,0,433,2
1780723346,cardioem,0,1,2016,6937,397,0,46,11,0,433,1
1811328396,cardioem,1,1,2016,287789,397,0,36,10,0,433,3
1245339183,cardioem,0,1,2016,182712,399,0,60,33,1,12,1
1679568190,cardioem,0,1,2016,286091,400,0,61,32,1,33,5
1861596058,cardioem,0,1,2016,197860,402,0,59,34,1,26,2
1861491359,cardioem,0,2,2016,69319,406,0,50,19,1,27,3
1104054212,cardioem,0,1,2016,102041,412,0,45,21,0,130,2
1154316040,cardioem,0,1,2016,57181,412,1,44,18,0,130,2
1154364198,cardioem,0,1,2016,280283,412,1,62,31,0,130,1
1225264369,cardioem,0,1,2016,194908,412,0,55,10,1,130,2
1487809729,cardioem,0,1,2016,281454,412,0,42,11,0,130,1
1538262407,cardioem,0,1,2016,58065,412,1,57,29,1,130,3
1972877785,cardioem,1,1,2016,60558,412,1,35,7,1,130,3
1972819589,cardioem,1,1,2016,281570,413,0,34,6,1,22,3
1548245012,cardioem,1,1,2016,285243,416,1,46,19,1,25,2
1659334779,cardioem,0,1,2016,280349,417,1,54,15,1,8,1
1053548172,cardioem,0,1,2016,286489,420,1,34,7,0,10,3
1154613677,cardioem,0,1,2016,294384,420,0,34,5,1,10,1
1275541799,cardioem,1,1,2016,334967,423,0,52,14,0,92,2
1295841419,cardioem,1,1,2016,261022,423,0,61,29,1,92,1
1386993400,cardioem,0,1,2016,316380,423,0,36,6,1,92,3
1699891192,cardioem,0,1,2016,209448,423,0,42,14,0,92,1
1780602375,cardioem,1,1,2016,334967,423,0,55,26,0,92,1
1053347708,cardioem,1,1,2016,6091,424,1,46,19,1,40,3
1467411769,cardioem,1,1,2016,6091,424,1,53,17,1,40,1
1144437062,cardioem,0,1,2016,113665,426,1,42,14,1,114,1
1366411639,cardioem,0,1,2016,113665,426,1,52,18,1,114,2
1477722890,cardioem,0,1,2016,224238,426,0,40,11,1,114,2
1730371774,cardioem,1,1,2016,326297,426,0,58,32,1,114,1
1962631184,cardioem,0,1,2016,113665,426,1,38,11,0,114,1
1467441592,cardioem,1,1,2016,222221,427,0,69,40,1,53,7
1467581454,cardioem,1,1,2016,222987,429,0,36,10,1,19,1
1083682843,cardioem,1,1,2016,99785,431,1,67,48,1,98,4
1477596104,cardioem,0,1,2016,197943,431,0,44,18,0,98,1
1013142850,cardioem,0,1,2016,259941,432,1,34,7,1,41,1
1982627519,cardioem,1,1,2016,223153,432,0,53,20,1,41,1
1114990538,cardioem,1,1,2016,328875,437,0,62,36,1,27,1
1922262146,cardioem,0,1,2016,195434,437,1,33,8,1,27,1
1932171527,cardioem,1,1,2016,328875,437,0,54,25,0,27,3
1154332047,cardioem,0,1,2016,329479,438,1,48,22,0,17,4
1386856169,cardioem,0,1,2016,329479,438,1,40,12,1,17,3
1467787440,cardioem,0,1,2016,329945,438,1,36,7,0,17,2
1154618882,cardioem,1,1,2016,328894,439,1,36,7,1,123,1
1184639445,cardioem,1,1,2016,328896,439,0,41,13,1,123,7
1265667067,cardioem,1,1,2016,328893,439,1,46,18,1,123,4
1285634790,cardioem,0,1,2016,328972,439,1,47,24,0,123,2
1366426405,cardioem,1,1,2016,113635,439,0,43,15,1,123,2
1396723466,cardioem,0,1,2016,330822,439,0,68,35,1,123,2
1437105335,cardioem,1,1,2016,329479,439,1,50,21,1,123,2
1578784336,cardioem,1,1,2016,233778,439,0,47,9,1,123,2
1619926177,cardioem,0,1,2016,331512,439,1,49,21,1,123,1
1952560179,cardioem,1,1,2016,328893,439,1,35,8,1,123,1
1962447425,cardioem,0,1,2016,329618,439,1,47,15,1,123,1
1275954927,cardioem,1,1,2016,328902,440,1,32,5,0,68,3
1316998354,cardioem,1,1,2016,329901,440,0,61,31,1,68,2
1972709129,cardioem,1,1,2016,329901,440,0,36,10,1,68,2
1225004120,cardioem,1,1,2016,328880,441,0,57,30,1,20,1
1376563601,cardioem,1,1,2016,329696,441,1,52,27,0,20,4
1942350947,cardioem,0,1,2016,162594,446,0,44,17,1,13,2
1780671792,cardioem,1,1,2016,161257,447,1,58,27,1,30,1
1932334216,cardioem,1,1,2016,161249,448,0,35,7,1,16,1
1154501799,cardioem,0,1,2016,149296,449,1,38,10,0,69,1
1255541116,cardioem,1,1,2016,162277,449,0,38,11,1,69,3
1285848291,cardioem,0,1,2016,105570,449,0,40,11,0,69,1
1447484977,cardioem,1,1,2016,161343,449,1,43,9,1,69,1
1477505063,cardioem,1,1,2016,161254,449,0,49,22,1,69,2
1780785725,cardioem,1,1,2016,161221,449,0,40,13,0,69,1
1023217528,cardioem,0,1,2016,161229,451,0,43,9,1,139,3
1669604468,cardioem,0,1,2016,210404,451,0,39,7,0,139,2
1518124114,cardioem,0,1,2016,293115,457,1,39,11,1,6,3
1710945514,cardioem,0,1,2017,104435,1,0,56,31,0,148,1
1699880369,cardioem,0,1,2017,328274,11,0,60,34,1,65,1
1033195136,cardioem,1,1,2017,323713,12,1,51,25,1,210,1
1043383441,cardioem,0,1,2017,94393,12,1,61,27,1,210,1
1215190749,cardioem,0,1,2017,323808,12,1,38,10,0,210,1
1295022044,cardioem,1,1,2017,323713,12,0,40,7,0,210,4
1417207499,cardioem,0,1,2017,299820,12,0,50,23,0,210,5
1538422092,cardioem,0,1,2017,328274,12,1,55,5,1,210,4
1710980206,cardioem,0,1,2017,323974,12,0,53,23,1,210,1
1881906733,cardioem,1,1,2017,261095,12,1,34,11,0,210,3
1336123199,cardioem,0,1,2017,323638,15,0,58,17,1,67,1
1104838945,cardioem,1,1,2017,260846,19,1,64,34,1,103,1
1336172238,cardioem,1,1,2017,273004,19,1,51,18,1,103,3
1467665984,cardioem,1,1,2017,272353,19,0,35,12,1,103,1
1356323042,cardioem,0,1,2017,260520,21,1,52,25,1,19,1
1407070162,cardioem,0,1,2017,114225,22,1,43,18,0,8,4
1639431836,cardioem,0,1,2017,72596,23,0,38,9,1,165,2
1104853514,cardioem,0,1,2017,327262,25,1,64,38,0,42,1
1346479276,cardioem,0,1,2017,334154,25,0,35,12,0,42,1
1518052547,cardioem,0,1,2017,198275,25,0,56,28,0,42,4
1922440734,cardioem,0,2,2017,296798,25,0,47,14,1,78,3
1790744795,cardioem,1,1,2017,333416,33,0,52,21,1,34,1
1497914402,cardioem,0,1,2017,110265,43,1,37,13,0,43,1
1821088162,cardioem,0,1,2017,70222,56,1,66,40,0,471,1
1851473938,cardioem,0,2,2017,191787,56,0,63,19,0,580,6
1922273275,cardioem,1,1,2017,340455,56,1,37,9,0,471,2
1962677385,cardioem,1,1,2017,340810,56,0,48,13,1,471,3
1285983601,cardioem,1,1,2017,271026,58,0,37,11,0,38,2
1831402882,cardioem,1,2,2017,341411,62,0,34,7,0,23,4
1245209071,cardioem,1,1,2017,342209,69,1,53,26,1,27,3
1376871772,cardioem,1,1,2017,342209,69,1,34,8,1,27,4
1407844608,cardioem,0,1,2017,121278,69,0,63,33,0,27,5
1447515853,cardioem,1,1,2017,342209,69,1,32,5,0,27,1
1851477582,cardioem,1,1,2017,342209,69,1,59,33,1,27,1
1699767848,cardioem,0,2,2017,98642,73,0,68,43,1,51,3
1053415430,cardioem,0,1,2017,212644,77,0,69,40,1,111,11
1417037250,cardioem,1,1,2017,333362,77,0,57,30,1,111,6
1588894331,cardioem,1,1,2017,271191,77,0,37,12,0,111,2
1861716805,cardioem,1,1,2017,271026,77,1,35,7,1,111,3
1083720718,cardioem,0,1,2017,135234,79,1,51,22,1,80,2
1215907415,cardioem,1,1,2017,135462,79,0,55,29,1,80,2
1649255498,cardioem,1,1,2017,135384,79,0,44,18,1,80,1
1013114933,cardioem,1,1,2017,336289,80,0,39,10,0,176,2
1063547420,cardioem,1,1,2017,114077,80,0,60,30,1,176,2
1528120748,cardioem,0,1,2017,234254,80,0,53,27,0,176,1
1578558623,cardioem,0,1,2017,135857,80,0,63,33,1,176,3
1891058962,cardioem,0,1,2017,271026,81,0,34,5,1,79,1
1932142767,cardioem,1,1,2017,335619,81,1,65,39,1,79,4
1831127018,cardioem,0,1,2017,270897,87,1,59,17,1,9,2
1952301020,cardioem,0,1,2017,270897,87,1,56,28,1,9,2
1295934081,cardioem,0,1,2017,114241,89,1,41,13,1,24,1
1316259724,cardioem,1,1,2017,271026,91,1,41,12,0,24,2
1902034168,cardioem,0,1,2017,271065,91,0,36,8,1,24,1
1629145990,cardioem,1,1,2017,293199,101,1,48,21,1,16,3
1043311806,cardioem,0,1,2017,147430,103,0,47,21,0,111,1
1043430325,cardioem,1,1,2017,316402,103,0,42,10,1,111,1
1336139534,cardioem,0,1,2017,206488,103,1,55,22,1,111,1
1417904251,cardioem,1,1,2017,316394,103,1,40,14,1,111,2
1730117086,cardioem,1,1,2017,293199,104,1,51,24,1,14,3
1033196498,cardioem,1,1,2017,328283,106,1,43,16,1,23,2
1750371399,cardioem,1,1,2017,293199,106,1,51,19,1,23,1
1205073962,cardioem,0,1,2017,293416,109,0,39,12,0,66,1
1376614750,cardioem,1,1,2017,16533,109,1,51,26,1,66,2
1174725303,cardioem,1,1,2017,218193,110,0,43,13,1,144,2
1932204948,cardioem,0,1,2017,16940,110,1,53,28,1,144,1
1558659961,cardioem,1,1,2017,35111,111,1,33,6,1,127,2
1164402970,cardioem,1,1,2017,214367,112,0,52,26,1,61,2
1629073606,cardioem,1,1,2017,214367,112,1,43,17,0,61,1
1699752071,cardioem,0,1,2017,298094,112,1,48,22,1,61,1
1023189958,cardioem,0,1,2017,177189,113,1,37,11,1,231,4
1124001540,cardioem,0,1,2017,177189,113,1,54,31,0,231,2
1275591141,cardioem,0,1,2017,175692,113,1,56,34,0,231,1
1447278320,cardioem,0,1,2017,203251,113,0,50,25,1,231,2
1598744740,cardioem,1,1,2017,217717,113,1,51,22,1,231,5
1891767000,cardioem,1,1,2017,57596,113,0,62,39,1,231,2
1225094071,cardioem,0,1,2017,253486,115,0,43,16,0,27,3
1174504484,cardioem,1,1,2017,251569,116,1,41,15,1,45,1
1346501830,cardioem,1,1,2017,251036,116,1,33,6,1,45,2
1497062186,cardioem,0,1,2017,325348,116,0,37,9,1,45,1
1003998345,cardioem,0,1,2017,265953,118,0,53,27,1,233,1
1467751859,cardioem,0,1,2017,265999,118,1,36,6,0,233,7
1730140054,cardioem,0,1,2017,144569,118,1,46,19,1,233,2
1851335376,cardioem,0,1,2017,267763,118,0,60,35,0,233,1
1972571503,cardioem,0,1,2017,265054,118,0,49,26,1,233,1
1023080215,cardioem,0,1,2017,252947,119,0,54,20,1,94,1
1487827242,cardioem,0,1,2017,101882,119,0,68,44,1,94,6
1497758833,cardioem,1,1,2017,137165,119,1,49,21,1,94,6
1780817734,cardioem,0,1,2017,247256,119,1,57,30,1,94,3
1164678454,cardioem,0,1,2017,250253,120,0,42,17,0,34,1
1245282797,cardioem,1,2,2017,252070,120,0,59,35,1,132,14
1376851451,cardioem,1,1,2017,247871,120,0,36,8,0,34,3
1609144518,cardioem,0,1,2017,251810,120,0,37,11,0,34,1
1376869164,cardioem,0,1,2017,53400,122,0,40,16,0,44,1
1023314952,cardioem,1,1,2017,144853,123,0,36,12,0,125,1
1184031841,cardioem,0,1,2017,253055,123,0,47,21,1,125,1
1255542262,cardioem,0,1,2017,233893,123,0,39,15,0,125,3
1477519361,cardioem,0,1,2017,189603,123,0,53,25,1,125,7
1831231299,cardioem,0,1,2017,87538,123,0,46,20,1,125,1
1659301901,cardioem,1,1,2017,249915,124,1,64,35,1,19,2
1477634129,cardioem,0,1,2017,174027,127,0,45,19,0,280,3
1669439782,cardioem,0,1,2017,249761,127,0,56,29,1,280,1
1700044617,cardioem,1,1,2017,328502,127,0,43,16,1,280,1
1700803301,cardioem,1,1,2017,92313,127,1,58,33,1,280,4
1215139381,cardioem,0,1,2017,201822,129,1,57,11,1,51,5
1518936699,cardioem,1,1,2017,247871,129,0,72,32,1,51,1
1689860421,cardioem,0,1,2017,54133,129,0,37,12,0,51,6
1770571739,cardioem,0,1,2017,65665,129,0,56,30,1,51,1
1811141583,cardioem,0,1,2017,72619,129,0,68,30,0,51,2
1851338099,cardioem,0,1,2017,65665,129,1,51,30,1,51,1
1881705382,cardioem,1,1,2017,61649,129,1,67,43,1,51,2
1164698932,cardioem,0,1,2017,250829,130,0,48,12,1,274,1
1184722936,cardioem,1,1,2017,251285,130,1,58,32,0,274,1
1194845628,cardioem,0,1,2017,251125,130,1,40,13,0,274,1
1205036647,cardioem,1,1,2017,251036,130,1,37,11,0,274,3
1477538197,cardioem,0,1,2017,168039,130,0,66,41,1,274,2
1508816950,cardioem,1,1,2017,118578,130,1,42,15,1,274,3
1508867409,cardioem,1,2,2017,250829,130,0,49,24,1,315,2
1538161518,cardioem,1,1,2017,251285,130,0,44,17,1,274,1
1639490782,cardioem,0,1,2017,57218,130,1,35,8,1,274,4
1912951435,cardioem,0,1,2017,293840,130,0,67,33,1,274,1
1457516254,cardioem,0,1,2017,247216,131,0,40,14,0,30,6
1962469981,cardioem,1,1,2017,250648,134,0,50,20,1,41,1
1184886608,cardioem,0,1,2017,209950,137,0,64,41,1,48,1
1437158409,cardioem,1,1,2017,55866,137,0,48,20,1,48,5
1467717819,cardioem,1,1,2017,266661,137,0,31,5,1,48,4
1497758338,cardioem,0,1,2017,248066,137,1,60,32,1,48,1
1073564555,cardioem,0,1,2017,54133,139,0,45,19,1,38,3
1235259011,cardioem,0,1,2017,132722,139,1,42,14,1,38,1
1336465665,cardioem,0,1,2017,128058,139,1,36,7,1,38,2
1992772016,cardioem,0,1,2017,251036,139,1,47,21,0,38,3
1063585313,cardioem,0,1,2017,325348,141,0,50,16,0,91,2
1396026654,cardioem,1,1,2017,251036,141,1,34,6,1,91,2
1407971807,cardioem,0,1,2017,189298,141,0,38,11,0,91,1
1447440854,cardioem,0,1,2017,189298,141,1,44,19,0,91,2
1588890859,cardioem,0,1,2017,202592,141,1,38,8,0,91,1
1811161581,cardioem,0,1,2017,325348,141,1,40,16,0,91,3
1861492498,cardioem,0,1,2017,266689,141,1,60,33,1,91,1
1952622409,cardioem,1,1,2017,251036,141,1,36,10,0,91,6
1962672584,cardioem,1,1,2017,123920,141,1,39,12,1,91,3
1003044199,cardioem,0,1,2017,243279,144,0,38,9,1,357,1
1073755195,cardioem,0,1,2017,203632,144,1,43,8,0,357,1
1386908143,cardioem,0,1,2017,240651,144,1,36,6,1,357,2
1518907203,cardioem,0,1,2017,292026,144,0,64,40,1,357,1
1649299488,cardioem,0,1,2017,242048,144,0,48,22,1,357,2
1700016284,cardioem,1,1,2017,121888,144,0,34,8,1,357,1
1720011570,cardioem,0,1,2017,240133,144,0,60,37,1,357,1
1790877835,cardioem,0,1,2017,241239,144,0,42,17,0,357,1
1336133602,cardioem,0,1,2017,238010,145,0,63,37,1,46,1
1497852651,cardioem,0,1,2017,93800,145,0,41,14,1,46,4
1902858848,cardioem,0,1,2017,246672,145,1,61,17,1,46,1
1407964943,cardioem,0,1,2017,302614,149,0,49,22,1,45,2
1770543837,cardioem,1,1,2017,240998,149,0,53,26,1,45,4
1164451605,cardioem,0,1,2017,92373,150,0,46,20,1,63,1
1225067630,cardioem,0,1,2017,92373,150,1,46,20,1,63,1
1467450486,cardioem,0,1,2017,342916,150,1,50,23,1,63,2
1811981889,cardioem,0,1,2017,342505,150,0,60,29,0,63,2
1457648230,cardioem,1,1,2017,176317,151,1,60,9,1,31,3
1609036086,cardioem,0,1,2017,58920,151,1,40,9,0,31,3
1881801322,cardioem,1,1,2017,176317,151,1,41,11,1,31,1
1124023361,cardioem,1,1,2017,68466,152,0,63,37,1,8,1
1922143890,cardioem,0,1,2017,202682,155,0,82,56,1,63,4
1487873808,cardioem,1,1,2017,146891,156,1,42,15,1,184,3
1750352753,cardioem,1,1,2017,146891,156,0,45,19,0,184,1
1962449439,cardioem,0,1,2017,181174,158,1,43,20,0,30,3
1699828061,cardioem,0,1,2017,197037,161,0,65,39,1,81,2
1790836807,cardioem,0,1,2017,210806,161,0,48,22,1,81,1
1861698607,cardioem,1,1,2017,148271,161,1,40,13,1,81,2
1467668285,cardioem,1,1,2017,147142,164,1,39,12,1,43,1
1639100464,cardioem,1,1,2017,145933,166,1,42,15,1,76,1
1669430567,cardioem,0,1,2017,145789,170,0,46,19,0,29,4
1821238783,cardioem,0,1,2017,152753,170,1,36,10,0,29,2
1801937545,cardioem,0,1,2017,107412,171,0,50,25,1,31,1
1194702092,cardioem,0,1,2017,105443,172,0,57,30,0,46,3
1487607412,cardioem,0,1,2017,152129,173,0,46,18,1,24,1
1033367123,cardioem,1,1,2017,143371,180,1,35,9,1,53,2
1104002765,cardioem,1,1,2017,143371,180,0,42,14,0,53,5
1588635650,cardioem,1,1,2017,63931,180,1,61,35,1,53,1
1457307092,cardioem,1,2,2017,116364,183,1,48,18,0,310,3
1750382040,cardioem,0,1,2017,186606,183,0,52,18,1,171,6
1821037128,cardioem,1,1,2017,116364,183,0,43,15,1,171,1
1558376368,cardioem,0,1,2017,311387,186,0,60,31,1,21,2
1942435292,cardioem,0,1,2017,167077,191,1,36,8,1,18,2
1558621185,cardioem,1,1,2017,167057,192,1,31,5,1,46,4
1770710980,cardioem,1,1,2017,167208,195,1,37,8,1,12,2
1184668709,cardioem,1,1,2017,166868,197,0,49,22,1,9,4
1083652416,cardioem,1,1,2017,167583,200,1,58,32,1,23,4
1942242003,cardioem,1,1,2017,167583,200,0,58,32,1,23,5
1326087164,cardioem,1,1,2017,256607,205,0,67,42,1,93,1
1427085893,cardioem,1,1,2017,274021,218,0,42,14,1,55,1
1023204641,cardioem,1,1,2017,555,221,0,39,14,0,23,1
1417049040,cardioem,0,1,2017,153727,221,1,63,27,1,23,1
1447283981,cardioem,1,1,2017,552,221,1,55,24,1,23,2
1083642417,cardioem,1,1,2017,566,222,0,51,24,1,89,3
1386603397,cardioem,1,1,2017,676,222,1,53,16,1,89,2
1427171545,cardioem,1,1,2017,3588,222,0,44,17,1,89,1
1710969803,cardioem,1,1,2017,566,222,0,61,30,1,89,1
1841343019,cardioem,1,1,2017,557,222,1,61,22,1,89,4
1295898815,cardioem,1,1,2017,216307,223,1,41,15,1,231,2
1366445603,cardioem,0,1,2017,195257,223,0,71,45,1,231,3
1144513235,cardioem,1,1,2017,218945,225,1,31,3,0,39,4
1700888195,cardioem,0,1,2017,222987,225,0,76,50,1,39,2
1750361135,cardioem,0,1,2017,214796,225,1,60,30,1,39,4
1780663617,cardioem,1,1,2017,216843,225,0,68,38,1,39,2
1912115429,cardioem,0,1,2017,48886,225,1,40,11,1,39,7
1295776508,cardioem,0,1,2017,92054,226,1,46,19,0,65,1
1265750970,cardioem,1,1,2017,9251,227,0,37,12,0,453,2
1306081963,cardioem,1,1,2017,8983,227,1,35,11,0,453,3
1578552121,cardioem,1,1,2017,10422,227,0,52,26,1,453,3
1629043625,cardioem,0,1,2017,9817,227,0,62,34,1,453,1
1780761536,cardioem,1,1,2017,9881,227,0,69,45,0,453,2
1891766176,cardioem,0,1,2017,282431,227,0,68,42,1,453,1
1912232307,cardioem,1,1,2017,8482,227,1,46,19,1,453,1
1497876643,cardioem,1,1,2017,9371,230,0,57,29,1,51,2
1538244355,cardioem,0,1,2017,9455,230,1,50,22,1,51,2
1720156615,cardioem,0,1,2017,113280,230,0,49,26,1,51,2
1730247727,cardioem,0,1,2017,181758,230,1,52,26,0,51,1
1457671596,cardioem,1,1,2017,9404,231,1,38,7,0,55,2
1730409335,cardioem,1,1,2017,9404,231,0,39,7,1,55,1
1932165818,cardioem,1,1,2017,9404,231,1,61,33,1,55,2
1104034008,cardioem,0,1,2017,155167,232,1,42,14,1,103,1
1235167032,cardioem,1,1,2017,158312,232,1,56,18,1,103,1
1104130558,cardioem,1,1,2017,157298,234,0,37,7,1,100,2
1649409335,cardioem,1,1,2017,154607,238,1,38,13,0,27,1
1790983609,cardioem,1,1,2017,154607,238,1,38,10,1,27,2
1043430606,cardioem,0,1,2017,155656,239,0,40,11,1,38,2
1477813400,cardioem,1,1,2017,154621,239,1,39,14,1,38,4
1801107032,cardioem,0,1,2017,154657,244,1,38,7,0,20,2
1003893934,cardioem,0,1,2017,187592,245,0,66,39,0,88,4
1760655856,cardioem,0,1,2017,154628,246,0,35,9,1,45,2
1992748701,cardioem,1,1,2017,158504,246,0,56,31,0,45,1
1548376452,cardioem,1,1,2017,147342,251,1,52,27,0,179,1
1194925305,cardioem,1,1,2017,166294,253,0,39,14,1,91,2
1477829455,cardioem,1,1,2017,166294,253,0,36,5,0,91,2
1689905705,cardioem,1,1,2017,166294,253,1,51,27,1,91,4
1801897061,cardioem,1,1,2017,164019,256,0,47,19,1,59,2
1801087861,cardioem,1,1,2017,168639,264,0,42,6,0,43,1
1235367988,cardioem,1,1,2017,172245,268,1,36,8,1,167,3
1467605188,cardioem,0,1,2017,212085,268,1,38,11,1,167,1
1639433980,cardioem,0,1,2017,169758,268,0,34,5,1,167,3
1780828673,cardioem,0,1,2017,169758,268,1,35,8,1,167,3
1376557264,cardioem,1,1,2017,172262,270,1,39,13,1,22,3
1124171459,cardioem,1,1,2017,70087,273,1,53,28,1,222,1
1851379572,cardioem,0,1,2017,170128,273,0,65,33,0,222,6
1235199613,cardioem,0,1,2017,6553,274,0,53,28,0,25,1
1366854408,cardioem,1,1,2017,294459,274,0,32,3,1,25,1
1427271592,cardioem,1,1,2017,87978,276,1,37,10,1,25,1
1164613899,cardioem,1,1,2017,112419,278,1,54,13,1,73,3
1912268251,cardioem,1,1,2017,199672,278,0,33,5,1,73,2
1720166234,cardioem,1,1,2017,326497,279,1,54,30,0,109,4
1982990115,cardioem,0,1,2017,302206,279,0,40,10,0,109,4
1558655191,cardioem,0,1,2017,328289,280,0,33,6,0,32,2
1194836791,cardioem,1,1,2017,78799,282,0,41,14,1,60,6
1053559427,cardioem,0,1,2017,297006,283,0,38,14,0,302,2
1184620734,cardioem,0,1,2017,183161,283,0,73,47,1,302,1
1831154426,cardioem,1,1,2017,80747,283,0,49,23,0,302,2
1861679516,cardioem,0,1,2017,39760,283,1,59,26,0,302,3
1275657058,cardioem,1,1,2017,60864,284,1,65,19,1,135,2
1831260892,cardioem,0,1,2017,81248,284,0,61,38,1,135,1
1114987351,cardioem,1,1,2017,56897,285,1,52,28,0,121,1
1487759171,cardioem,0,1,2017,53163,289,0,43,15,1,122,2
1154362481,cardioem,1,1,2017,197842,292,0,40,16,0,50,4
1396945903,cardioem,1,1,2017,35725,292,1,41,18,0,50,1
1588914600,cardioem,1,1,2017,35725,292,1,37,7,0,50,1
1760406466,cardioem,0,1,2017,20044,292,0,55,21,1,50,2
1053361378,cardioem,0,1,2017,321473,293,0,66,40,1,71,2
1730300963,cardioem,0,1,2017,87990,293,0,57,21,0,71,1
1922134774,cardioem,1,1,2017,321313,293,1,43,18,1,71,1
1548316508,cardioem,1,1,2017,9520,295,1,56,25,1,160,1
1033449384,cardioem,1,1,2017,42643,299,1,37,13,0,81,2
1043328289,cardioem,0,1,2017,36585,301,0,60,34,1,517,1
1134310170,cardioem,1,1,2017,204710,301,1,38,12,1,517,2
1316192958,cardioem,0,1,2017,44970,301,0,41,13,0,517,2
1831309087,cardioem,0,1,2017,119012,301,0,43,18,0,517,2
1023113453,cardioem,0,2,2017,110288,303,0,43,15,1,601,7
1861719122,cardioem,0,1,2017,206880,303,0,36,12,0,550,1
1801080130,cardioem,0,1,2017,42788,304,1,44,19,0,85,2
1831152578,cardioem,0,1,2017,328503,307,0,55,26,0,68,3
1275818353,cardioem,1,1,2017,153782,308,1,37,13,0,126,2
1114935715,cardioem,1,1,2017,232664,311,0,60,31,1,123,1
1265435689,cardioem,1,1,2017,5089,311,0,53,27,1,123,1
1326291865,cardioem,1,1,2017,230786,311,0,38,8,1,123,2
1346386190,cardioem,0,1,2017,232668,311,0,39,14,1,123,1
1528138245,cardioem,0,1,2017,232613,311,0,46,16,1,123,1
1881681617,cardioem,0,1,2017,56387,311,0,60,33,1,123,1
1992024087,cardioem,0,1,2017,229390,311,0,39,13,1,123,1
1134357239,cardioem,1,1,2017,229594,312,0,45,10,1,106,1
1346245909,cardioem,0,1,2017,231350,312,1,51,24,1,106,1
1407119746,cardioem,0,1,2017,223153,312,1,31,2,1,106,1
1306948963,cardioem,1,1,2017,176640,314,0,63,28,1,50,1
1417290255,cardioem,1,1,2017,231845,314,0,39,4,1,50,1
1316044308,cardioem,0,1,2017,287598,318,0,47,19,1,108,1
1568448439,cardioem,0,1,2017,231835,318,0,60,33,1,108,1
1588643597,cardioem,0,1,2017,231350,318,0,55,21,1,108,2
1811976806,cardioem,0,1,2017,113182,318,0,59,17,1,108,2
1023227527,cardioem,1,1,2017,231832,319,1,50,24,1,30,2
1023083599,cardioem,1,1,2017,82968,320,0,56,29,1,69,4
1861592511,cardioem,1,1,2017,229575,320,0,59,37,0,69,1
1457315970,cardioem,1,1,2017,172994,324,1,57,21,1,3,1
1992733497,cardioem,0,1,2017,95581,327,0,52,24,1,92,1
1306093653,cardioem,1,1,2017,138202,328,0,38,9,1,207,2
1497067664,cardioem,0,1,2017,154577,329,0,36,4,0,193,2
1508095803,cardioem,1,1,2017,130310,329,0,35,8,1,193,2
1861465809,cardioem,0,1,2017,138202,329,0,62,36,1,193,2
1053561993,cardioem,0,1,2017,108398,334,0,41,9,1,53,2
1467408831,cardioem,0,1,2017,277135,336,0,52,21,1,7,3
1164426847,cardioem,0,1,2017,276519,340,1,40,15,1,62,1
1275537953,cardioem,0,1,2017,276519,340,0,42,13,1,62,3
1346222593,cardioem,0,1,2017,276519,340,0,55,17,1,62,1
1417063843,cardioem,1,1,2017,116268,341,1,57,30,1,12,8
1427047539,cardioem,0,1,2017,332945,342,1,57,26,1,25,2
1578714861,cardioem,0,1,2017,121533,342,0,38,11,0,25,2
1992894851,cardioem,0,1,2017,332937,342,1,59,35,1,25,1
1023325362,cardioem,0,1,2017,160420,343,0,53,25,1,23,1
1467417725,cardioem,1,1,2017,331928,343,0,72,44,1,23,1
1538121967,cardioem,0,2,2017,196458,343,0,52,25,0,36,5
1245453315,cardioem,1,1,2017,328959,344,1,38,12,0,116,1
1316051410,cardioem,1,1,2017,332672,344,1,49,24,1,116,3
1992801682,cardioem,1,1,2017,328959,344,1,41,17,1,116,1
1174874176,cardioem,0,1,2017,333050,345,1,41,6,0,12,1
1730310830,cardioem,0,1,2017,332264,345,0,38,15,0,12,6
1538193982,cardioem,1,1,2017,86025,346,1,61,33,1,114,1
1952374662,cardioem,1,1,2017,85696,346,0,43,17,1,114,2
1508852351,cardioem,0,1,2017,90019,347,0,69,44,1,15,1
1477577666,cardioem,1,1,2017,86407,350,0,61,37,0,36,2
1417917238,cardioem,0,1,2017,89425,351,0,68,42,1,39,1
1154565638,cardioem,1,1,2017,90474,352,0,34,8,1,82,1
1710128665,cardioem,0,1,2017,86900,355,0,37,10,1,35,1
1063744084,cardioem,0,1,2017,86146,356,1,38,10,1,464,1
1336331313,cardioem,1,1,2017,85271,356,1,38,12,1,464,3
1427012939,cardioem,1,1,2017,85271,356,1,40,15,1,464,1
1497738025,cardioem,0,1,2017,86243,356,0,61,31,1,464,4
1902065162,cardioem,1,1,2017,86186,356,0,56,31,1,464,1
1235323510,cardioem,0,1,2017,161221,357,1,38,11,1,239,1
1972711851,cardioem,0,1,2017,139520,357,0,44,12,1,239,1
1235499153,cardioem,0,1,2017,137165,358,1,37,6,1,37,1
1801084660,cardioem,0,1,2017,73934,358,1,36,11,1,37,4
1316228869,cardioem,1,1,2017,87798,360,0,41,17,0,19,1
1144366931,cardioem,1,1,2017,327906,363,1,59,34,1,14,1
1497775100,cardioem,0,1,2017,87349,363,0,59,31,1,14,2
1609027697,cardioem,0,1,2017,12978,364,1,37,12,0,88,3
1750305330,cardioem,1,1,2017,13099,364,1,58,16,1,88,3
1235179003,cardioem,1,1,2017,101441,365,0,44,17,1,65,2
1306886106,cardioem,1,1,2017,101441,365,1,44,15,1,65,1
1457571432,cardioem,1,1,2017,60053,365,1,39,13,1,65,5
1932140092,cardioem,0,1,2017,211055,365,0,53,26,1,65,1
1437195120,cardioem,0,1,2017,231709,368,0,57,23,1,64,8
1598764524,cardioem,0,1,2017,144711,368,0,44,18,1,64,8
1639142391,cardioem,0,1,2017,144711,368,0,58,27,1,64,4
1659391027,cardioem,0,1,2017,14456,368,0,65,38,1,64,3
1871549055,cardioem,1,1,2017,37017,368,0,47,17,1,64,10
1871551804,cardioem,0,1,2017,231709,369,0,55,25,1,10,4
1881666790,cardioem,1,1,2017,238005,369,0,48,22,1,10,2
1568691509,cardioem,0,1,2017,6531,373,1,35,8,1,47,3
1457342883,cardioem,0,1,2017,70963,375,0,59,32,1,18,4
1366642415,cardioem,1,1,2017,260049,380,0,39,16,1,176,3
1871597435,cardioem,1,1,2017,260049,380,0,49,23,1,176,2
1497761233,cardioem,1,1,2017,281570,385,0,55,31,1,70,1
1780636613,cardioem,0,1,2017,13650,385,1,56,23,1,70,2
1306045679,cardioem,0,1,2017,278478,388,1,44,21,0,11,4
1295047918,cardioem,0,1,2017,114225,390,1,43,13,0,23,1
1073652806,cardioem,0,1,2017,203470,391,0,42,12,1,270,2
1346490851,cardioem,0,1,2017,194331,391,0,40,12,1,270,4
1770792434,cardioem,0,1,2017,286281,391,0,38,12,0,270,1
1972733541,cardioem,1,1,2017,285209,391,0,36,5,0,270,3
1285724872,cardioem,1,1,2017,285428,393,0,62,36,1,43,1
1225063464,cardioem,0,1,2017,104409,394,0,47,21,1,68,1
1346366333,cardioem,1,1,2017,285236,394,1,41,13,0,68,4
1649289497,cardioem,0,1,2017,48513,396,0,48,17,0,18,6
1053328609,cardioem,1,1,2017,288741,397,1,46,21,0,432,3
1053525014,cardioem,1,1,2017,128092,397,0,51,10,1,432,1
1346402781,cardioem,0,1,2017,173716,397,0,36,9,0,432,7
1457328296,cardioem,1,1,2017,67615,397,1,61,20,1,432,10
1528175056,cardioem,0,1,2017,179709,397,0,43,19,0,432,1
1568600971,cardioem,1,1,2017,289014,397,0,47,22,0,432,2
1073870432,cardioem,1,1,2017,321313,400,1,34,6,0,33,2
1588794192,cardioem,1,1,2017,321313,400,0,57,35,0,33,1
1063417632,cardioem,1,1,2017,331869,406,1,43,16,1,14,1
1205096906,cardioem,0,1,2017,280086,412,0,47,9,1,133,3
1316123953,cardioem,1,1,2017,60558,412,1,41,12,0,133,2
1588697890,cardioem,1,1,2017,281454,412,1,38,11,1,133,1
1609193721,cardioem,0,1,2017,116808,412,0,38,7,1,133,2
1710141437,cardioem,0,1,2017,118911,412,0,39,16,0,133,3
1780790717,cardioem,0,1,2017,57181,412,0,39,13,0,133,3
1023251527,cardioem,1,1,2017,285243,416,0,34,8,1,25,5
1174572077,cardioem,0,1,2017,128217,416,0,48,22,0,25,1
1356398457,cardioem,1,1,2017,285243,416,1,60,34,1,25,3
1407291453,cardioem,0,1,2017,190037,417,0,30,4,0,8,2
1710271432,cardioem,0,1,2017,287759,420,0,36,7,1,11,2
1265464960,cardioem,1,1,2017,334967,422,0,50,22,1,10,2
1760456370,cardioem,0,1,2017,201874,423,0,46,20,1,96,1
1609190560,cardioem,1,1,2017,38242,424,1,33,7,1,39,1
1073551511,cardioem,1,1,2017,57596,426,0,44,14,0,122,5
1518301076,cardioem,0,1,2017,113665,426,1,44,20,0,122,2
1649449166,cardioem,0,1,2017,113665,426,1,37,15,0,122,2
1265448310,cardioem,0,1,2017,94824,427,0,61,22,1,50,3
1609865591,cardioem,0,1,2017,297238,427,0,42,16,1,50,1
1720086622,cardioem,0,1,2017,94824,427,0,66,40,1,50,2
1770772402,cardioem,0,1,2017,117196,427,0,62,36,1,50,1
1689783631,cardioem,1,1,2017,62865,428,0,43,20,1,26,1
1750608725,cardioem,1,1,2017,223171,430,1,36,10,1,48,2
1144336223,cardioem,0,1,2017,222987,431,0,56,30,1,103,1
1245342765,cardioem,1,1,2017,52233,431,0,52,16,1,103,2
1255517124,cardioem,0,1,2017,102463,431,1,39,11,1,103,6
1982760823,cardioem,0,1,2017,299270,432,0,41,12,1,43,1
1356571459,cardioem,0,1,2017,100679,435,1,35,12,0,18,1
1093952582,cardioem,1,1,2017,328875,437,0,42,18,0,27,2
1578666848,cardioem,0,1,2017,328924,437,0,65,39,1,27,1
1316034101,cardioem,1,1,2017,329945,438,1,56,33,1,15,2
1619979598,cardioem,0,1,2017,104638,438,1,65,19,1,15,1
1093026387,cardioem,1,1,2017,233778,439,1,34,7,1,130,1
1528142734,cardioem,1,1,2017,330791,439,0,43,17,0,130,3
1881767507,cardioem,0,1,2017,330822,439,1,54,8,0,130,1
1053501452,cardioem,1,2,2017,329700,440,0,43,14,1,84,3
1356571087,cardioem,0,1,2017,285072,440,0,34,8,1,68,1
1396841581,cardioem,1,1,2017,183720,440,1,58,32,1,68,2
1740452721,cardioem,0,1,2017,52178,440,0,36,9,1,68,3
1902902737,cardioem,1,1,2017,151509,440,1,55,23,1,68,2
1689950529,cardioem,1,1,2017,330812,441,0,40,15,0,22,1
1912212150,cardioem,1,1,2017,330812,441,1,40,13,1,22,1
1902806771,cardioem,0,1,2017,329161,442,0,62,35,0,15,3
1689769044,cardioem,0,1,2017,287052,443,0,42,14,1,39,1
1043204951,cardioem,1,1,2017,161278,447,0,50,24,0,30,2
1669574505,cardioem,1,1,2017,161278,447,0,55,24,1,30,2
1417241415,cardioem,1,1,2017,161343,449,1,40,6,1,69,4
1710912399,cardioem,1,1,2017,161240,451,0,60,33,1,137,1
1043298524,cardioem,0,1,2018,262077,1,0,53,24,1,148,1
1447695739,cardioem,1,1,2018,65657,1,1,36,7,1,148,1
1659682904,cardioem,0,1,2018,261133,6,0,38,11,0,44,4
1679869127,cardioem,0,1,2018,178124,6,0,34,8,1,44,2
1730255340,cardioem,0,1,2018,257828,10,0,60,34,1,29,1
1619953171,cardioem,0,1,2018,265267,11,1,62,35,1,62,1
1689876252,cardioem,0,1,2018,114167,11,0,43,12,1,62,2
1962592410,cardioem,0,1,2018,4656,11,0,55,23,1,62,1
1215369418,cardioem,1,1,2018,268398,12,0,35,6,0,217,1
1417910167,cardioem,1,1,2018,102683,12,0,54,29,1,217,1
1437101789,cardioem,1,1,2018,102683,12,0,54,28,1,217,1
1437348950,cardioem,0,1,2018,72195,12,0,41,13,0,217,2
1811955388,cardioem,1,1,2018,322535,12,1,62,32,1,217,2
1821431560,cardioem,1,1,2018,102683,12,0,32,5,1,217,7
1598727380,cardioem,1,1,2018,92040,14,0,69,43,1,19,2
1780686949,cardioem,0,1,2018,323638,15,0,61,17,1,65,5
1790941490,cardioem,0,1,2018,151561,15,1,42,10,1,65,1
1760639579,cardioem,0,1,2018,272320,18,0,57,31,0,20,1
1871722066,cardioem,0,1,2018,272320,18,0,39,10,1,20,1
1467494708,cardioem,0,1,2018,106676,19,0,64,,0,103,1
1801035969,cardioem,1,1,2018,260846,19,0,39,12,1,103,1
1376964718,cardioem,0,1,2018,134739,23,1,39,13,0,164,1
1881871754,cardioem,0,1,2018,203414,23,0,44,11,0,164,1
1790758530,cardioem,0,1,2018,209472,31,0,62,38,1,14,1
1851370480,cardioem,0,1,2018,297204,56,0,64,39,0,471,2
1073619805,cardioem,0,1,2018,291295,58,0,70,43,0,36,2
1861627457,cardioem,0,1,2018,302127,65,0,42,12,1,56,3
1992785703,cardioem,0,1,2018,207424,65,0,69,43,1,56,1
1679576706,cardioem,0,1,2018,339382,69,0,61,31,1,27,5
1942349378,cardioem,1,1,2018,342209,69,0,45,19,0,27,5
1043318363,cardioem,1,1,2018,270897,77,1,48,22,0,112,1
1194724492,cardioem,0,1,2018,178821,77,0,62,37,0,112,2
1194906107,cardioem,1,1,2018,333362,77,0,50,23,1,112,3
1295739845,cardioem,0,1,2018,333455,77,0,55,24,1,112,5
1386694404,cardioem,0,1,2018,290731,77,0,59,33,1,112,1
1457526972,cardioem,1,1,2018,333414,77,1,40,11,1,112,6
1730528803,cardioem,1,1,2018,271026,77,0,38,15,0,112,2
1821099003,cardioem,1,1,2018,271026,77,0,51,24,1,112,4
1891755344,cardioem,1,1,2018,270897,77,0,54,29,0,112,3
1114072782,cardioem,1,1,2018,108586,78,0,57,29,0,18,4
1033210984,cardioem,1,1,2018,336289,80,1,48,17,1,175,1
1033496088,cardioem,1,1,2018,336289,80,0,42,9,1,175,5
1093748881,cardioem,1,1,2018,87873,80,1,45,20,1,175,1
1205871456,cardioem,1,1,2018,336289,80,1,55,30,1,175,3
1447311261,cardioem,1,1,2018,135401,80,0,64,38,1,175,2
1528080041,cardioem,0,1,2018,206054,80,0,52,20,0,175,1
1134228752,cardioem,0,1,2018,290977,81,0,69,44,1,80,1
1578755773,cardioem,0,1,2018,135005,83,0,41,12,0,12,2
1255309258,cardioem,1,1,2018,335445,85,0,53,30,1,75,4
1205870755,cardioem,0,1,2018,291105,86,0,62,36,1,21,5
1285994244,cardioem,1,1,2018,333374,89,1,34,6,0,25,3
1770677957,cardioem,1,1,2018,333374,89,0,48,23,1,25,1
1154525822,cardioem,1,1,2018,342197,96,1,39,11,0,53,1
1952515421,cardioem,0,1,2018,336287,96,0,41,13,1,53,2
1356633085,cardioem,1,1,2018,293199,102,1,41,7,1,31,4
1013090224,cardioem,1,1,2018,316394,103,1,51,23,1,108,1
1437325412,cardioem,1,1,2018,279439,103,0,47,10,1,108,1
1447437330,cardioem,1,1,2018,120917,103,0,43,17,0,108,1
1952531147,cardioem,1,1,2018,316402,103,1,38,9,0,108,1
1144409483,cardioem,0,1,2018,194049,105,0,46,23,1,12,3
1184698516,cardioem,0,1,2018,316529,105,0,60,34,1,12,1
1225324361,cardioem,1,1,2018,316976,107,0,39,8,1,6,3
1861655466,cardioem,0,1,2018,293416,109,1,50,24,1,60,4
1669425120,cardioem,0,1,2018,305200,112,0,54,29,0,57,1
1801849377,cardioem,0,1,2018,305200,112,1,43,19,0,57,3
1669730503,cardioem,1,1,2018,187434,113,1,41,9,0,223,5
1750572012,cardioem,0,1,2018,219921,113,0,39,11,0,223,6
1992932917,cardioem,1,1,2018,219631,113,0,38,12,0,223,1
1083654206,cardioem,0,1,2018,247198,116,0,51,20,1,44,3
1457538712,cardioem,0,1,2018,325348,116,1,42,15,1,44,1
1730176793,cardioem,0,1,2018,247198,116,0,61,34,1,44,1
1205884590,cardioem,0,1,2018,265999,118,1,51,27,1,230,4
1376641902,cardioem,1,1,2018,264635,118,0,42,17,0,230,4
1538470331,cardioem,0,1,2018,106349,118,1,35,8,0,230,5
1750304937,cardioem,0,1,2018,160730,118,0,56,29,1,230,1
1891023495,cardioem,1,1,2018,264635,118,1,36,9,1,230,1
1043453616,cardioem,1,1,2018,111155,119,1,40,12,1,98,6
1114909926,cardioem,1,1,2018,247171,119,1,60,34,0,98,1
1154550762,cardioem,0,1,2018,150209,119,0,53,29,0,98,3
1265432736,cardioem,1,1,2018,101285,119,0,63,37,1,98,2
1326122508,cardioem,0,1,2018,247771,119,1,54,30,1,98,7
1831293141,cardioem,1,1,2018,137165,119,0,56,28,0,98,2
1922009562,cardioem,1,1,2018,247171,119,0,65,40,1,98,1
1235108754,cardioem,1,1,2018,247871,120,1,49,22,1,35,1
1134133408,cardioem,0,1,2018,325348,122,0,68,40,1,44,1
1740587211,cardioem,1,1,2018,249915,124,0,45,20,0,16,4
1235495300,cardioem,1,1,2018,264635,127,1,36,7,1,275,4
1518932185,cardioem,1,1,2018,254043,127,1,61,35,1,275,1
1548592991,cardioem,0,1,2018,292226,129,1,37,10,0,53,1
1861709610,cardioem,0,1,2018,54133,129,1,45,14,1,53,2
1124238506,cardioem,0,1,2018,250829,130,0,40,16,0,266,1
1134317233,cardioem,1,1,2018,187217,130,1,38,15,0,266,3
1225326853,cardioem,0,1,2018,250829,130,1,34,7,0,266,4
1245391986,cardioem,0,1,2018,267032,130,0,73,49,0,266,1
1255488896,cardioem,0,1,2018,54133,130,0,41,14,0,266,2
1376650895,cardioem,1,1,2018,251285,130,0,53,27,1,266,3
1376735654,cardioem,0,1,2018,252663,130,0,41,12,0,266,5
1396992863,cardioem,0,1,2018,182716,130,0,49,26,0,266,1
1508157983,cardioem,0,1,2018,253188,130,1,44,21,0,266,1
1629366380,cardioem,0,1,2018,120007,130,0,39,12,0,266,2
1639104029,cardioem,1,1,2018,251285,130,0,62,36,1,266,4
1700842481,cardioem,0,1,2018,253188,130,1,63,14,1,266,1
1760748644,cardioem,0,1,2018,257786,130,1,39,6,0,266,11
1912235490,cardioem,0,1,2018,62608,130,1,36,10,1,266,3
1992012686,cardioem,0,1,2018,120007,130,1,48,23,1,266,5
1669421889,cardioem,0,1,2018,74141,131,0,50,18,1,28,1
1932147402,cardioem,0,1,2018,251959,131,1,51,27,1,28,2
1598960544,cardioem,0,1,2018,178112,133,1,38,11,1,7,1
1548465404,cardioem,1,1,2018,250648,134,1,40,13,1,42,2
1629025606,cardioem,1,1,2018,247152,134,1,54,19,1,42,3
1942452255,cardioem,0,1,2018,198260,134,0,49,10,0,42,1
1013352343,cardioem,1,1,2018,265893,137,1,35,11,0,48,3
1083979942,cardioem,0,1,2018,101285,137,1,37,14,1,48,3
1326280413,cardioem,1,1,2018,265893,137,1,37,9,1,48,3
1710279591,cardioem,0,1,2018,265267,137,1,37,8,0,48,2
1710933650,cardioem,0,1,2018,252663,137,0,62,37,1,48,3
1487814414,cardioem,0,1,2018,124561,139,1,39,13,1,33,1
1780792853,cardioem,0,1,2018,325348,139,1,58,31,1,33,1
1689640427,cardioem,0,1,2018,131190,141,0,57,19,0,85,1
1750682985,cardioem,0,1,2018,252696,141,1,39,15,0,85,2
1003043324,cardioem,1,1,2018,121888,144,1,41,16,0,348,5
1043257090,cardioem,0,1,2018,241396,144,0,49,18,1,348,7
1255331765,cardioem,1,1,2018,73036,144,1,54,20,1,348,4
1477582062,cardioem,0,1,2018,98097,144,1,42,16,1,348,1
1659320786,cardioem,1,1,2018,121888,144,1,51,24,0,348,3
1952557977,cardioem,1,1,2018,239789,144,0,41,19,0,348,4
1972507630,cardioem,0,1,2018,241421,144,0,45,20,0,348,1
1720146509,cardioem,0,1,2018,273028,147,0,53,23,1,29,1
1508175530,cardioem,0,1,2018,243018,149,0,37,8,0,47,2
1033418264,cardioem,0,1,2018,342304,150,0,39,13,1,61,4
1063580413,cardioem,0,1,2018,153028,150,0,64,41,1,61,1
1598721714,cardioem,0,1,2018,328719,150,1,57,29,1,61,1
1003072547,cardioem,0,1,2018,305639,155,0,37,10,0,56,1
1457502619,cardioem,0,1,2018,118320,155,0,39,12,0,56,3
1013958388,cardioem,0,1,2018,148271,156,0,44,19,0,175,1
1619099959,cardioem,0,1,2018,145797,156,1,47,19,1,175,2
1649386335,cardioem,0,1,2018,147646,156,0,65,39,1,175,3
1780830703,cardioem,0,1,2018,104477,158,0,36,13,1,28,1
1831100296,cardioem,1,1,2018,145793,158,1,51,28,0,28,1
1043256324,cardioem,1,1,2018,145793,163,0,58,32,1,46,1
1144414921,cardioem,0,1,2018,240104,163,0,41,16,0,46,3
1255528246,cardioem,1,1,2018,145933,163,1,37,11,1,46,2
1710142740,cardioem,0,1,2018,240104,163,1,37,10,1,46,2
1669582698,cardioem,0,1,2018,152075,173,0,51,27,1,25,1
1588644744,cardioem,0,1,2018,141829,179,1,54,26,1,26,7
1952580466,cardioem,1,1,2018,257904,181,1,40,14,1,40,1
1629205273,cardioem,1,1,2018,142835,183,1,37,9,1,159,2
1437312980,cardioem,1,1,2018,142553,187,1,36,10,1,32,3
1205820396,cardioem,0,1,2018,166801,192,0,52,25,1,44,2
1205892239,cardioem,0,1,2018,114225,200,1,49,20,1,20,1
1750552154,cardioem,1,1,2018,213008,200,1,52,10,1,20,1
1780782946,cardioem,1,1,2018,213008,200,1,48,22,1,20,2
1982916995,cardioem,1,1,2018,211813,201,1,35,8,1,55,5
1730116229,cardioem,1,1,2018,69982,204,1,50,18,1,78,2
1619966900,cardioem,1,1,2018,274021,218,1,49,22,1,50,1
1003897935,cardioem,1,1,2018,550,222,1,58,33,1,85,5
1104187988,cardioem,0,1,2018,1078,222,1,44,9,1,85,1
1598725871,cardioem,0,1,2018,1078,222,0,64,38,1,85,3
1679766000,cardioem,1,1,2018,3588,222,1,60,11,1,85,3
1194046334,cardioem,1,1,2018,218548,223,1,35,8,1,226,2
1417137035,cardioem,0,1,2018,220681,223,1,37,11,0,226,1
1912136896,cardioem,0,1,2018,217717,223,0,51,25,1,226,2
1861839623,cardioem,0,1,2018,216332,225,1,31,5,1,37,2
1093027062,cardioem,1,1,2018,9251,227,0,45,20,1,447,4
1215970512,cardioem,0,1,2018,10346,227,0,63,37,1,447,4
1427069905,cardioem,0,1,2018,8359,227,0,54,27,1,447,1
1831359637,cardioem,0,1,2018,258228,227,0,37,15,1,447,4
1124453659,cardioem,1,1,2018,37200,231,0,36,9,1,54,1
1790752186,cardioem,1,1,2018,9404,231,1,50,27,0,54,2
1689707333,cardioem,0,1,2018,30652,233,0,63,35,1,42,1
1700862034,cardioem,0,1,2018,156151,233,0,68,45,0,42,4
1053383653,cardioem,0,1,2018,297305,236,0,53,24,1,49,1
1346337193,cardioem,0,1,2018,157880,239,0,72,42,1,39,2
1871821389,cardioem,0,1,2018,159065,245,0,51,23,1,89,3
1114926946,cardioem,0,1,2018,174498,246,0,66,40,1,48,2
1073703567,cardioem,1,1,2018,147342,251,1,41,14,1,176,1
1376513903,cardioem,0,1,2018,164007,251,0,55,20,1,176,2
1417057886,cardioem,0,1,2018,67260,251,0,69,42,1,176,1
1952395774,cardioem,1,1,2018,164358,253,1,44,17,1,87,1
1356514657,cardioem,1,1,2018,164019,256,1,37,10,0,59,4
1205800257,cardioem,0,1,2018,187884,263,0,54,25,0,10,1
1972658979,cardioem,0,1,2018,168622,263,1,58,29,0,10,3
1114278124,cardioem,1,1,2018,172263,264,1,33,6,1,44,1
1578884995,cardioem,0,1,2018,168743,264,1,37,8,1,44,3
1417972746,cardioem,0,1,2018,289863,268,1,52,26,1,162,1
1922390418,cardioem,1,1,2018,169670,270,0,35,11,0,22,3
1154367563,cardioem,1,1,2018,310870,274,0,50,26,1,28,1
1952720393,cardioem,0,1,2018,294576,274,0,53,5,1,28,5
1992783948,cardioem,1,1,2018,310840,274,0,63,26,1,28,4
1194735316,cardioem,1,1,2018,258103,276,0,51,21,1,24,3
1114917176,cardioem,0,1,2018,61211,279,0,68,43,1,109,1
1235342957,cardioem,0,1,2018,192396,279,0,44,13,1,109,1
1407067119,cardioem,0,1,2018,192396,279,0,61,31,1,109,1
1457644932,cardioem,1,1,2018,326497,279,1,40,12,0,109,2
1700192416,cardioem,0,1,2018,299601,279,0,36,13,0,109,3
1215081849,cardioem,0,1,2018,96245,280,1,50,24,0,33,6
1861666133,cardioem,0,1,2018,3940,282,0,57,34,0,57,1
1922056738,cardioem,1,1,2018,3644,282,1,49,23,1,57,1
1235271040,cardioem,1,1,2018,80119,283,1,58,29,0,290,1
1497700561,cardioem,0,1,2018,39760,283,0,62,36,1,290,2
1801935903,cardioem,0,1,2018,118103,283,0,68,42,1,290,1
1891974507,cardioem,0,1,2018,115850,283,0,54,29,1,290,7
1457580177,cardioem,0,1,2018,298926,284,0,42,12,0,135,7
1437120961,cardioem,1,1,2018,81215,285,0,44,16,0,117,1
1790123024,cardioem,1,1,2018,56897,285,0,38,14,0,117,1
1871565432,cardioem,1,1,2018,81215,285,0,46,19,1,117,2
1124285176,cardioem,0,1,2018,73756,289,0,44,7,1,123,1
1164532909,cardioem,0,1,2018,107330,289,0,55,32,0,123,7
1356630172,cardioem,1,1,2018,81215,289,0,35,11,0,123,3
1780663898,cardioem,0,1,2018,298668,289,0,55,28,0,123,10
1013924612,cardioem,0,1,2018,298829,293,0,64,17,1,66,1
1154480689,cardioem,1,1,2018,321314,293,0,74,48,1,66,1
1578657706,cardioem,0,1,2018,321320,293,0,50,17,1,66,4
1588621395,cardioem,0,1,2018,44970,295,0,63,37,1,153,2
1801150057,cardioem,0,1,2018,234061,295,1,34,6,1,153,1
1598077679,cardioem,1,1,2018,43165,296,0,36,11,0,15,3
1396792867,cardioem,0,1,2018,208961,297,0,65,30,0,89,1
1598924904,cardioem,0,1,2018,207290,297,0,45,14,0,89,1
1861430076,cardioem,0,1,2018,153574,297,0,58,31,1,89,1
1194038851,cardioem,0,1,2018,115019,299,1,47,9,1,74,1
1285758276,cardioem,0,1,2018,20293,301,0,63,39,0,500,4
1457533515,cardioem,0,1,2018,197936,301,0,62,36,0,500,1
1649312166,cardioem,0,1,2018,63133,301,0,81,57,1,500,1
1740255603,cardioem,1,1,2018,177221,301,0,58,33,0,500,1
1801952981,cardioem,1,1,2018,186417,301,1,43,17,0,500,1
1215950092,cardioem,0,1,2018,160559,303,0,55,29,1,531,1
1124003298,cardioem,0,1,2018,42622,304,0,51,24,0,85,1
1760490270,cardioem,0,1,2018,44007,307,1,50,20,1,66,1
1992880348,cardioem,0,1,2018,44086,307,0,74,40,1,66,2
1881944189,cardioem,1,1,2018,34935,308,1,40,10,1,134,2
1033107354,cardioem,1,1,2018,104100,309,0,64,37,1,44,7
1134485964,cardioem,0,1,2018,232666,311,1,33,6,1,128,3
1194832691,cardioem,1,1,2018,229414,311,1,46,22,1,128,2
1346508017,cardioem,1,1,2018,230786,311,1,32,6,1,128,1
1396731170,cardioem,1,1,2018,229390,311,0,54,19,1,128,2
1477991479,cardioem,1,1,2018,232664,311,0,32,5,1,128,8
1548277387,cardioem,0,1,2018,178899,311,0,64,36,1,128,1
1679572747,cardioem,0,1,2018,231288,311,0,71,32,1,128,1
1861589566,cardioem,1,1,2018,232664,311,1,60,33,1,128,3
1285825836,cardioem,0,1,2018,223499,312,0,57,13,1,102,1
1528215910,cardioem,0,1,2018,231350,312,1,39,10,1,102,4
1790764603,cardioem,0,1,2018,292985,313,1,62,36,1,28,4
1477640480,cardioem,1,1,2018,231845,314,0,56,20,1,50,2
1538177100,cardioem,1,1,2018,106422,314,0,55,25,1,50,3
1699879924,cardioem,1,1,2018,234822,314,0,56,29,1,50,2
1154507978,cardioem,0,1,2018,231350,318,1,38,13,1,105,2
1861653552,cardioem,0,1,2018,231350,318,1,39,15,0,105,4
1902127244,cardioem,0,1,2018,120447,318,1,33,8,1,105,2
1972787109,cardioem,0,1,2018,187689,318,1,37,11,1,105,1
1669460374,cardioem,0,1,2018,240246,319,0,68,42,1,30,2
1750376356,cardioem,1,1,2018,231615,319,1,46,18,0,30,1
1780905554,cardioem,1,1,2018,231832,319,0,36,8,1,30,4
1841455896,cardioem,1,1,2018,229575,320,1,35,10,1,71,2
1861629511,cardioem,1,1,2018,229575,320,1,37,13,0,71,1
1003015314,cardioem,1,1,2018,95010,322,1,41,14,1,18,1
1699782391,cardioem,1,1,2018,172984,322,1,56,30,1,18,1
1043287501,cardioem,0,1,2018,138355,326,1,48,24,1,34,2
1477599793,cardioem,1,1,2018,138202,328,1,46,20,0,205,1
1619143492,cardioem,1,1,2018,138202,328,0,38,15,0,205,1
1386841716,cardioem,1,1,2018,130157,329,1,40,11,1,189,3
1467885061,cardioem,1,1,2018,114221,329,0,40,7,1,189,1
1902065147,cardioem,1,1,2018,130310,329,1,38,12,1,189,1
1306967088,cardioem,0,1,2018,121754,336,1,52,22,1,9,1
1598908006,cardioem,0,1,2018,303613,336,1,51,9,1,9,2
1952591760,cardioem,0,1,2018,303613,336,0,43,18,0,9,1
1134382880,cardioem,0,1,2018,290132,339,1,35,12,0,71,1
1083705479,cardioem,0,1,2018,121533,342,1,52,22,1,26,1
1184603680,cardioem,0,1,2018,332937,342,1,51,19,1,26,1
1225239908,cardioem,0,1,2018,332825,342,1,51,25,0,26,1
1568570547,cardioem,0,1,2018,299177,342,0,58,26,1,26,1
1609989474,cardioem,0,1,2018,332825,342,0,47,20,1,26,5
1780941666,cardioem,1,1,2018,54545,342,1,38,7,1,26,3
1851351191,cardioem,0,1,2018,331943,342,0,66,35,1,26,1
1740628213,cardioem,0,1,2018,335163,343,0,37,5,1,23,2
1235124520,cardioem,1,1,2018,332672,344,0,45,18,0,111,3
1386964310,cardioem,1,1,2018,331919,344,0,38,8,1,111,2
1982850152,cardioem,0,1,2018,332264,345,0,44,16,0,13,1
1457316804,cardioem,1,1,2018,87798,350,0,54,28,1,37,5
1730323387,cardioem,1,1,2018,87798,350,0,39,13,0,37,2
1811929458,cardioem,0,1,2018,46569,351,0,57,23,1,40,1
1497774186,cardioem,1,1,2018,304154,352,1,69,45,0,89,2
1598720823,cardioem,1,1,2018,90474,352,0,70,42,1,89,3
1740253970,cardioem,1,1,2018,86152,355,0,57,18,1,26,1
1194059188,cardioem,0,1,2018,296714,356,0,40,15,0,451,1
1689703563,cardioem,1,1,2018,83948,356,1,40,12,1,451,1
1639126584,cardioem,1,1,2018,90556,357,1,43,16,1,225,1
1093828253,cardioem,0,1,2018,219226,363,0,56,29,0,14,1
1427187673,cardioem,0,1,2018,236522,365,0,41,15,1,66,1
1982771176,cardioem,0,1,2018,240246,365,1,61,35,1,66,1
1144285354,cardioem,1,1,2018,236487,368,0,61,36,1,64,3
1225228240,cardioem,0,1,2018,201052,368,1,50,14,1,64,2
1366530768,cardioem,1,1,2018,236487,368,1,51,24,1,64,2
1417059007,cardioem,1,1,2018,236487,368,1,62,37,1,64,1
1699041160,cardioem,1,1,2018,37017,368,1,36,9,1,64,1
1740374040,cardioem,1,1,2018,236487,368,1,60,34,1,64,1
1750523635,cardioem,1,1,2018,184519,371,1,37,9,1,20,1
1184602898,cardioem,0,1,2018,128333,377,0,47,21,1,76,2
1184605065,cardioem,1,1,2018,259522,377,1,56,18,1,76,1
1447543970,cardioem,0,1,2018,215463,377,1,33,7,1,76,1
1043400435,cardioem,0,1,2018,260395,380,0,47,11,1,182,4
1083616833,cardioem,1,1,2018,260049,380,0,52,26,1,182,4
1275892044,cardioem,0,1,2018,201572,380,0,35,7,0,182,1
1285620344,cardioem,1,1,2018,145029,380,0,55,27,1,182,3
1518944784,cardioem,1,1,2018,260049,380,0,64,41,1,182,1
1932153244,cardioem,1,1,2018,145029,380,1,51,21,1,182,1
1790048411,cardioem,1,1,2018,281570,385,1,36,8,1,73,2
1902814874,cardioem,0,1,2018,279278,385,0,63,26,1,73,4
1962571091,cardioem,1,1,2018,281570,385,0,48,25,0,73,1
1053477372,cardioem,0,1,2018,280287,390,1,43,20,0,23,2
1346205754,cardioem,0,1,2018,121240,391,0,48,19,1,269,1
1528321221,cardioem,0,1,2018,285094,391,1,34,6,1,269,6
1770711913,cardioem,1,1,2018,287745,391,1,36,9,0,269,1
1992898860,cardioem,0,1,2018,203569,391,1,47,24,0,269,2
1215005947,cardioem,0,1,2018,114225,394,0,51,27,0,68,1
1447227483,cardioem,0,1,2018,285446,394,1,46,23,0,68,1
1588656409,cardioem,0,1,2018,285712,394,1,48,17,1,68,1
1811282932,cardioem,1,1,2018,285000,394,0,34,7,1,68,2
1245429158,cardioem,0,1,2018,307930,397,0,47,14,0,428,5
1376703116,cardioem,1,1,2018,67615,397,0,55,29,1,428,4
1881834158,cardioem,0,1,2018,288633,397,1,39,11,0,428,1
1497001184,cardioem,0,1,2018,145097,399,0,39,9,1,12,8
1366602294,cardioem,0,1,2018,209394,400,0,44,11,0,35,2
1821121112,cardioem,0,1,2018,285429,406,1,53,15,1,13,1
1053313809,cardioem,1,1,2018,288633,411,1,58,32,0,9,1
1518025766,cardioem,0,1,2018,309981,412,0,53,25,0,135,1
1619961091,cardioem,0,1,2018,73645,412,0,50,17,1,135,1
1982977781,cardioem,0,1,2018,179709,412,0,33,9,0,135,2
1013204932,cardioem,1,1,2018,281570,413,1,33,7,1,22,2
1194980128,cardioem,1,1,2018,68828,413,0,50,25,0,22,3
1265403638,cardioem,1,1,2018,281570,413,0,57,23,1,22,3
1396936019,cardioem,1,1,2018,281570,413,0,43,17,0,22,2
1972865426,cardioem,1,1,2018,281570,413,0,34,6,1,22,2
1275866212,cardioem,0,1,2018,280600,418,0,36,10,1,7,3
1023246774,cardioem,0,1,2018,306330,420,0,38,14,0,11,5
1346474749,cardioem,0,1,2018,189850,422,0,41,12,1,11,1
1891731659,cardioem,0,1,2018,342168,423,0,58,30,1,102,1
1013193093,cardioem,1,1,2018,78702,424,0,45,12,1,36,2
1124312335,cardioem,1,1,2018,6091,424,1,33,7,1,36,1
1336186782,cardioem,1,1,2018,6091,424,0,54,28,1,36,1
1396777199,cardioem,1,1,2018,6124,424,1,50,24,1,36,2
1407809460,cardioem,1,1,2018,6124,424,0,63,34,1,36,1
1073659900,cardioem,0,1,2018,223293,426,0,63,34,0,121,3
1912086794,cardioem,0,1,2018,187434,426,1,54,28,1,121,2
1558308304,cardioem,1,1,2018,62865,428,0,44,16,1,25,1
1801987847,cardioem,1,1,2018,62865,428,0,49,19,1,25,1
1609986942,cardioem,1,1,2018,222987,429,0,61,43,0,16,3
1629098918,cardioem,1,1,2018,222462,429,1,38,12,1,16,1
1932318342,cardioem,1,1,2018,222462,429,1,50,11,0,16,2
1457665846,cardioem,1,1,2018,62865,431,0,42,13,0,101,1
1659354900,cardioem,1,1,2018,99785,431,1,42,16,1,101,1
1679784623,cardioem,0,1,2018,223365,431,1,41,13,1,101,1
1700814464,cardioem,1,1,2018,221677,432,0,44,15,1,41,1
1982622429,cardioem,1,1,2018,221677,432,0,52,26,1,41,2
1669486155,cardioem,1,1,2018,328875,437,1,41,15,1,27,2
1962630392,cardioem,0,1,2018,331337,439,0,40,11,1,120,1
1619230711,cardioem,0,1,2018,316381,457,1,39,6,1,5,2
1134227614,derm,0,1,2010,103886,1,1,36,11,0,62,3
1215973524,derm,0,1,2010,266177,1,0,43,17,1,62,1
1487793410,derm,0,1,2010,321692,1,1,33,4,0,62,1
1629228473,derm,0,1,2010,263595,1,1,39,7,1,62,1
1679525844,derm,0,1,2010,262606,1,0,51,23,1,62,1
1124067632,derm,0,1,2010,115729,2,0,56,20,1,8,1
1184734733,derm,0,1,2010,86152,7,0,42,14,0,7,1
1083820781,derm,0,1,2010,246731,11,0,35,7,0,28,4
1306884465,derm,0,1,2010,323878,11,1,34,10,0,28,3
1508826413,derm,0,1,2010,100112,11,1,35,11,0,28,3
1902893845,derm,0,1,2010,100112,11,1,38,16,0,28,1
1053313452,derm,0,1,2010,323879,12,0,41,11,1,102,2
1114096013,derm,0,1,2010,322689,12,0,39,7,1,102,1
1164412466,derm,0,1,2010,261095,12,0,50,30,1,102,1
1164422127,derm,0,1,2010,118429,12,0,56,20,1,102,1
1437312147,derm,0,1,2010,322513,12,1,31,5,0,102,1
1447245352,derm,0,1,2010,323993,12,0,35,13,0,102,1
1548289580,derm,0,1,2010,323365,12,0,65,38,1,102,5
1629018619,derm,0,1,2010,111724,12,0,34,6,0,102,1
1629284211,derm,0,1,2010,322513,12,0,43,7,1,102,7
1659368751,derm,0,1,2010,113999,12,1,44,20,1,102,1
1730178914,derm,0,2,2010,102683,12,0,47,12,1,123,5
1770543043,derm,0,2,2010,335067,12,1,49,19,0,126,5
1356372023,derm,0,1,2010,323831,15,1,35,8,1,48,4
1689704090,derm,0,1,2010,330556,15,0,63,35,1,48,3
1225064728,derm,0,1,2010,273258,19,0,58,31,0,43,2
1811059363,derm,1,1,2010,274010,19,1,51,27,1,43,2
1972605699,derm,0,1,2010,273207,19,1,40,11,1,43,2
1497822621,derm,0,1,2010,260496,21,0,52,9,1,10,4
1770683641,derm,0,1,2010,93468,21,1,33,7,1,10,3
1427083351,derm,0,1,2010,278442,22,0,47,15,0,7,3
1851485361,derm,0,2,2010,278442,22,0,71,42,1,37,4
1962558197,derm,0,1,2010,276505,22,1,58,23,1,7,1
1407875941,derm,0,2,2010,271360,23,0,47,20,1,157,4
1730271321,derm,0,1,2010,135566,23,0,46,18,1,129,1
1457454456,derm,0,1,2010,271226,33,0,38,12,0,22,3
1043392186,derm,0,1,2010,114451,56,1,47,22,1,314,5
1063432615,derm,0,1,2010,114492,56,1,47,16,0,314,1
1235359845,derm,0,1,2010,257247,56,0,53,30,1,314,5
1487677977,derm,0,1,2010,341891,56,0,55,27,0,314,9
1730195645,derm,0,1,2010,339695,56,0,60,36,0,314,2
1790787802,derm,1,1,2010,134519,56,0,36,9,0,314,2
1861507758,derm,0,1,2010,134444,56,0,38,10,0,314,3
1700884038,derm,0,2,2010,333784,58,1,50,9,1,88,5
1407940075,derm,0,1,2010,334949,62,0,44,14,0,10,2
1255310140,derm,1,1,2010,333374,65,1,34,7,0,36,2
1457309783,derm,0,1,2010,335377,65,1,33,9,1,36,1
1447228796,derm,0,1,2010,342209,69,1,42,18,1,10,4
1538181748,derm,0,1,2010,342209,69,1,58,32,1,10,1
1477601375,derm,0,1,2010,333716,73,1,59,27,0,9,1
1821264979,derm,0,2,2010,333530,73,1,31,5,1,32,2
1033154448,derm,1,1,2010,270897,77,1,56,31,1,70,1
1083667281,derm,0,1,2010,13699,77,0,57,32,0,70,3
1437117322,derm,0,1,2010,333362,77,0,61,43,0,70,2
1457360927,derm,0,1,2010,333473,77,1,34,7,1,70,3
1538221874,derm,0,1,2010,233774,77,0,42,20,0,70,1
1558367102,derm,0,1,2010,333414,77,0,46,19,1,70,1
1629036413,derm,0,1,2010,333362,77,0,63,37,1,70,1
1669456174,derm,1,1,2010,271026,77,0,39,12,1,70,3
1710931019,derm,0,1,2010,108586,78,0,47,24,1,11,6
1861442196,derm,0,1,2010,108586,78,1,37,11,0,11,4
1861500274,derm,1,3,2010,108586,78,0,37,11,1,144,7
1396717013,derm,0,1,2010,54517,79,1,46,14,1,47,1
1497862684,derm,0,1,2010,134439,79,0,62,37,1,47,2
1609898758,derm,1,1,2010,135462,79,1,51,22,0,47,3
1063451557,derm,0,1,2010,61861,80,0,51,20,1,143,1
1598975690,derm,0,1,2010,134878,80,0,33,6,1,143,1
1154331999,derm,1,1,2010,335104,81,0,38,6,0,83,5
1265541338,derm,1,1,2010,335619,81,1,33,6,1,83,1
1295714731,derm,0,1,2010,20121,81,1,42,,0,83,2
1568679843,derm,1,1,2010,335619,81,1,31,5,0,83,2
1588636641,derm,1,1,2010,335619,81,0,38,11,0,83,1
1639286388,derm,1,1,2010,335619,81,1,39,11,0,83,4
1871683532,derm,1,1,2010,335104,81,0,40,11,0,83,2
1912940305,derm,1,1,2010,335104,81,0,54,28,1,83,1
1316090640,derm,0,1,2010,72038,82,1,42,16,1,55,1
1770571234,derm,1,1,2010,333374,82,1,45,15,1,55,7
1184670820,derm,0,1,2010,4109,83,1,34,8,1,12,1
1487674685,derm,1,1,2010,291339,85,0,46,20,0,65,3
1649228917,derm,0,1,2010,111762,85,0,46,18,1,65,1
1265546154,derm,0,3,2010,271353,89,1,53,8,0,93,5
1497772495,derm,0,1,2010,316394,102,1,41,15,1,23,2
1649381286,derm,0,1,2010,317346,102,0,38,11,0,23,2
1235197880,derm,1,1,2010,279439,103,0,41,10,1,85,3
1730235003,derm,0,2,2010,317570,103,0,39,11,1,166,2
1740216589,derm,1,1,2010,147430,103,1,55,,0,85,1
1023058591,derm,0,1,2010,311027,104,0,59,33,1,9,1
1124062427,derm,0,1,2010,293199,104,1,41,17,0,9,4
1346224169,derm,0,1,2010,316953,104,0,56,30,1,9,1
1619901907,derm,0,1,2010,97346,104,0,43,13,1,9,3
1932128873,derm,0,1,2010,317945,104,0,34,8,1,9,3
1285625749,derm,0,2,2010,317890,105,0,67,40,1,124,3
1700846318,derm,0,1,2010,316407,105,1,41,11,1,12,1
1245295013,derm,0,1,2010,318115,107,0,50,22,1,5,5
1306841325,derm,0,1,2010,317025,107,1,49,15,1,5,2
1003876228,derm,0,1,2010,15420,109,1,34,9,0,41,5
1154323426,derm,0,1,2010,15361,110,1,48,24,0,58,1
1053301168,derm,0,1,2010,218900,113,1,44,,1,130,3
1083634034,derm,0,1,2010,217717,113,0,38,10,0,130,3
1316966062,derm,1,1,2010,219631,113,1,39,11,0,130,1
1174593289,derm,0,2,2010,111408,115,0,41,10,1,23,2
1295763456,derm,0,1,2010,112868,115,0,69,41,1,10,5
1770774267,derm,0,1,2010,111408,115,1,35,8,1,10,2
1366443392,derm,0,1,2010,251036,116,1,39,14,1,17,2
1053388090,derm,0,1,2010,266439,118,0,51,25,1,180,1
1164550893,derm,0,1,2010,165859,118,1,36,7,1,180,1
1245440668,derm,0,1,2010,111678,118,0,36,12,1,180,6
1265485171,derm,0,1,2010,265999,118,1,54,14,1,180,2
1326144825,derm,0,1,2010,266011,118,1,46,18,1,180,7
1619911138,derm,0,1,2010,247184,118,0,47,15,1,180,1
1679551212,derm,0,1,2010,247184,118,0,50,12,1,180,2
1902906373,derm,0,1,2010,71530,118,1,36,12,1,180,1
1043249923,derm,0,1,2010,98766,119,0,47,24,1,53,1
1295855583,derm,0,1,2010,65323,119,1,35,9,1,53,4
1366557621,derm,0,1,2010,111155,119,1,44,10,1,53,5
1497916910,derm,0,1,2010,265447,119,0,36,7,0,53,1
1982829628,derm,0,1,2010,266127,119,1,34,6,1,53,2
1306872866,derm,1,1,2010,247871,120,1,38,11,1,18,1
1326121096,derm,1,1,2010,247871,120,1,36,11,1,18,3
1457331936,derm,0,2,2010,108207,120,1,40,13,1,40,5
1811988512,derm,0,1,2010,250253,120,1,43,17,0,18,2
1124090824,derm,0,2,2010,292226,122,1,51,24,1,35,2
1295751089,derm,0,1,2010,253246,122,1,34,9,0,13,3
1043223753,derm,0,1,2010,250838,123,0,43,14,1,51,2
1104047893,derm,0,1,2010,253055,123,0,38,6,1,51,1
1215084918,derm,0,1,2010,252658,123,0,65,37,1,51,4
1801096037,derm,0,1,2010,253055,123,0,38,6,0,51,5
1861655797,derm,1,1,2010,251662,123,1,42,4,1,51,1
1952503369,derm,0,1,2010,54133,123,1,39,5,1,51,3
1568678076,derm,1,1,2010,247168,124,0,41,17,0,20,1
1811955362,derm,0,1,2010,100165,124,0,45,21,1,20,1
1104930353,derm,0,1,2010,247185,127,1,40,14,1,131,1
1679525836,derm,0,1,2010,248649,127,0,58,33,1,131,1
1053316133,derm,0,1,2010,249020,129,0,62,37,0,16,6
1144200569,derm,0,1,2010,250831,129,1,62,34,1,16,3
1255324091,derm,0,2,2010,72082,129,0,53,27,1,123,4
1487855987,derm,0,1,2010,61649,129,0,42,14,0,16,3
1023057999,derm,1,1,2010,247298,130,0,46,19,1,89,3
1114962941,derm,0,1,2010,251168,130,0,38,10,0,89,1
1528175932,derm,0,1,2010,110655,130,0,37,15,0,89,1
1740486976,derm,0,1,2010,253188,130,1,32,6,0,89,3
1568451318,derm,0,1,2010,267032,131,0,60,34,1,10,2
1689632192,derm,0,1,2010,267032,131,0,61,35,1,10,2
1578670980,derm,0,1,2010,108461,134,1,36,9,1,20,1
1689677262,derm,0,1,2010,276118,134,0,40,16,0,20,1
1740257773,derm,0,1,2010,241818,134,0,56,26,1,20,2
1992818595,derm,0,1,2010,276118,134,0,41,15,1,20,4
1275598898,derm,1,1,2010,266661,137,0,64,38,1,39,1
1346338316,derm,0,1,2010,55866,137,1,45,8,1,39,2
1720157688,derm,0,1,2010,55866,137,0,49,23,1,39,2
1770583445,derm,0,1,2010,247212,137,0,49,22,1,39,3
1922063866,derm,0,2,2010,37071,137,0,48,24,1,83,6
1285677328,derm,0,1,2010,251389,141,0,36,10,0,54,1
1295798759,derm,0,1,2010,106645,141,0,44,21,0,54,1
1477508141,derm,1,2,2010,248781,141,0,54,,1,64,2
1508972217,derm,0,1,2010,253076,141,1,40,16,0,54,2
1801998877,derm,1,1,2010,251085,141,0,35,10,0,54,2
1952575094,derm,0,1,2010,252943,141,1,53,24,1,54,1
1003961319,derm,1,1,2010,241061,144,0,46,20,1,190,4
1043400013,derm,0,1,2010,115868,144,1,34,5,1,190,1
1154410538,derm,0,1,2010,240063,144,0,54,28,1,190,2
1255327680,derm,1,1,2010,241239,144,0,48,22,1,190,4
1427122092,derm,0,1,2010,242976,144,1,38,9,0,190,1
1447417373,derm,0,1,2010,241181,144,1,32,5,0,190,2
1568674687,derm,0,1,2010,240323,144,1,38,15,0,190,2
1740212240,derm,0,1,2010,101939,144,0,42,19,0,190,1
1801885934,derm,0,1,2010,219750,144,0,57,31,1,190,1
1821035429,derm,1,1,2010,241061,144,0,45,14,0,190,1
1841245719,derm,0,1,2010,117322,144,1,41,18,0,190,1
1922003904,derm,0,1,2010,69438,144,0,67,41,1,190,1
1942313572,derm,0,1,2010,240651,144,0,38,12,1,190,1
1992719371,derm,0,1,2010,231198,144,0,35,6,1,190,1
1184787327,derm,0,1,2010,92522,146,0,46,23,0,6,1
1205884020,derm,0,1,2010,238554,147,0,40,22,1,14,3
1811014939,derm,0,1,2010,240391,147,1,42,15,1,14,1
1073521662,derm,0,1,2010,92821,149,0,63,37,1,19,2
1205875853,derm,0,1,2010,92821,149,0,35,7,1,19,2
1619916012,derm,0,1,2010,238002,149,0,67,41,1,19,1
1124121686,derm,0,1,2010,103596,150,1,34,11,,45,1
1346213303,derm,0,1,2010,303336,151,0,43,10,1,21,1
1407035371,derm,0,1,2010,303336,151,0,36,4,1,21,3
1811193550,derm,0,1,2010,302804,151,1,35,5,1,21,1
1982771671,derm,1,2,2010,302804,151,0,58,20,1,37,3
1700859659,derm,1,2,2010,303218,152,0,53,27,1,13,2
1255541678,derm,1,1,2010,13413,155,0,32,9,0,19,1
1043486954,derm,0,1,2010,148946,156,0,41,18,0,83,2
1114033826,derm,0,1,2010,148946,156,1,48,15,1,83,1
1225018203,derm,0,1,2010,148946,156,0,45,22,1,83,1
1427212638,derm,0,2,2010,74198,156,0,34,10,0,179,3
1750335097,derm,1,1,2010,146891,156,1,40,14,1,83,3
1811081953,derm,0,2,2010,145808,156,0,54,28,1,231,3
1366634487,derm,0,1,2010,246910,158,1,43,17,0,20,2
1366637480,derm,0,1,2010,64042,158,1,38,14,1,20,1
1932187416,derm,0,1,2010,49396,158,0,40,11,0,20,2
1083861017,derm,0,1,2010,149960,161,0,36,11,0,73,3
1275553240,derm,0,1,2010,98444,161,0,41,14,0,73,1
1396853230,derm,0,1,2010,150154,161,1,35,11,1,73,4
1427271022,derm,0,1,2010,145793,161,1,34,8,0,73,1
1104891001,derm,0,2,2010,146944,163,0,63,40,0,116,2
1528279577,derm,0,1,2010,150385,163,1,30,6,0,22,2
1962427476,derm,0,1,2010,150549,164,1,38,8,0,14,2
1104820869,derm,1,2,2010,149305,172,0,54,29,1,45,5
1356393300,derm,0,1,2010,95089,172,0,58,35,1,23,1
1467437459,derm,0,1,2010,103230,172,1,37,11,1,23,3
1598971137,derm,1,1,2010,152718,175,0,51,27,1,5,1
1144284480,derm,0,1,2010,141829,179,0,65,27,1,11,4
1932186723,derm,0,1,2010,106429,180,0,41,16,0,10,1
1124012729,derm,1,2,2010,105147,183,1,41,13,1,160,8
1235129065,derm,0,1,2010,105147,183,1,41,15,1,78,3
1306989223,derm,0,1,2010,145383,183,0,45,6,1,78,4
1508901398,derm,0,1,2010,142759,183,1,32,5,1,78,2
1619970704,derm,0,1,2010,98309,183,0,59,32,1,78,1
1629286141,derm,0,1,2010,135843,183,1,39,10,1,78,1
1659488104,derm,0,1,2010,143211,183,1,45,12,1,78,2
1700878329,derm,0,1,2010,220185,183,0,51,25,1,78,2
1780659201,derm,0,1,2010,65538,183,1,39,13,1,78,2
1619966058,derm,0,1,2010,143296,184,0,44,12,1,4,1
1558477984,derm,0,2,2010,102751,190,0,36,12,0,36,2
1215915855,derm,0,1,2010,167057,191,0,60,35,1,14,8
1235116369,derm,0,2,2010,167057,191,1,38,14,0,15,2
1306990817,derm,0,1,2010,166920,191,1,41,21,0,14,2
1346228970,derm,0,1,2010,167057,191,0,48,19,1,14,5
1720058019,derm,0,1,2010,167057,191,0,61,35,1,14,8
1861468084,derm,1,1,2010,166672,192,1,34,10,1,19,2
1154547073,derm,0,1,2010,110616,195,0,32,5,1,4,1
1215924964,derm,0,1,2010,166892,196,1,41,14,1,6,2
1013973577,derm,0,1,2010,157880,203,1,53,25,1,15,3
1619976081,derm,0,1,2010,157880,203,0,67,,1,15,6
1750343224,derm,0,1,2010,157880,203,0,43,16,1,15,5
1770690216,derm,0,1,2010,256685,203,0,35,9,1,15,1
1780785899,derm,0,1,2010,256685,203,0,38,7,1,15,3
1962580258,derm,0,1,2010,107670,203,0,45,21,1,15,1
1689670770,derm,0,1,2010,111874,204,0,59,34,1,34,2
1023115730,derm,0,1,2010,163674,205,1,42,25,1,56,1
1730155003,derm,0,1,2010,255536,205,0,43,15,1,56,1
1982646485,derm,0,1,2010,141870,205,1,53,29,1,56,1
1871553016,derm,0,1,2010,274196,210,0,52,27,1,27,1
1417055179,derm,0,1,2010,108446,212,0,47,23,0,8,3
1659369916,derm,0,1,2010,276465,213,0,34,7,1,13,2
1275590374,derm,0,1,2010,274133,219,0,53,27,1,17,1
1619905312,derm,0,1,2010,288631,219,1,,,1,17,1
1477579456,derm,0,1,2010,546,222,0,58,30,1,21,2
1710073507,derm,0,1,2010,557,222,0,55,22,1,21,1
1144225053,derm,0,1,2010,220075,223,0,38,13,0,103,1
1235164252,derm,0,1,2010,220681,223,0,38,11,1,103,2
1295727790,derm,0,1,2010,144575,223,0,40,14,1,103,4
1407965056,derm,0,1,2010,218854,223,1,44,18,0,103,1
1538182027,derm,0,1,2010,217717,223,1,43,17,1,103,3
1538197843,derm,1,1,2010,216307,223,1,45,23,0,103,1
1699757054,derm,1,2,2010,216335,223,0,37,12,0,139,5
1790747251,derm,1,1,2010,216307,223,0,53,,1,103,3
1104803253,derm,0,1,2010,219727,225,1,46,18,1,9,1
1548265580,derm,0,1,2010,48886,225,1,43,16,1,9,2
1215977327,derm,0,1,2010,9944,227,1,45,22,0,310,1
1396741963,derm,0,1,2010,9944,227,0,48,21,1,310,2
1598794505,derm,0,1,2010,9586,227,1,51,21,1,310,1
1639112022,derm,1,1,2010,8983,227,1,44,15,1,310,3
1659462083,derm,1,1,2010,8983,227,0,57,34,1,310,5
1760589147,derm,0,1,2010,9851,227,0,49,27,0,310,2
1942268438,derm,0,1,2010,10428,227,1,49,24,1,310,3
1114999786,derm,0,1,2010,9455,230,1,64,37,1,22,2
1487666194,derm,1,1,2010,78648,230,1,53,20,1,22,3
1134232168,derm,1,1,2010,8482,231,1,35,11,0,26,1
1508928060,derm,1,1,2010,9404,231,1,52,25,1,26,7
1588685671,derm,1,1,2010,8482,231,0,50,26,1,26,1
1205043254,derm,0,1,2010,24587,232,0,45,7,1,49,1
1922197151,derm,1,1,2010,160953,232,1,37,10,1,49,2
1093777013,derm,0,1,2010,108496,233,0,59,38,1,14,7
1427051127,derm,0,1,2010,59527,234,0,39,10,1,67,1
1336116268,derm,0,2,2010,154628,238,0,49,11,1,98,2
1417162173,derm,0,1,2010,156413,238,1,31,5,0,7,1
1164512034,derm,0,1,2010,73664,243,0,37,5,1,3,2
1801937644,derm,0,1,2010,154657,244,0,56,20,1,19,1
1609811975,derm,0,2,2010,100008,245,0,53,27,1,107,6
1154439339,derm,0,2,2010,110654,248,0,48,18,1,84,4
1376748525,derm,0,1,2010,154866,249,1,32,6,1,9,1
1508828633,derm,1,1,2010,163985,250,0,35,7,1,9,1
1801851498,derm,1,2,2010,164059,250,1,38,12,0,29,3
1083652754,derm,0,1,2010,164692,251,1,37,11,1,109,1
1215007414,derm,1,1,2010,131027,251,1,38,8,1,109,1
1245206267,derm,1,1,2010,164415,251,0,58,33,1,109,1
1326145483,derm,0,1,2010,164053,251,1,46,20,1,109,1
1700947173,derm,1,1,2010,164415,251,1,32,6,1,109,1
1821083478,derm,1,1,2010,164415,251,1,51,26,1,109,1
1689783540,derm,0,1,2010,260350,257,0,43,18,1,8,1
1225047632,derm,0,1,2010,263948,259,0,45,21,1,17,1
1912006859,derm,1,2,2010,73829,259,1,62,24,1,95,4
1851398309,derm,0,1,2010,264045,262,1,48,13,1,7,1
1942308101,derm,0,1,2010,264330,262,0,47,19,1,7,3
1184616120,derm,0,1,2010,170474,263,1,45,19,1,3,1
1679771844,derm,0,1,2010,170661,263,1,41,10,0,3,2
1154441822,derm,0,1,2010,169910,264,1,40,12,1,28,1
1508825894,derm,1,1,2010,327633,264,0,41,15,1,28,2
1669435707,derm,1,1,2010,273492,264,1,45,16,1,28,1
1992727309,derm,0,1,2010,169975,267,0,41,15,1,2,1
1386619757,derm,0,1,2010,212663,268,1,36,10,1,51,3
1649486523,derm,0,1,2010,287456,268,1,32,6,1,51,4
1740358282,derm,0,1,2010,172245,268,0,55,29,1,51,1
1053403915,derm,1,1,2010,170221,273,0,47,17,1,108,1
1104860287,derm,0,1,2010,168620,273,1,33,6,1,108,1
1245443548,derm,0,1,2010,99893,273,0,41,7,0,108,2
1285846055,derm,0,1,2010,169376,273,0,39,15,1,108,6
1366441495,derm,0,1,2010,171764,273,1,56,14,1,108,1
1467600155,derm,0,1,2010,149315,273,1,32,5,1,108,2
1225188212,derm,1,1,2010,294459,274,1,38,11,1,18,2
1356396394,derm,0,1,2010,294468,274,0,53,26,1,18,1
1427088855,derm,0,1,2010,294468,274,0,55,21,1,18,3
1437148194,derm,0,1,2010,294466,274,0,54,13,1,18,2
1598798316,derm,0,1,2010,294466,274,1,33,7,1,18,3
1871504969,derm,0,1,2010,49566,279,0,45,10,1,27,3
1003070640,derm,0,1,2010,326816,280,1,33,5,0,25,1
1104857887,derm,1,1,2010,3589,281,1,42,16,0,20,5
1093708067,derm,0,1,2010,79582,283,0,50,23,1,96,1
1396826822,derm,0,1,2010,114143,283,0,31,5,1,96,1
1871573063,derm,0,1,2010,80119,283,0,44,17,0,96,1
1568483733,derm,0,1,2010,36489,284,0,49,26,1,63,2
1841405008,derm,0,1,2010,110711,284,1,32,6,1,63,5
1639266729,derm,1,1,2010,81215,285,1,46,19,0,54,1
1578680708,derm,0,1,2010,18466,288,0,58,34,1,38,5
1265627996,derm,0,1,2010,321313,293,1,46,6,1,44,2
1376512632,derm,1,1,2010,64475,293,0,59,18,1,44,3
1568411916,derm,0,1,2010,321692,293,1,42,14,1,44,3
1598870131,derm,0,1,2010,321313,293,1,41,7,1,44,2
1649276015,derm,1,1,2010,73755,293,0,61,33,1,44,1
1851317192,derm,0,1,2010,321313,293,0,48,20,1,44,5
1306948252,derm,1,2,2010,37446,295,0,58,32,1,60,3
1417958810,derm,0,2,2010,38238,295,0,40,14,1,65,6
1588692552,derm,0,1,2010,34458,297,0,53,25,1,27,1
1689756827,derm,0,2,2010,28798,297,0,50,23,1,257,3
1982881645,derm,1,2,2010,33449,297,1,33,9,0,191,4
1013989698,derm,1,2,2010,42650,299,0,52,23,1,55,3
1972762623,derm,0,1,2010,42762,300,1,29,3,1,3,1
1184673808,derm,0,2,2010,44912,301,0,68,39,1,287,3
1265541015,derm,0,3,2010,29435,301,1,46,22,1,528,6
1336214220,derm,0,2,2010,110731,301,1,56,30,0,305,9
1518926724,derm,0,2,2010,33824,301,0,78,54,0,263,4
1760668933,derm,0,1,2010,93547,301,0,32,6,,232,1
1013945773,derm,1,1,2010,37516,303,1,54,30,0,321,3
1316911282,derm,0,1,2010,104240,303,0,57,28,1,321,8
1396757571,derm,1,1,2010,36399,303,0,38,12,1,321,1
1861440364,derm,1,2,2010,35879,303,0,41,17,1,477,3
1144202482,derm,0,1,2010,109773,304,0,40,10,1,40,1
1164590568,derm,0,1,2010,42606,304,1,38,8,1,40,1
1427243740,derm,0,1,2010,44226,304,1,37,6,1,40,2
1528020898,derm,0,1,2010,42605,304,1,36,10,1,40,2
1720049919,derm,0,1,2010,65603,304,1,55,26,1,40,2
1720092778,derm,1,1,2010,42604,304,0,40,14,1,40,1
1083681993,derm,0,1,2010,34935,308,0,38,13,1,76,1
1003999780,derm,0,2,2010,13325,309,0,49,18,1,50,2
1194784009,derm,0,1,2010,90843,309,0,54,23,1,26,5
1205882370,derm,0,1,2010,231935,309,1,43,12,1,26,2
1811066996,derm,0,2,2010,229383,309,0,56,28,1,46,8
1831385939,derm,0,1,2010,231353,309,1,34,6,1,26,2
1033141114,derm,1,1,2010,240246,311,1,42,16,1,78,5
1073528808,derm,1,1,2010,232664,311,0,44,18,0,78,6
1326100389,derm,0,1,2010,74727,311,0,54,15,1,78,4
1457424046,derm,0,1,2010,232014,311,0,55,27,1,78,1
1467422501,derm,0,1,2010,229519,311,1,35,9,1,78,3
1487686564,derm,1,1,2010,240246,311,1,40,14,1,78,3
1801830047,derm,0,1,2010,230444,311,0,54,28,1,78,2
1992702252,derm,1,1,2010,240246,311,0,49,24,1,78,2
1164477998,derm,0,1,2010,108340,312,0,54,28,1,61,2
1386609899,derm,0,1,2010,223448,312,0,47,23,0,61,1
1528068004,derm,0,1,2010,229388,312,0,52,29,0,61,1
1598879843,derm,0,1,2010,232292,312,0,48,17,1,61,6
1679547533,derm,0,1,2010,226871,312,0,47,17,1,61,1
1700985736,derm,0,1,2010,231350,312,0,43,16,1,61,5
1033112123,derm,0,1,2010,231845,314,1,44,16,1,20,3
1215029095,derm,0,1,2010,132866,314,1,43,,1,20,1
1275505257,derm,1,1,2010,234822,314,0,36,9,1,20,4
1134178767,derm,0,1,2010,106319,318,0,51,24,1,45,1
1154369627,derm,0,1,2010,230002,318,0,45,15,0,45,6
1235179516,derm,0,1,2010,117603,318,0,55,27,1,45,5
1316956931,derm,0,1,2010,230267,318,0,40,12,1,45,1
1720071103,derm,0,1,2010,231350,318,1,36,10,0,45,8
1952411944,derm,0,1,2010,231350,318,1,37,10,1,45,1
1356336457,derm,0,1,2010,240246,319,1,42,13,1,18,4
1487674990,derm,0,1,2010,230576,319,0,54,26,1,18,3
1508050899,derm,1,1,2010,140170,325,1,42,6,1,11,2
1316058993,derm,1,1,2010,138202,328,1,55,7,1,110,1
1649372913,derm,1,2,2010,141530,328,1,38,8,0,301,2
1679763544,derm,1,1,2010,138202,328,1,31,8,1,110,2
1972718179,derm,1,1,2010,138202,328,1,36,5,1,110,1
1013969401,derm,1,2,2010,129229,329,1,38,9,1,110,3
1285644146,derm,1,1,2010,129229,329,1,33,,1,79,2
1477590636,derm,0,1,2010,130263,329,0,38,11,1,79,2
1528157468,derm,0,1,2010,130263,329,1,40,14,1,79,1
1649304114,derm,0,2,2010,278438,339,1,55,16,1,43,3
1649491762,derm,0,1,2010,276480,339,1,49,6,1,32,1
1710916630,derm,1,1,2010,277416,340,1,35,11,0,30,1
1811936412,derm,0,1,2010,52344,340,1,53,26,1,30,2
1922059146,derm,1,1,2010,332454,342,1,44,18,1,19,2
1487738134,derm,1,1,2010,332312,343,0,62,36,1,12,1
1750311833,derm,0,1,2010,227673,343,0,55,23,1,12,1
1336267707,derm,0,1,2010,331944,345,1,32,5,1,9,1
1619180668,derm,0,1,2010,331944,345,1,34,11,1,9,2
1255354866,derm,0,1,2010,86025,346,1,41,17,1,21,4
1225014756,derm,0,1,2010,70729,350,0,44,16,1,29,1
1376588426,derm,1,1,2010,85439,350,1,49,14,1,29,3
1033182274,derm,0,1,2010,89956,352,1,37,9,0,30,2
1912980210,derm,1,1,2010,90474,352,0,34,6,1,30,1
1740258896,derm,0,1,2010,85271,356,0,38,11,0,201,1
1780695163,derm,0,2,2010,81262,356,1,35,10,0,288,2
1225070931,derm,0,1,2010,90556,357,0,40,13,1,73,3
1376539809,derm,1,1,2010,86766,357,1,38,13,0,73,1
1508871070,derm,0,1,2010,90402,357,0,45,20,1,73,1
1114987484,derm,0,1,2010,87798,362,0,55,29,1,3,1
1801090642,derm,0,1,2010,327906,363,0,49,23,0,7,3
1851499834,derm,0,1,2010,327906,363,1,44,18,0,7,3
1952565889,derm,1,1,2010,132772,364,0,41,6,1,52,1
1497857726,derm,0,1,2010,101441,365,0,51,12,1,34,1
1528043528,derm,0,1,2010,111993,365,1,37,12,1,34,5
1730122540,derm,0,1,2010,111995,365,0,36,9,1,34,1
1821033085,derm,0,1,2010,111995,365,0,61,35,1,34,2
1851383459,derm,0,1,2010,101441,365,0,54,28,1,34,1
1124070768,derm,0,1,2010,236202,366,1,38,8,1,26,4
1184678435,derm,0,2,2010,113669,366,0,64,38,1,45,3
1083704175,derm,0,1,2010,235640,368,0,32,5,1,30,4
1659468783,derm,1,1,2010,236487,368,1,35,9,1,30,1
1780690503,derm,1,1,2010,236487,368,0,51,23,0,30,3
1588682983,derm,1,4,2010,260665,375,0,50,10,1,141,5
1073691507,derm,0,1,2010,64806,377,1,42,10,1,28,1
1265420301,derm,1,1,2010,259287,379,0,63,36,1,36,1
1013094028,derm,0,1,2010,260413,380,0,69,45,1,64,3
1366431710,derm,1,1,2010,258598,380,0,40,14,1,64,2
1669473716,derm,1,1,2010,258598,380,0,36,7,1,64,2
1851396303,derm,0,1,2010,260814,380,0,45,14,1,64,1
1972591782,derm,0,1,2010,285427,383,0,49,23,1,9,1
1073682472,derm,1,1,2010,281098,385,0,40,13,1,68,1
1346337490,derm,0,1,2010,281133,385,1,35,9,0,68,1
1780841817,derm,0,1,2010,94374,385,1,34,8,0,68,2
1841281862,derm,0,1,2010,288965,385,1,45,13,1,68,1
1992798987,derm,1,1,2010,279278,385,0,46,18,0,68,10
1942301130,derm,0,1,2010,37113,386,1,46,21,0,9,1
1245439751,derm,0,1,2010,282879,391,1,39,8,0,131,1
1295997930,derm,0,1,2010,73904,391,0,37,13,0,131,2
1386673747,derm,1,1,2010,287745,391,1,37,10,1,131,3
1932137379,derm,0,1,2010,285345,391,1,40,13,0,131,1
1568477321,derm,0,1,2010,112913,393,0,52,26,1,13,2
1811918766,derm,0,2,2010,111709,393,0,43,10,1,24,4
1023098662,derm,0,1,2010,102817,394,0,50,24,1,52,1
1184684912,derm,0,1,2010,287760,394,0,66,38,1,52,1
1386661965,derm,0,1,2010,285345,394,0,59,35,0,52,1
1598977761,derm,0,1,2010,285038,394,1,32,5,0,52,1
1639323173,derm,0,1,2010,285712,394,1,35,10,0,52,1
1689610750,derm,0,1,2010,285038,394,1,44,18,0,52,1
1750404877,derm,0,1,2010,118836,394,0,34,6,1,52,1
1477654176,derm,0,1,2010,55904,396,0,36,13,0,4,2
1023017761,derm,0,1,2010,232754,397,0,41,17,0,169,2
1215110556,derm,1,1,2010,278544,397,1,34,9,0,169,2
1306874813,derm,0,1,2010,268267,397,1,36,10,1,169,1
1518933811,derm,0,1,2010,51730,397,0,44,19,0,169,1
1669461778,derm,0,1,2010,289598,397,1,38,12,0,169,2
1841356458,derm,0,1,2010,289060,397,0,35,8,0,169,2
1558392779,derm,1,1,2010,285376,406,0,44,19,0,5,2
1609823111,derm,1,1,2010,285376,406,0,41,14,0,5,2
1104860741,derm,1,1,2010,285181,411,0,57,30,1,4,3
1538101571,derm,0,1,2010,288633,411,0,41,10,1,4,2
1104912591,derm,0,1,2010,60558,412,0,36,6,1,75,3
1336180439,derm,0,1,2010,281777,412,0,74,48,0,75,2
1427264613,derm,0,1,2010,116808,412,1,51,6,1,75,2
1043236581,derm,1,1,2010,281570,413,1,44,19,0,15,5
1255323861,derm,1,1,2010,281570,413,0,62,38,1,15,1
1366632580,derm,0,1,2010,286376,413,0,67,33,1,15,1
1639125115,derm,1,1,2010,281570,413,0,52,26,1,15,4
1770549172,derm,1,1,2010,281570,413,1,42,16,1,15,3
1811055049,derm,1,1,2010,281570,413,1,54,28,1,15,2
1811971484,derm,1,1,2010,281570,413,1,35,8,0,15,1
1306805577,derm,0,1,2010,239036,416,0,49,23,1,16,1
1043271422,derm,0,1,2010,325634,423,1,41,15,1,66,2
1457358962,derm,0,1,2010,311048,423,0,41,10,1,66,2
1558574863,derm,0,1,2010,325456,423,1,40,,1,66,2
1588673826,derm,0,1,2010,64047,423,1,38,14,0,66,5
1992703045,derm,0,1,2010,113755,426,0,64,30,1,75,2
1811989023,derm,0,1,2010,94824,427,1,42,12,1,28,2
1427048446,derm,0,1,2010,222237,428,0,36,9,1,4,1
1730169541,derm,0,1,2010,223257,429,1,36,8,1,14,2
1992802722,derm,0,1,2010,223257,429,1,36,11,1,14,2
1922157106,derm,0,2,2010,221703,430,0,45,8,1,185,2
1184894859,derm,0,1,2010,223507,431,0,33,10,0,48,1
1275712333,derm,0,1,2010,223444,431,1,39,8,1,48,1
1780606657,derm,0,1,2010,132795,437,0,49,24,1,17,2
1104851039,derm,1,1,2010,232758,439,1,43,16,1,130,2
1245206200,derm,1,1,2010,329479,439,0,45,11,1,130,3
1265409858,derm,1,1,2010,232758,439,0,36,11,1,130,1
1437183928,derm,0,1,2010,329768,439,0,37,10,1,130,1
1447351622,derm,0,1,2010,124878,439,0,41,14,0,130,2
1487824215,derm,0,1,2010,333379,439,1,37,6,1,130,1
1538270541,derm,1,1,2010,328896,439,1,47,12,1,130,3
1700887338,derm,1,1,2010,328896,439,1,42,15,1,130,2
1134344286,derm,0,1,2010,330639,440,1,33,6,1,37,1
1275515058,derm,0,1,2010,329088,440,0,39,13,1,37,2
1457456873,derm,0,1,2010,102846,440,0,47,15,1,37,2
1750302790,derm,1,2,2010,329700,440,0,46,21,1,138,3
1821188640,derm,0,1,2010,113428,440,1,50,21,1,37,1
1245320480,derm,0,1,2010,161257,447,0,54,13,0,20,4
1497721054,derm,0,1,2010,161257,447,1,51,17,1,20,2
1568448025,derm,0,1,2010,161223,447,0,50,24,1,20,1
1801824461,derm,1,1,2010,161311,448,0,37,10,1,13,2
1124122312,derm,1,1,2010,162277,449,1,35,9,1,26,2
1720049844,derm,1,1,2010,161166,450,0,61,35,1,12,2
1003940784,derm,1,1,2010,161212,451,0,34,9,0,79,1
1467439729,derm,0,1,2010,161207,451,0,45,21,0,79,1
1659498822,derm,0,1,2010,162222,451,1,43,9,1,79,2
1699706119,derm,1,1,2010,162014,451,1,44,,1,79,1
1619932639,derm,1,1,2010,161374,456,1,40,14,1,5,1
1093725624,derm,0,1,2011,262117,1,0,53,29,1,66,1
1265419550,derm,0,2,2011,58595,1,0,48,13,1,76,3
1831333830,derm,0,1,2011,262117,1,0,44,8,1,66,1
1235358607,derm,0,2,2011,102512,2,0,50,21,1,19,5
1912100199,derm,0,1,2011,263582,2,1,34,6,0,10,2
1023195237,derm,0,1,2011,261133,6,0,56,,1,22,3
1043212616,derm,1,1,2011,264600,6,1,48,21,1,22,3
1225015381,derm,0,1,2011,261133,6,0,44,16,0,22,1
1366457160,derm,0,1,2011,61152,7,1,39,8,1,8,2
1215960653,derm,0,1,2011,322689,11,1,35,8,1,26,1
1528047891,derm,0,1,2011,322689,11,1,42,14,0,26,1
1528068269,derm,0,1,2011,324125,11,0,47,21,0,26,1
1063552412,derm,1,1,2011,323713,12,1,35,8,0,102,2
1063553543,derm,0,1,2011,122356,12,0,35,9,0,102,2
1376506246,derm,0,1,2011,324518,12,0,50,24,1,102,1
1538176912,derm,0,1,2011,63293,12,0,43,16,0,102,2
1578590097,derm,1,3,2011,102683,12,1,46,17,1,175,8
1720071749,derm,1,1,2011,323713,12,1,40,16,1,102,4
1720202211,derm,0,1,2011,102683,12,0,39,12,0,102,4
1841497526,derm,1,1,2011,322608,14,1,38,7,1,32,3
1013927607,derm,0,1,2011,323831,15,1,43,15,1,46,3
1760537815,derm,1,1,2011,323638,15,1,47,20,1,46,3
1356331854,derm,1,1,2011,273294,18,0,38,9,1,2,2
1689659674,derm,0,1,2011,37200,21,0,42,14,1,11,1
1043415961,derm,0,1,2011,134602,23,1,37,10,1,133,2
1477531481,derm,1,1,2011,336657,23,1,40,12,1,133,2
1518972330,derm,0,1,2011,119964,23,1,44,21,1,133,1
1245289420,derm,0,1,2011,116781,25,0,61,36,0,16,3
1770660300,derm,1,2,2011,73850,25,1,33,6,0,107,2
1467403246,derm,0,1,2011,255251,31,0,32,8,0,12,5
1174614218,derm,0,1,2011,271226,33,1,39,13,0,26,4
1245402072,derm,0,1,2011,83172,33,1,39,12,1,26,2
1477737369,derm,1,1,2011,135351,56,0,44,19,0,315,1
1528030996,derm,0,1,2011,340455,56,1,43,11,1,315,2
1700807609,derm,0,1,2011,340551,56,1,39,13,0,315,4
1699796227,derm,0,2,2011,120197,58,0,36,10,0,90,3
1083689129,derm,0,1,2011,99986,65,0,37,13,0,35,2
1316984974,derm,0,1,2011,116981,65,1,63,26,0,35,1
1609873074,derm,0,1,2011,127733,65,0,46,16,1,35,2
1821004847,derm,1,1,2011,333374,65,1,54,26,1,35,3
1972538833,derm,0,1,2011,120814,65,0,41,16,0,35,2
1104885300,derm,0,1,2011,342209,69,0,59,31,1,13,1
1144370974,derm,0,1,2011,342209,69,0,42,10,1,13,1
1184688624,derm,0,1,2011,116917,69,0,39,15,1,13,2
1679593859,derm,0,1,2011,342209,69,0,71,46,1,13,3
1164448502,derm,1,1,2011,270897,77,1,42,17,1,70,1
1245242411,derm,0,1,2011,334540,77,1,41,15,1,70,1
1306866900,derm,1,1,2011,271026,77,1,39,5,1,70,1
1346409067,derm,1,1,2011,270897,77,1,33,5,1,70,3
1740458629,derm,0,1,2011,270731,77,0,35,6,0,70,6
1760568661,derm,1,1,2011,270897,77,0,35,9,0,70,1
1952588592,derm,0,1,2011,121357,77,0,58,34,1,70,4
1972767655,derm,0,1,2011,333793,78,1,35,11,0,13,1
1669605747,derm,0,1,2011,258474,79,0,47,,0,42,1
1023239118,derm,1,1,2011,134113,80,1,34,7,1,144,2
1346351665,derm,0,1,2011,134708,80,0,38,11,1,144,1
1477516706,derm,1,1,2011,134113,80,1,37,9,1,144,1
1821288069,derm,0,1,2011,337155,80,1,34,5,1,144,1
1992754832,derm,0,1,2011,336601,80,0,55,28,0,144,1
1225027709,derm,0,1,2011,12030,81,0,65,37,1,81,3
1942338769,derm,1,1,2011,335619,81,1,33,7,1,81,1
1104834407,derm,1,1,2011,333374,82,0,38,11,0,61,2
1366487993,derm,0,2,2011,123534,82,1,43,19,0,93,4
1518092857,derm,0,1,2011,103638,82,1,58,34,0,61,1
1598737025,derm,1,2,2011,333374,82,1,41,13,1,140,4
1548341050,derm,0,1,2011,291139,83,0,39,13,1,12,2
1649351156,derm,0,1,2011,291139,83,1,41,14,1,12,2
1699932962,derm,1,1,2011,291339,85,0,38,12,1,65,2
1083664049,derm,1,1,2011,342214,86,1,64,26,1,26,1
1619943834,derm,1,1,2011,342214,86,0,55,32,1,26,2
1043273469,derm,0,1,2011,134295,89,0,62,36,1,20,5
1407844285,derm,0,2,2011,134295,89,1,48,11,1,68,4
1629397914,derm,0,1,2011,134295,89,1,35,5,1,20,2
1700925211,derm,0,1,2011,134295,89,0,37,12,0,20,3
1740262302,derm,0,1,2011,114241,89,1,44,18,0,20,4
1780643270,derm,0,1,2011,134295,89,0,40,14,0,20,2
1134121189,derm,0,1,2011,317346,102,1,46,20,0,22,1
1871523886,derm,1,3,2011,316385,102,1,38,12,1,121,7
1053481382,derm,0,1,2011,317861,103,0,40,15,1,84,1
1588625511,derm,0,1,2011,120822,103,1,41,14,1,84,2
1609950492,derm,1,1,2011,147430,103,1,46,20,1,84,1
1902878861,derm,0,2,2011,317861,103,1,55,25,1,166,3
1972506160,derm,0,1,2011,2140,103,0,42,16,1,84,2
1205813839,derm,1,1,2011,293199,104,0,47,22,1,11,3
1326049016,derm,1,1,2011,293199,104,1,37,10,1,11,3
1952367880,derm,1,1,2011,293199,104,0,42,12,1,11,2
1285662957,derm,0,2,2011,316403,105,0,40,9,1,57,4
1376685222,derm,0,1,2011,283999,105,0,58,31,1,14,2
1922132075,derm,0,1,2011,316407,105,0,37,7,1,14,3
1225011554,derm,0,2,2011,327705,106,0,46,20,1,69,3
1457573586,derm,0,2,2011,11689,109,0,37,4,0,110,3
1467516161,derm,0,1,2011,16332,109,0,61,,1,40,2
1518100072,derm,0,1,2011,15802,109,0,51,5,1,40,1
1780884569,derm,0,1,2011,16941,110,0,42,7,1,55,2
1386639268,derm,1,3,2011,65500,111,1,38,13,1,256,7
1396724134,derm,0,1,2011,113226,111,0,55,28,1,63,3
1447275607,derm,0,1,2011,16150,111,1,43,17,1,63,4
1518945351,derm,0,1,2011,113226,111,0,47,13,1,63,2
1932130168,derm,0,1,2011,16150,111,0,37,13,1,63,1
1881806578,derm,0,1,2011,217717,113,1,34,8,1,136,1
1902808835,derm,0,1,2011,217717,113,1,40,16,0,136,2
1902964901,derm,0,1,2011,217717,113,1,61,32,1,136,2
1417034810,derm,0,1,2011,247490,115,1,61,28,1,10,1
1952301699,derm,0,1,2011,285674,116,0,50,24,1,18,1
1013099761,derm,0,1,2011,266059,118,1,44,13,1,182,5
1053580191,derm,0,1,2011,119196,118,0,35,5,1,182,2
1114989605,derm,1,1,2011,2262,118,0,45,20,0,182,1
1164448718,derm,0,2,2011,93095,118,1,58,31,1,193,3
1033100342,derm,0,1,2011,137165,119,0,46,21,1,57,3
1124077805,derm,0,1,2011,252297,119,0,47,22,0,57,1
1255311064,derm,0,1,2011,59989,119,0,74,48,1,57,3
1275735367,derm,0,1,2011,111155,119,0,31,5,0,57,4
1437176005,derm,0,1,2011,118719,119,0,50,12,1,57,1
1639127996,derm,0,1,2011,117555,119,0,42,8,1,57,2
1649223470,derm,0,1,2011,137165,119,0,45,15,1,57,2
1700804135,derm,0,1,2011,266127,119,1,38,9,1,57,2
1922055375,derm,0,1,2011,137165,119,0,64,36,1,57,5
1164503587,derm,1,1,2011,247871,120,0,53,22,1,19,4
1831157668,derm,1,1,2011,247871,120,0,57,30,0,19,1
1538163332,derm,0,1,2011,117917,122,1,34,8,1,13,1
1598714479,derm,0,1,2011,1393,123,0,57,22,1,53,1
1649387887,derm,0,1,2011,39666,123,1,38,7,1,53,2
1891901674,derm,0,1,2011,116043,123,1,32,5,1,53,1
1871518381,derm,0,1,2011,5030,124,1,45,21,1,18,1
1083729677,derm,0,1,2011,267872,127,0,66,41,0,142,4
1740270370,derm,0,1,2011,267187,127,0,48,13,1,142,1
1265438105,derm,0,1,2011,251125,130,0,60,28,0,90,1
1376573295,derm,0,1,2011,248250,130,0,42,18,0,90,1
1427015775,derm,0,1,2011,57218,130,1,51,11,1,90,1
1477552917,derm,0,1,2011,340642,130,0,42,13,1,90,1
1669421418,derm,0,1,2011,251285,130,0,54,30,1,90,4
1730207317,derm,0,2,2011,311492,130,1,34,8,0,197,2
1932186558,derm,0,1,2011,118044,130,0,48,14,1,90,2
1164532925,derm,0,1,2011,49391,131,0,50,24,1,12,4
1851484174,derm,0,1,2011,311225,131,1,39,11,1,12,1
1730220070,derm,0,1,2011,117778,133,0,29,6,1,2,1
1154562593,derm,0,1,2011,247152,134,0,42,10,1,21,4
1154582047,derm,0,1,2011,18211,134,1,38,7,1,21,1
1326046244,derm,0,1,2011,247152,134,0,43,13,1,21,1
1932283389,derm,0,1,2011,31608,134,0,66,40,1,21,1
1285691055,derm,0,1,2011,110522,137,1,56,33,1,42,1
1336133842,derm,1,1,2011,265893,137,1,38,14,1,42,2
1376626697,derm,0,1,2011,55866,137,0,54,28,1,42,3
1437259116,derm,0,2,2011,55866,137,1,41,15,1,68,3
1447249172,derm,0,1,2011,247212,137,0,55,29,1,42,1
1558451849,derm,0,1,2011,55866,137,0,41,15,1,42,3
1619928231,derm,1,1,2011,266661,137,1,45,18,1,42,3
1740260819,derm,0,1,2011,118464,137,0,44,12,1,42,1
1811956683,derm,1,1,2011,265893,137,1,45,16,1,42,1
1922186485,derm,0,1,2011,267003,137,1,54,27,0,42,5
1952364804,derm,0,1,2011,247286,137,1,48,19,1,42,1
1649495276,derm,0,1,2011,7231,139,0,39,10,0,22,1
1669683090,derm,0,1,2011,7231,139,0,35,7,1,22,1
1174524052,derm,0,3,2011,54133,141,0,58,31,1,120,9
1174728653,derm,0,1,2011,252943,141,0,33,7,1,57,1
1275764169,derm,0,1,2011,249801,141,1,39,13,0,57,1
1487825964,derm,0,1,2011,252947,141,1,48,,,57,1
1659359420,derm,0,1,2011,118597,141,0,42,15,0,57,2
1659497303,derm,0,2,2011,121195,141,0,44,10,1,79,4
1760653125,derm,0,1,2011,261013,141,0,31,6,0,57,1
1962475384,derm,1,1,2011,251085,141,1,37,10,0,57,3
1124299177,derm,0,1,2011,243051,144,0,56,28,0,195,1
1205092921,derm,0,1,2011,59559,144,0,45,6,0,195,1
1285702936,derm,0,1,2011,121888,144,0,44,11,1,195,2
1588815674,derm,1,1,2011,241239,144,0,37,11,1,195,3
1649224114,derm,0,1,2011,241181,144,1,49,25,1,195,1
1770531949,derm,0,1,2011,247871,144,0,60,34,1,195,1
1770588196,derm,0,1,2011,242134,144,1,36,12,0,195,2
1770594475,derm,0,2,2011,231198,144,1,37,10,1,238,2
1821284126,derm,0,1,2011,98097,144,1,45,21,1,195,1
1831147578,derm,0,1,2011,119335,144,1,43,16,1,195,1
1891756565,derm,1,1,2011,241061,144,1,53,21,1,195,1
1588790794,derm,0,1,2011,116376,145,1,48,24,1,20,1
1104930874,derm,0,1,2011,95867,146,1,39,14,1,6,1
1659385979,derm,0,1,2011,120124,146,1,40,13,1,6,2
1952301939,derm,0,1,2011,236676,149,0,44,19,1,19,1
1982650883,derm,0,1,2011,242897,149,1,46,18,1,19,2
1497842827,derm,0,1,2011,342779,150,1,35,6,,42,1
1730113929,derm,1,1,2011,331353,150,0,40,11,1,42,3
1245206648,derm,1,2,2011,58920,151,0,42,15,1,37,2
1437198884,derm,0,1,2011,302804,151,1,46,19,1,22,2
1891705182,derm,0,1,2011,149522,154,0,44,19,0,7,1
1558345165,derm,0,1,2011,145950,155,1,57,31,1,22,1
1316904279,derm,0,1,2011,116722,156,0,47,22,0,88,2
1811063761,derm,0,1,2011,328294,156,0,44,22,0,88,1
1588681431,derm,0,2,2011,145793,161,1,44,8,0,91,2
1871511196,derm,0,1,2011,147912,161,0,59,33,1,72,1
1104096940,derm,0,1,2011,148563,164,1,37,11,0,14,2
1487609772,derm,0,1,2011,115162,164,0,40,12,0,14,3
1144343161,derm,1,2,2011,147089,166,1,33,7,1,66,7
1114991163,derm,0,1,2011,152062,170,0,62,20,1,9,1
1982642740,derm,0,1,2011,152062,170,1,36,8,0,9,1
1124052030,derm,1,1,2011,152081,172,0,41,14,1,22,3
1154370385,derm,0,1,2011,154268,172,1,53,20,1,22,1
1639390388,derm,1,1,2011,149305,172,0,35,11,0,22,1
1215948146,derm,1,1,2011,152112,173,0,48,25,0,6,1
1558359240,derm,1,1,2011,152112,173,1,54,29,1,6,1
1083673594,derm,0,1,2011,142835,183,0,38,10,0,81,2
1386816403,derm,0,1,2011,142149,183,0,37,6,1,81,1
1548286206,derm,0,2,2011,143660,183,0,44,18,1,139,6
1831105808,derm,1,2,2011,142759,183,0,39,11,1,90,3
1891714937,derm,0,1,2011,102012,183,0,45,13,1,81,2
1376591958,derm,0,1,2011,143011,186,0,43,16,0,10,4
1053303479,derm,0,1,2011,141866,187,0,36,9,1,8,1
1306057724,derm,1,1,2011,141839,187,1,32,5,1,8,1
1326000290,derm,1,1,2011,167080,192,1,59,33,1,21,3
1316965239,derm,0,1,2011,166849,194,0,49,22,1,16,1
1720055049,derm,0,2,2011,168268,194,1,66,7,1,94,3
1770725202,derm,0,1,2011,166849,194,0,31,4,1,16,1
1255383881,derm,0,2,2011,131964,204,1,34,8,1,91,4
1659320885,derm,0,1,2011,256813,204,0,67,30,0,36,1
1912959248,derm,1,1,2011,256560,204,0,49,22,1,36,2
1740248806,derm,0,1,2011,256607,205,0,49,23,1,67,2
1922211556,derm,0,1,2011,256034,205,0,34,6,1,67,1
1740434307,derm,0,1,2011,255566,208,1,31,5,1,8,1
1184880379,derm,0,2,2011,288631,209,1,34,10,1,210,3
1487823506,derm,0,1,2011,6533,210,0,35,6,1,28,1
1396934428,derm,0,1,2011,117976,216,0,45,22,0,32,2
1003819152,derm,1,1,2011,274021,218,1,58,14,1,26,1
1427014612,derm,1,1,2011,274021,218,0,73,47,1,26,1
1508814203,derm,1,1,2011,274021,218,0,62,33,1,26,1
1528090198,derm,1,1,2011,274021,218,1,54,29,0,26,1
1730179839,derm,1,1,2011,274021,218,0,37,10,1,26,2
1851347710,derm,1,1,2011,274021,218,0,52,25,1,26,1
1952359028,derm,1,1,2011,274021,218,0,40,14,1,26,1
1386665479,derm,0,1,2011,1078,222,1,33,9,1,25,1
1770757692,derm,0,1,2011,3588,222,0,34,5,1,25,1
1841383940,derm,0,1,2011,566,222,1,49,27,1,25,1
1255367025,derm,0,1,2011,161238,223,0,39,9,1,102,1
1386649390,derm,0,1,2011,48886,225,0,52,22,1,9,1
1063474989,derm,0,1,2011,10549,227,1,59,33,1,313,1
1093912172,derm,0,1,2011,226873,227,0,36,12,0,313,1
1215933965,derm,0,1,2011,116098,227,1,42,13,0,313,2
1407046592,derm,0,1,2011,9259,227,1,42,19,0,313,1
1407924947,derm,0,1,2011,9103,227,1,45,22,1,313,1
1588666358,derm,0,1,2011,10346,227,1,58,19,1,313,3
1659318459,derm,0,1,2011,58814,227,0,62,30,1,313,2
1700988078,derm,0,1,2011,118578,227,0,45,19,0,313,2
1760565873,derm,0,1,2011,118578,227,0,33,5,1,313,2
1831160860,derm,0,1,2011,10235,227,1,59,12,1,313,1
1053467951,derm,0,1,2011,9371,230,0,47,16,0,23,1
1386663243,derm,0,1,2011,8793,230,0,52,25,0,23,2
1861408452,derm,1,1,2011,8482,231,1,43,17,0,28,2
1568636629,derm,0,1,2011,127189,233,0,39,12,1,12,2
1699861088,derm,0,2,2011,119871,234,0,53,27,1,89,8
1972578854,derm,0,2,2011,157393,234,0,70,44,1,89,2
1841290970,derm,0,1,2011,157393,235,0,44,16,1,11,2
1750459285,derm,1,1,2011,117798,236,0,54,28,1,19,1
1073603791,derm,0,1,2011,157933,238,1,37,11,1,7,2
1700816204,derm,0,1,2011,154652,239,0,75,,,12,2
1912189895,derm,1,1,2011,160951,239,1,34,6,1,12,1
1841396710,derm,0,1,2011,154595,240,1,37,13,0,3,1
1114982659,derm,0,1,2011,158932,244,1,45,19,0,20,2
1154314136,derm,0,1,2011,257753,244,1,46,22,1,20,2
1215917760,derm,0,1,2011,158932,244,0,49,23,1,20,2
1255391397,derm,0,1,2011,158932,244,1,49,23,1,20,4
1295764017,derm,0,1,2011,82155,244,1,37,14,0,20,1
1336119437,derm,0,1,2011,158932,244,1,48,38,1,20,6
1336203603,derm,0,1,2011,158932,244,0,46,14,0,20,5
1386642056,derm,0,1,2011,158932,244,1,50,24,1,20,3
1386852952,derm,0,1,2011,82155,244,1,35,12,1,20,1
1437112166,derm,0,1,2011,158932,244,0,52,26,1,20,2
1750351920,derm,0,1,2011,158932,244,0,59,33,1,20,2
1831152560,derm,0,1,2011,158932,244,0,54,26,1,20,2
1841272275,derm,0,1,2011,158932,244,0,61,34,1,20,2
1861456071,derm,0,1,2011,158932,244,0,55,23,1,20,3
1932163276,derm,0,1,2011,158932,244,0,57,30,1,20,2
1942279260,derm,0,1,2011,158932,244,0,48,16,1,20,2
1497763700,derm,0,1,2011,164699,251,0,46,21,0,119,1
1932171188,derm,1,1,2011,164180,251,1,42,11,0,119,1
1902003882,derm,1,1,2011,166294,253,1,31,4,1,50,3
1780664631,derm,1,1,2011,164759,254,1,42,16,0,6,1
1831176460,derm,1,1,2011,263696,258,1,48,9,1,9,1
1437213345,derm,0,2,2011,261942,260,0,76,49,1,10,2
1275582058,derm,1,2,2011,170661,263,0,55,32,1,7,2
1891714531,derm,0,1,2011,170474,263,0,56,27,1,3,2
1003882200,derm,0,1,2011,172252,264,0,53,30,1,27,1
1356446983,derm,0,1,2011,45163,264,1,38,7,1,27,3
1720046881,derm,1,1,2011,327633,264,0,41,12,1,27,1
1750572111,derm,1,1,2011,327633,264,1,31,8,0,27,2
1043310121,derm,0,1,2011,169975,267,1,39,12,1,2,1
1336201896,derm,1,1,2011,212099,268,1,51,25,1,55,3
1639369960,derm,0,1,2011,172245,268,0,36,12,0,55,1
1902876568,derm,0,1,2011,168620,268,1,35,10,1,55,1
1538159421,derm,0,1,2011,224934,270,0,37,9,1,19,1
1710980206,derm,0,1,2011,323974,270,0,47,17,1,19,4
1992764252,derm,0,1,2011,119293,270,0,62,36,1,19,1
1013973213,derm,0,1,2011,276182,273,0,35,11,0,112,1
1447216239,derm,0,1,2011,149358,273,0,46,21,0,112,1
1467414268,derm,0,1,2011,67088,273,1,36,10,1,112,2
1992797880,derm,0,1,2011,169994,273,1,37,11,1,112,6
1043269897,derm,0,1,2011,294470,274,0,35,8,1,18,1
1689891806,derm,1,1,2011,294468,274,1,34,7,1,18,3
1841220431,derm,0,1,2011,294479,276,0,49,22,1,10,2
1891803896,derm,0,1,2011,53836,277,0,45,18,1,11,3
1497834394,derm,0,1,2011,199873,278,0,53,27,1,22,3
1609816016,derm,0,1,2011,199878,278,1,50,12,1,22,1
1669404422,derm,0,1,2011,6065,281,0,40,9,1,16,2
1235248899,derm,0,1,2011,78799,282,0,37,7,1,33,1
1326029380,derm,0,1,2011,3940,282,1,41,14,1,33,2
1336319821,derm,0,1,2011,3952,282,1,47,,1,33,1
1710976105,derm,1,1,2011,78647,282,0,58,32,1,33,2
1215998364,derm,0,2,2011,82707,283,0,42,15,1,226,2
1386767697,derm,0,1,2011,79971,283,0,52,25,0,100,1
1881675007,derm,0,1,2011,119520,283,0,63,41,1,100,6
1912110636,derm,0,1,2011,114272,283,0,60,31,1,100,9
1265437339,derm,0,1,2011,62148,284,1,46,20,0,66,2
1477726370,derm,0,1,2011,60864,284,0,40,17,1,66,2
1659323970,derm,0,1,2011,78583,284,0,56,31,1,66,2
1780629931,derm,0,2,2011,74538,285,1,46,23,0,126,5
1639331804,derm,0,1,2011,122649,291,0,33,4,1,11,1
1043360035,derm,1,2,2011,64475,293,0,48,20,1,67,2
1154394799,derm,1,1,2011,64475,293,0,43,16,0,44,1
1518956523,derm,0,1,2011,321314,293,1,35,9,1,44,2
1598702169,derm,0,1,2011,321313,293,1,44,14,0,44,3
1639264807,derm,0,1,2011,44785,293,1,38,11,1,44,2
1700947744,derm,1,1,2011,64475,293,0,53,26,0,44,3
1619060829,derm,1,1,2011,38235,295,1,56,28,1,41,1
1306877972,derm,1,1,2011,33412,297,0,39,13,0,28,1
1275695793,derm,1,1,2011,49551,300,1,36,9,1,3,1
1346405610,derm,1,1,2011,29196,301,1,33,7,1,232,1
1316940489,derm,0,1,2011,111089,303,0,50,24,1,331,2
1982640108,derm,0,2,2011,80779,303,1,35,8,1,666,7
1902910482,derm,0,1,2011,42637,304,0,31,5,1,40,1
1467666883,derm,1,2,2011,35818,308,1,33,6,0,144,5
1053480962,derm,0,1,2011,229417,309,0,40,15,0,26,3
1154388866,derm,0,1,2011,232126,309,0,46,18,1,26,1
1417996331,derm,0,1,2011,229453,309,0,33,7,1,26,2
1659456564,derm,0,1,2011,229493,309,1,44,11,1,26,1
1790759132,derm,0,1,2011,104100,309,1,48,17,1,26,1
1053371716,derm,0,3,2011,229451,311,1,51,24,1,132,4
1154396778,derm,0,1,2011,231320,311,1,39,11,1,76,1
1326253162,derm,1,1,2011,232664,311,1,33,7,1,76,4
1356332779,derm,0,1,2011,236557,311,1,49,9,1,76,2
1497705222,derm,0,1,2011,69790,311,1,48,7,1,76,1
1801913264,derm,0,1,2011,236436,311,1,36,10,0,76,1
1831265404,derm,1,2,2011,240246,311,0,61,32,1,259,4
1992770515,derm,0,1,2011,231320,311,0,35,9,1,76,1
1083776025,derm,1,1,2011,230929,312,1,39,8,1,61,2
1467566133,derm,0,1,2011,231350,312,1,40,14,1,61,1
1508028325,derm,1,1,2011,230929,312,1,32,4,1,61,2
1699864488,derm,0,1,2011,229393,312,1,36,9,0,61,2
1871631341,derm,0,1,2011,231350,312,1,46,23,0,61,2
1972559896,derm,0,1,2011,231350,312,1,36,15,1,61,4
1124219563,derm,1,2,2011,231288,314,0,36,6,1,221,7
1407910433,derm,1,1,2011,234822,314,0,57,31,1,18,2
1609911270,derm,1,1,2011,234822,314,0,36,8,1,18,1
1639195019,derm,0,1,2011,122894,314,0,45,20,0,18,1
1811977077,derm,1,1,2011,230110,314,1,49,19,1,18,1
1013000173,derm,0,1,2011,231350,318,0,37,11,0,43,1
1063629392,derm,0,1,2011,232521,318,0,37,6,1,43,1
1588872964,derm,0,1,2011,123331,318,0,34,6,1,43,2
1760535967,derm,0,1,2011,113182,318,0,34,7,0,43,3
1356532659,derm,0,1,2011,229861,319,1,59,9,1,19,5
1598853939,derm,0,1,2011,238009,319,0,47,14,1,19,1
1639240617,derm,0,1,2011,229861,319,0,64,38,1,19,11
1861406423,derm,0,1,2011,67722,319,1,37,8,1,19,7
1649214545,derm,1,1,2011,82968,320,1,40,15,1,42,2
1811015704,derm,1,1,2011,82968,320,1,33,7,1,42,1
1962407254,derm,1,1,2011,229575,320,0,52,13,1,42,4
1164581625,derm,1,1,2011,330446,322,1,34,12,0,10,2
1417068628,derm,0,1,2011,30290,322,0,53,25,1,10,1
1962529446,derm,1,1,2011,330446,322,1,35,7,1,10,2
1023130499,derm,0,1,2011,95581,327,0,36,6,1,49,1
1588666978,derm,1,2,2011,57734,327,0,53,27,1,65,10
1063689107,derm,1,1,2011,138202,328,0,32,6,1,112,3
1134230501,derm,0,1,2011,139615,328,1,37,11,1,112,1
1366641573,derm,1,2,2011,140070,328,0,42,8,0,124,3
1437309713,derm,0,1,2011,139615,328,0,32,6,0,112,2
1447401062,derm,0,1,2011,139615,328,1,32,8,0,112,1
1619967742,derm,0,1,2011,100167,328,0,43,11,1,112,3
1720113129,derm,1,1,2011,138202,328,1,31,5,1,112,4
1457559692,derm,1,1,2011,130398,329,0,37,6,1,81,4
1700010972,derm,0,1,2011,130263,329,1,36,11,0,81,3
1053316489,derm,0,1,2011,140764,330,1,49,23,1,13,2
1346230083,derm,0,2,2011,138401,330,0,44,11,1,15,2
1770683658,derm,1,2,2011,140056,335,0,39,11,1,21,3
1467454769,derm,0,1,2011,277178,336,0,69,37,1,2,2
1013955400,derm,1,1,2011,277333,339,0,46,19,1,36,2
1548499429,derm,0,1,2011,277056,340,1,34,9,1,30,3
1124088687,derm,1,1,2011,272205,341,0,56,30,1,9,3
1447271986,derm,0,1,2011,116268,341,0,43,16,1,9,2
1851497184,derm,0,1,2011,54946,341,0,52,26,1,9,1
1275519175,derm,1,1,2011,332454,342,1,41,13,0,18,1
1477583722,derm,1,1,2011,121533,342,0,37,10,1,18,1
1508841974,derm,1,1,2011,332454,342,0,37,10,1,18,1
1912989799,derm,0,1,2011,333136,343,1,51,10,1,13,2
1033129564,derm,1,1,2011,332672,344,1,61,34,,76,1
1386644417,derm,0,1,2011,331919,344,0,43,15,1,76,2
1568446128,derm,1,2,2011,331919,344,1,53,18,0,218,3
1043242001,derm,0,1,2011,331944,345,0,35,8,1,9,1
1164406336,derm,0,1,2011,332264,345,1,53,20,1,9,2
1104077197,derm,1,1,2011,87798,350,1,32,5,1,27,1
1336391721,derm,0,1,2011,44187,351,1,32,8,0,11,1
1841253119,derm,0,1,2011,90134,352,0,58,29,1,31,3
1295980969,derm,0,2,2011,86304,355,0,31,7,0,119,3
1518173558,derm,0,1,2011,87151,355,1,31,8,0,13,2
1871554873,derm,0,1,2011,110118,355,0,67,38,1,13,2
1255302246,derm,0,1,2011,83971,356,0,44,10,1,210,2
1528145208,derm,0,1,2011,69938,356,0,44,11,0,210,1
1740246107,derm,0,1,2011,130833,357,1,58,20,1,72,1
1760456214,derm,0,1,2011,118257,359,0,40,11,0,4,1
1457509200,derm,0,1,2011,327714,365,1,32,5,0,33,1
1538183884,derm,0,1,2011,238009,365,0,44,18,1,33,3
1619084308,derm,0,1,2011,121797,365,1,41,12,1,33,1
1134235336,derm,0,1,2011,327295,366,1,37,11,0,28,1
1790768992,derm,0,1,2011,236072,366,0,41,16,1,28,2
1235227935,derm,0,1,2011,37017,368,1,31,5,1,29,1
1508052275,derm,0,1,2011,235640,368,0,31,7,0,29,1
1740247279,derm,1,2,2011,236487,368,0,56,31,1,54,2
1154527679,derm,0,1,2011,64224,369,1,37,9,0,6,2
1811998271,derm,0,1,2011,101993,369,0,42,19,1,6,3
1699722629,derm,1,1,2011,184611,370,1,40,11,1,11,2
1033104047,derm,0,2,2011,53187,375,1,42,15,1,122,2
1134136351,derm,0,1,2011,230786,375,0,51,22,1,13,5
1659374601,derm,0,1,2011,259708,376,1,42,16,1,11,4
1700965035,derm,0,1,2011,260149,376,1,43,15,1,11,2
1740372267,derm,0,1,2011,259708,376,0,36,10,1,11,2
1275793341,derm,0,1,2011,130939,377,1,35,11,0,29,2
1356348411,derm,0,1,2011,260269,377,0,44,14,0,29,2
1336121318,derm,0,1,2011,260072,379,1,42,17,1,35,1
1083622575,derm,0,1,2011,6934,380,0,47,15,1,68,3
1245228287,derm,0,1,2011,258602,380,0,53,14,1,68,1
1285603316,derm,0,1,2011,260049,380,1,42,14,1,68,1
1497975809,derm,0,2,2011,260530,380,1,33,8,0,181,2
1790708097,derm,0,1,2011,63336,380,0,50,23,1,68,2
1881642791,derm,0,1,2011,115604,380,0,57,31,1,68,3
1932190360,derm,0,1,2011,260558,380,0,36,9,1,68,1
1578525382,derm,0,1,2011,285257,382,0,39,12,1,5,2
1851595698,derm,0,1,2011,293720,382,0,43,20,1,5,1
1700822004,derm,0,1,2011,284282,383,1,38,12,1,9,2
1114952744,derm,0,1,2011,107623,385,1,47,22,1,67,2
1427048149,derm,1,1,2011,281098,385,1,38,12,1,67,2
1437304243,derm,1,1,2011,279278,385,0,32,5,1,67,1
1508895996,derm,1,1,2011,279278,385,0,38,11,1,67,1
1558378893,derm,0,1,2011,280598,385,0,43,14,1,67,4
1558567750,derm,0,1,2011,280867,385,1,35,10,0,67,2
1134270309,derm,0,1,2011,288755,386,0,49,24,0,9,2
1043291321,derm,1,1,2011,285000,391,1,39,15,1,133,1
1144313982,derm,0,1,2011,272049,391,1,60,,1,133,1
1174528061,derm,0,1,2011,282879,391,1,54,14,0,133,1
1386670313,derm,0,1,2011,285236,391,1,33,6,1,133,1
1457491227,derm,1,1,2011,285000,391,1,36,8,1,133,2
1851345391,derm,0,1,2011,330839,391,1,43,16,1,133,3
1922194992,derm,0,1,2011,118669,391,0,42,17,0,133,1
1285631580,derm,0,1,2011,321318,393,0,58,32,1,12,2
1457381394,derm,0,1,2011,70591,393,0,34,8,1,12,2
1508923848,derm,0,1,2011,287760,394,0,47,19,1,56,2
1649300351,derm,0,1,2011,282818,394,0,43,12,1,56,1
1841496262,derm,0,1,2011,287760,394,1,40,14,1,56,1
1871770891,derm,0,2,2011,285712,394,1,33,6,1,88,4
1063677672,derm,0,1,2011,115378,397,0,39,14,0,175,1
1124031281,derm,1,1,2011,278684,397,1,39,13,0,175,1
1255317079,derm,0,1,2011,58163,397,1,35,9,1,175,1
1275586778,derm,0,1,2011,68413,397,1,37,9,0,175,5
1487867669,derm,1,1,2011,278684,397,0,35,10,0,175,4
1518073121,derm,0,1,2011,176055,397,0,47,18,1,175,2
1639170202,derm,1,1,2011,287789,397,1,39,13,1,175,1
1780763623,derm,0,1,2011,280578,397,0,87,,1,175,2
1801839170,derm,0,1,2011,284435,406,0,51,21,0,6,1
1922040245,derm,1,2,2011,278529,412,0,45,13,0,137,7
1942205919,derm,0,1,2011,117586,412,1,56,28,1,79,8
1275578825,derm,1,1,2011,281570,413,0,42,17,0,16,1
1376564153,derm,1,1,2011,281570,413,0,39,13,0,16,1
1669654133,derm,1,1,2011,281570,413,1,31,7,0,16,1
1154326544,derm,0,1,2011,285243,416,0,38,12,1,16,1
1235219270,derm,0,2,2011,285094,416,0,60,36,0,75,17
1922273176,derm,0,1,2011,173691,417,0,34,11,0,3,2
1518999275,derm,1,1,2011,325164,421,0,46,15,1,13,11
1033320791,derm,1,1,2011,325172,422,0,36,5,1,29,1
1083824940,derm,0,1,2011,48606,423,1,48,10,1,66,1
1245240753,derm,0,1,2011,78702,424,1,37,8,1,18,1
1104833904,derm,0,1,2011,132893,426,0,57,33,1,81,1
1144388794,derm,0,1,2011,121380,426,0,40,8,0,81,5
1265513238,derm,1,1,2011,59011,426,0,35,9,1,81,1
1659433563,derm,0,1,2011,56993,426,1,37,,1,81,1
1720011224,derm,0,1,2011,217325,426,1,49,21,0,81,4
1043206295,derm,1,2,2011,221676,427,0,55,30,1,50,4
1609973627,derm,0,1,2011,221676,427,0,38,10,1,31,1
1649223181,derm,0,1,2011,94824,427,0,34,8,1,31,5
1649234048,derm,0,1,2011,221676,427,1,57,33,1,31,1
1144281122,derm,0,1,2011,48178,430,0,45,12,1,44,2
1992734370,derm,0,1,2011,332672,430,1,40,13,1,44,1
1114095072,derm,0,1,2011,129451,431,0,35,6,1,48,1
1225228869,derm,0,2,2011,223444,431,1,39,11,0,182,2
1508838731,derm,0,1,2011,293447,431,1,51,26,0,48,1
1982670360,derm,0,1,2011,293515,431,0,45,12,1,48,1
1164432381,derm,1,1,2011,17977,432,1,55,17,1,11,1
1609083807,derm,1,1,2011,221677,432,1,33,5,1,11,1
1295869543,derm,0,1,2011,222859,435,1,35,7,1,6,1
1063525228,derm,0,1,2011,330410,439,0,35,8,1,130,1
1215964614,derm,1,1,2011,328893,439,0,40,10,1,130,2
1417903824,derm,1,1,2011,232758,439,1,33,8,1,130,1
1417943218,derm,0,1,2011,120808,439,0,55,28,1,130,2
1427187673,derm,0,2,2011,330410,439,0,34,8,1,185,3
1528068483,derm,1,1,2011,329994,439,0,50,16,0,130,2
1760408850,derm,1,1,2011,328896,439,1,49,19,1,130,2
1760421085,derm,0,1,2011,164415,439,0,44,13,1,130,1
1801821707,derm,0,1,2011,113635,439,0,52,,,130,3
1861487084,derm,1,1,2011,328896,439,0,59,35,1,130,1
1922193069,derm,1,1,2011,328896,439,0,55,24,1,130,1
1992756860,derm,0,1,2011,113635,439,1,39,12,1,130,1
1326073081,derm,1,1,2011,329700,440,0,40,14,1,37,1
1467624155,derm,1,2,2011,329700,440,1,56,29,1,71,3
1518925106,derm,0,1,2011,329696,441,1,51,19,1,15,2
1518184217,derm,0,2,2011,255527,444,0,35,9,1,165,2
1497702039,derm,1,2,2011,226157,445,1,37,11,0,67,2
1124071865,derm,1,1,2011,161245,449,0,41,16,1,31,1
1417022799,derm,1,2,2011,936,449,1,34,5,1,67,4
1720170210,derm,0,1,2011,242911,449,1,59,28,1,31,1
1891740379,derm,0,1,2011,162315,450,0,53,13,1,11,1
1043211451,derm,1,2,2011,161212,451,1,39,12,0,113,3
1295737823,derm,1,1,2011,162014,451,1,55,30,1,81,1
1396902219,derm,0,1,2011,161542,451,1,31,4,1,81,1
1700815115,derm,0,1,2011,161811,452,1,38,12,1,6,1
1063510659,derm,0,1,2011,310872,457,1,36,10,0,2,1
1134341019,derm,0,1,2012,287133,1,1,34,7,1,67,1
1386891760,derm,0,1,2012,276092,1,1,32,4,1,67,1
1629267141,derm,0,1,2012,60114,1,0,50,8,1,67,2
1942404504,derm,0,1,2012,123933,1,0,35,9,1,67,2
1437335999,derm,0,1,2012,261768,2,1,34,10,0,10,6
1821039660,derm,0,1,2012,119505,2,0,44,13,1,10,1
1952397440,derm,0,1,2012,262116,2,0,56,29,1,10,1
1013964261,derm,0,1,2012,122105,5,1,39,11,0,13,2
1730292939,derm,0,1,2012,262117,6,0,56,29,1,22,2
1407860380,derm,0,1,2012,262939,7,0,49,22,1,8,2
1528268703,derm,0,1,2012,263581,7,0,35,5,1,8,4
1144467309,derm,0,1,2012,262117,9,1,48,24,1,9,1
1780696401,derm,0,1,2012,331553,10,1,50,27,1,9,1
1023000486,derm,0,1,2012,175548,11,1,48,21,1,28,1
1184822348,derm,0,1,2012,323878,11,1,33,3,1,28,1
1306070750,derm,0,1,2012,121233,11,1,48,24,1,28,1
1487604740,derm,0,1,2012,71206,11,0,59,34,1,28,2
1588878508,derm,0,1,2012,330556,11,0,35,10,0,28,2
1679754592,derm,0,1,2012,328274,11,1,33,6,1,28,1
1780631044,derm,0,1,2012,328274,11,0,42,15,1,28,1
1851345334,derm,0,2,2012,328274,11,0,45,14,0,58,11
1003877085,derm,0,1,2012,104760,12,0,52,26,1,109,7
1144264524,derm,0,1,2012,342496,12,1,64,14,1,109,4
1356456552,derm,0,1,2012,49131,12,1,39,9,1,109,4
1497798714,derm,0,1,2012,49823,12,0,46,16,1,109,1
1700867876,derm,0,1,2012,180687,12,1,63,29,1,109,1
1730164088,derm,0,1,2012,148152,12,1,63,33,1,109,1
1801856554,derm,0,1,2012,335067,12,1,50,25,0,109,2
1871544122,derm,0,1,2012,324518,12,0,35,6,1,109,3
1568452357,derm,0,1,2012,322689,14,1,40,16,1,29,1
1114066131,derm,0,1,2012,323831,15,1,33,7,1,47,3
1194745133,derm,0,1,2012,64063,15,0,46,19,1,47,1
1306817721,derm,1,1,2012,335116,15,1,48,16,1,47,2
1427026319,derm,0,1,2012,323831,15,0,57,31,1,47,1
1730101395,derm,0,1,2012,323032,15,0,65,35,1,47,8
1912089624,derm,0,1,2012,50759,15,1,50,18,1,47,3
1003893330,derm,0,1,2012,273031,19,0,60,30,1,45,1
1154321032,derm,1,1,2012,274010,19,1,43,16,1,45,6
1265539720,derm,1,1,2012,274010,19,1,60,29,1,45,1
1891772786,derm,0,1,2012,94179,19,0,66,14,1,45,1
1164591947,derm,0,1,2012,272766,21,0,47,24,1,11,2
1497841530,derm,0,1,2012,273249,21,0,35,8,0,11,2
1063410637,derm,0,1,2012,288631,22,0,65,41,0,5,1
1104067925,derm,0,1,2012,177201,23,0,54,30,0,146,1
1306028907,derm,0,1,2012,104537,23,0,40,8,0,146,2
1770550246,derm,1,1,2012,134295,23,1,39,15,0,146,6
1780648725,derm,1,1,2012,134295,23,1,45,15,1,146,1
1811145113,derm,1,1,2012,332819,23,1,43,18,0,146,1
1881649853,derm,0,1,2012,57635,23,0,42,18,1,146,2
1467460022,derm,0,1,2012,271294,33,1,41,15,1,31,2
1205982220,derm,0,1,2012,333622,43,1,48,16,0,17,2
1902890320,derm,0,3,2012,335838,43,1,58,35,0,43,8
1124227772,derm,1,1,2012,134519,56,0,49,25,1,327,1
1164415071,derm,1,1,2012,340810,56,1,58,33,1,327,1
1932393022,derm,1,1,2012,340810,56,1,62,28,1,327,2
1487842894,derm,0,1,2012,270897,58,1,35,10,1,14,1
1609045954,derm,0,1,2012,333784,58,1,48,5,1,14,2
1285603621,derm,0,1,2012,271219,62,0,56,30,1,11,2
1326102708,derm,0,1,2012,271219,62,1,55,29,1,11,4
1740205780,derm,0,1,2012,134295,62,1,45,18,1,11,2
1801998968,derm,0,1,2012,271219,62,0,44,15,1,11,3
1831118371,derm,0,1,2012,271219,62,0,68,42,1,11,3
1871716910,derm,0,2,2012,341411,65,0,35,8,0,72,5
1720011935,derm,0,1,2012,342209,69,0,59,29,1,14,5
1013081611,derm,0,1,2012,174833,77,0,43,18,1,70,3
1043487663,derm,0,1,2012,333460,77,1,32,8,0,70,3
1063617603,derm,0,1,2012,124573,77,0,42,25,1,70,1
1114024122,derm,1,1,2012,270897,77,1,40,15,1,70,1
1124128129,derm,0,1,2012,333460,77,0,51,7,1,70,2
1225095235,derm,0,1,2012,333460,77,0,40,11,0,70,3
1457554073,derm,1,1,2012,271026,77,1,37,8,1,70,1
1497712152,derm,0,1,2012,333460,77,1,51,27,0,70,2
1619934809,derm,0,1,2012,333460,77,0,61,34,1,70,2
1740445857,derm,1,1,2012,271191,77,0,33,10,1,70,2
1790742146,derm,0,1,2012,333460,77,0,55,27,1,70,3
1992765242,derm,0,1,2012,330919,77,1,48,18,1,70,1
1013186923,derm,1,1,2012,135384,79,1,37,8,1,46,1
1962457911,derm,0,1,2012,61196,79,0,69,38,0,46,3
1174729255,derm,0,1,2012,329696,80,1,34,8,1,151,1
1417913328,derm,0,1,2012,54278,80,0,50,23,1,151,4
1578501474,derm,1,2,2012,114077,80,1,38,15,0,165,5
1578666350,derm,0,1,2012,221319,80,0,41,10,0,151,2
1770787137,derm,1,1,2012,134113,80,1,32,5,1,151,1
1194832493,derm,0,1,2012,270897,81,1,36,12,1,79,1
1295901213,derm,1,1,2012,335619,81,1,38,14,0,79,1
1437351657,derm,0,1,2012,123941,81,0,45,20,0,79,1
1588860555,derm,1,1,2012,335619,81,1,32,5,1,79,6
1316965353,derm,0,1,2012,120532,82,1,38,11,0,54,12
1659546596,derm,0,1,2012,185784,82,1,35,11,0,54,2
1689774556,derm,0,1,2012,134729,83,0,62,30,0,13,1
1750548640,derm,0,1,2012,291139,83,0,41,7,0,13,5
1275575698,derm,1,1,2012,291339,85,0,56,30,0,68,1
1326238643,derm,1,1,2012,333374,85,1,35,8,0,68,1
1487802187,derm,1,1,2012,335445,85,1,44,17,1,68,1
1710926381,derm,1,2,2012,335445,85,1,46,22,0,105,4
1942391602,derm,1,1,2012,333374,85,1,40,14,0,68,1
1326085291,derm,1,1,2012,342214,86,1,39,11,1,25,1
1487868154,derm,0,1,2012,291105,86,1,44,8,1,25,1
1205016292,derm,0,1,2012,270897,87,1,62,36,1,9,2
1093758047,derm,0,1,2012,147220,89,0,59,33,1,22,4
1962401463,derm,0,1,2012,271515,89,1,43,16,1,22,2
1619093143,derm,1,1,2012,336287,96,1,33,9,1,42,1
1316031529,derm,0,1,2012,185046,103,0,52,26,1,90,4
1760452148,derm,0,1,2012,74085,103,0,63,36,1,90,2
1174693980,derm,0,1,2012,318080,105,1,53,19,1,14,2
1194992768,derm,0,1,2012,316690,106,0,33,5,1,6,1
1518943554,derm,0,1,2012,316976,107,1,51,25,1,5,3
1033287594,derm,0,2,2012,165847,109,0,36,10,1,271,3
1144431602,derm,0,1,2012,15374,110,1,38,8,1,55,1
1215991625,derm,0,1,2012,16941,110,0,52,14,1,55,1
1467652537,derm,0,1,2012,16378,110,0,32,8,0,55,1
1710176631,derm,0,1,2012,16378,110,0,47,10,1,55,1
1003873332,derm,0,1,2012,113226,111,1,43,13,0,65,2
1700053451,derm,0,2,2012,17418,111,0,31,5,1,97,2
1861404402,derm,0,1,2012,113226,111,0,63,32,1,65,2
1851572622,derm,0,1,2012,214578,112,1,37,7,0,23,1
1255364105,derm,1,1,2012,217883,113,0,34,9,0,134,4
1447365887,derm,0,2,2012,216325,113,0,50,26,0,214,3
1487738688,derm,0,2,2012,110892,113,1,38,6,0,199,3
1528261906,derm,0,1,2012,218993,113,1,35,6,0,134,2
1750311510,derm,1,1,2012,218264,113,0,42,13,1,134,1
1851357065,derm,1,1,2012,219631,113,1,47,18,0,134,2
1891815320,derm,0,2,2012,219658,113,1,32,6,1,223,2
1033216015,derm,0,1,2012,267484,115,0,58,28,1,11,4
1790751485,derm,0,1,2012,120311,115,0,48,18,1,11,2
1023027182,derm,0,1,2012,174215,116,0,54,17,1,21,1
1073516217,derm,0,1,2012,264635,118,1,56,29,1,180,1
1124256797,derm,0,1,2012,267473,118,0,43,3,0,180,2
1265462329,derm,0,1,2012,106349,118,1,39,15,1,180,1
1386889038,derm,0,1,2012,257524,118,0,40,6,1,180,4
1609812437,derm,0,1,2012,106349,118,0,40,13,1,180,1
1740435999,derm,0,2,2012,265953,118,0,47,5,1,196,4
1417969965,derm,0,1,2012,55866,119,1,37,11,1,63,2
1811952302,derm,1,1,2012,65645,119,0,50,17,1,63,1
1891750790,derm,0,1,2012,265447,119,0,60,21,1,63,5
1922064781,derm,0,1,2012,247171,119,0,47,23,0,63,2
1285707828,derm,0,1,2012,252893,120,0,55,14,1,18,9
1619048386,derm,0,1,2012,252893,120,0,40,12,1,18,5
1437177367,derm,0,1,2012,251036,122,1,36,9,1,13,1
1003010307,derm,0,1,2012,116043,123,1,35,8,1,54,1
1255388922,derm,0,1,2012,253055,123,0,41,15,1,54,7
1346358892,derm,0,1,2012,253055,123,0,64,28,1,54,1
1710973268,derm,0,1,2012,56570,123,0,56,22,1,54,2
1942494984,derm,0,1,2012,54133,123,1,43,9,1,54,2
1285608968,derm,1,1,2012,247168,124,0,36,11,1,18,1
1407086846,derm,1,1,2012,247168,124,0,30,3,1,18,1
1023266319,derm,1,1,2012,264635,127,1,36,7,0,140,1
1083815179,derm,0,1,2012,249756,127,1,35,10,0,140,3
1396778510,derm,0,1,2012,182555,127,0,50,26,1,140,3
1609980770,derm,0,1,2012,247150,127,1,35,9,0,140,1
1700849478,derm,0,1,2012,92313,127,0,62,34,1,140,1
1972529683,derm,0,1,2012,249756,127,0,56,30,1,140,1
1346340148,derm,0,1,2012,251125,129,1,59,25,1,16,1
1033178173,derm,0,1,2012,264683,130,0,59,29,1,106,3
1063422558,derm,0,1,2012,325348,130,1,48,20,1,106,5
1306032289,derm,0,1,2012,253188,130,0,37,7,1,106,1
1538271796,derm,0,1,2012,68797,130,1,61,,,106,2
1700082211,derm,1,1,2012,247532,130,0,34,7,1,106,1
1821075441,derm,1,1,2012,247298,130,0,40,11,1,106,2
1972560720,derm,0,1,2012,251125,130,0,52,26,1,106,2
1851543110,derm,0,1,2012,290206,133,0,33,9,0,4,2
1164485926,derm,0,1,2012,115919,134,0,62,,1,20,1
1194712554,derm,1,1,2012,250648,134,0,39,12,1,20,2
1316987571,derm,0,1,2012,250917,134,0,52,25,1,20,1
1396849691,derm,1,1,2012,250648,134,0,38,13,1,20,3
1376732818,derm,0,1,2012,37071,137,0,41,14,1,43,1
1629003876,derm,0,1,2012,55866,137,0,47,20,1,43,2
1164615829,derm,1,1,2012,124148,139,1,34,11,0,26,3
1255380473,derm,0,1,2012,249801,139,0,56,29,1,26,1
1700871969,derm,0,1,2012,94059,139,0,38,12,1,26,1
1871764977,derm,0,1,2012,248640,139,0,33,8,1,26,11
1881708782,derm,0,1,2012,54133,139,1,47,10,1,26,1
1366597049,derm,0,1,2012,11375,140,1,58,19,1,23,5
1407887318,derm,0,1,2012,101624,140,0,40,13,1,23,2
1245439702,derm,0,1,2012,266828,141,1,38,11,1,53,3
1578622213,derm,1,1,2012,87988,141,1,34,8,0,53,2
1619962636,derm,0,1,2012,252100,141,0,61,35,1,53,2
1821298423,derm,0,1,2012,253213,141,1,40,14,1,53,1
1134320310,derm,1,1,2012,241239,144,0,34,10,1,193,2
1174721385,derm,1,1,2012,241061,144,1,35,10,0,193,1
1407053044,derm,0,1,2012,54398,144,1,44,17,0,193,5
1447202700,derm,1,1,2012,239789,144,1,38,10,1,193,2
1558457952,derm,0,1,2012,98097,144,1,43,10,1,193,1
1568684322,derm,0,1,2012,241181,144,0,32,7,0,193,1
1578722427,derm,1,1,2012,241061,144,1,34,5,1,193,2
1982638557,derm,1,1,2012,241239,144,0,51,23,1,193,3
1790736262,derm,0,1,2012,124216,146,0,40,9,1,6,1
1093706434,derm,0,2,2012,240885,148,0,39,13,0,122,2
1881605152,derm,0,1,2012,260437,148,0,41,16,0,4,3
1225071673,derm,0,1,2012,238002,149,0,42,16,1,20,4
1316057821,derm,0,1,2012,241587,149,0,40,13,1,20,2
1518942077,derm,0,1,2012,48938,149,0,41,16,1,20,1
1598913196,derm,0,1,2012,178653,149,1,34,10,1,20,1
1932166923,derm,0,1,2012,64776,149,1,48,22,1,20,1
1932294816,derm,1,2,2012,243018,149,0,67,41,1,46,2
1265493662,derm,0,1,2012,73908,150,1,54,31,,47,4
1386696318,derm,0,1,2012,92373,150,1,43,14,,47,1
1699883447,derm,0,1,2012,115605,151,0,38,9,1,25,1
1689610842,derm,0,1,2012,287518,152,1,34,9,1,6,1
1316008329,derm,0,1,2012,149491,155,0,71,40,1,19,1
1447246822,derm,0,1,2012,148823,155,0,51,25,1,19,4
1447368055,derm,0,1,2012,145793,155,0,65,32,1,19,1
1700872272,derm,0,1,2012,148823,155,0,52,29,0,19,3
1750476297,derm,0,1,2012,179736,155,0,87,61,1,19,1
1023181088,derm,0,1,2012,268666,156,1,65,38,0,94,1
1356521314,derm,0,1,2012,147473,156,0,36,10,0,94,2
1376539718,derm,0,2,2012,150464,156,1,50,24,0,186,3
1922202456,derm,1,1,2012,149522,156,0,36,12,0,94,1
1962644922,derm,1,1,2012,154252,156,0,32,7,0,94,1
1205846128,derm,0,1,2012,149851,158,1,42,17,0,18,2
1215926621,derm,0,1,2012,149851,158,1,42,18,0,18,3
1790709343,derm,0,1,2012,149851,158,1,42,18,0,18,1
1952369753,derm,0,1,2012,149138,158,0,43,16,0,18,2
1386616399,derm,0,1,2012,149528,161,0,54,12,0,75,2
1023287745,derm,0,2,2012,37117,163,0,34,7,1,45,5
1669683397,derm,0,1,2012,178008,163,0,37,13,0,24,1
1730373747,derm,0,1,2012,149296,163,0,31,5,1,24,1
1962653568,derm,0,1,2012,119440,163,0,48,23,0,24,1
1023070257,derm,0,1,2012,146382,170,1,42,16,1,10,2
1568656445,derm,0,1,2012,87901,173,0,40,5,1,5,1
1265499289,derm,0,1,2012,141867,179,0,55,17,0,10,1
1013179357,derm,0,1,2012,143371,180,1,32,6,1,10,1
1275516734,derm,0,1,2012,148252,181,0,64,46,1,5,1
1689644981,derm,0,1,2012,257904,181,0,61,31,1,5,1
1265452379,derm,1,1,2012,116364,183,0,50,25,1,81,1
1316971427,derm,0,1,2012,141874,183,1,39,12,1,81,1
1336363589,derm,0,1,2012,264045,183,1,34,7,1,81,3
1801005632,derm,1,2,2012,145383,183,0,36,7,1,103,2
1346445277,derm,1,1,2012,143564,184,0,38,8,0,4,2
1235134834,derm,1,3,2012,257904,186,0,48,23,0,180,3
1285656512,derm,1,2,2012,257904,186,0,57,28,1,18,2
1316969579,derm,1,2,2012,257904,186,1,37,11,1,18,2
1538181722,derm,1,2,2012,257904,186,1,64,31,1,18,2
1659393825,derm,1,2,2012,257904,186,0,38,11,1,18,2
1821021791,derm,1,2,2012,257904,186,0,63,37,1,18,3
1013941699,derm,0,1,2012,142510,187,1,33,6,0,8,1
1750353595,derm,0,1,2012,149239,191,0,38,12,1,12,4
1174509228,derm,0,1,2012,167057,192,0,49,23,1,21,3
1346201316,derm,0,1,2012,167057,192,1,38,9,1,21,2
1396724167,derm,0,1,2012,167057,192,0,40,12,1,21,4
1700847787,derm,0,1,2012,167057,192,1,45,7,1,21,3
1760595318,derm,0,1,2012,167057,192,1,32,6,1,21,2
1891772968,derm,0,1,2012,167057,192,0,56,28,1,21,4
1912010562,derm,0,1,2012,167057,192,1,34,7,1,21,6
1972531408,derm,0,1,2012,167057,192,0,36,9,1,21,5
1356455398,derm,0,1,2012,166849,194,1,46,22,0,19,1
1467430181,derm,0,1,2012,166480,197,0,55,29,1,2,1
1710091251,derm,0,1,2012,167057,197,0,65,38,1,2,2
1013088947,derm,1,1,2012,216376,204,1,49,22,1,36,2
1417100223,derm,0,1,2012,255535,204,0,40,7,1,36,1
1124081526,derm,0,1,2012,69982,205,1,57,14,1,62,1
1861468696,derm,0,1,2012,255576,208,0,53,27,1,8,1
1275675472,derm,0,1,2012,67541,209,0,54,28,1,4,1
1295708899,derm,0,1,2012,274196,210,0,63,29,0,30,6
1326006529,derm,1,1,2012,274021,210,0,58,32,1,30,2
1477595932,derm,1,1,2012,274021,210,0,47,21,1,30,2
1700825346,derm,0,1,2012,274196,210,0,46,18,1,30,1
1811928112,derm,1,1,2012,274021,210,0,47,22,1,30,1
1184658999,derm,0,2,2012,120484,212,0,38,9,1,46,3
1013993484,derm,0,1,2012,288631,214,0,57,30,1,6,5
1225014442,derm,0,1,2012,288631,214,1,78,37,1,6,4
1609852839,derm,0,1,2012,288631,214,1,55,27,1,6,3
1780660910,derm,0,1,2012,288631,214,0,63,42,1,6,4
1922099662,derm,1,1,2012,274569,214,1,46,18,1,6,2
1841275732,derm,0,1,2012,275034,216,1,48,19,1,32,1
1104876754,derm,1,1,2012,274021,218,0,62,35,1,26,2
1972658078,derm,0,1,2012,8964,218,0,35,7,1,26,1
1750437216,derm,0,1,2012,274021,220,0,51,26,1,5,2
1922067172,derm,0,1,2012,274021,220,0,54,28,1,5,2
1265499495,derm,0,1,2012,3588,222,1,39,11,1,27,1
1548429715,derm,0,1,2012,569,222,1,33,6,0,27,1
1710061395,derm,0,1,2012,1078,222,1,52,11,1,27,1
1083613004,derm,0,1,2012,116132,223,1,51,10,1,109,4
1609006618,derm,0,1,2012,224174,223,0,35,6,1,109,1
1720283807,derm,0,1,2012,217717,223,0,38,8,1,109,1
1972554368,derm,0,1,2012,216332,225,0,41,14,1,10,4
1073709572,derm,1,1,2012,10604,227,1,34,8,1,318,3
1275629792,derm,0,1,2012,30209,227,1,57,28,1,318,1
1326201815,derm,1,1,2012,9944,227,0,49,15,1,318,3
1780871970,derm,0,1,2012,168023,227,0,42,13,1,318,1
1811904147,derm,1,1,2012,8983,227,1,37,13,0,318,1
1902871262,derm,1,1,2012,9944,227,1,53,27,1,318,2
1912169749,derm,1,1,2012,9251,227,1,34,4,1,318,2
1508059072,derm,0,1,2012,182524,233,0,47,23,1,11,1
1932189958,derm,0,1,2012,278384,233,0,38,11,1,11,2
1477571818,derm,0,2,2012,159863,234,0,57,33,0,93,6
1518120195,derm,0,1,2012,154585,234,0,32,4,1,72,2
1558331306,derm,0,1,2012,151213,234,1,43,19,0,72,3
1548299464,derm,0,1,2012,60819,235,0,47,20,1,12,1
1003855735,derm,0,1,2012,157880,236,1,60,34,1,19,3
1174691604,derm,0,1,2012,156413,238,1,41,17,0,9,3
1639371529,derm,0,1,2012,177828,238,0,38,11,0,9,1
1215081211,derm,0,1,2012,119871,244,0,62,33,1,19,4
1275557464,derm,1,1,2012,154657,244,1,57,27,1,19,3
1417971375,derm,1,1,2012,154657,244,0,44,17,0,19,1
1558349423,derm,1,1,2012,154657,244,1,61,24,1,19,2
1629067541,derm,1,1,2012,154657,244,1,48,20,1,19,3
1881818615,derm,0,1,2012,257279,244,0,35,,1,19,2
1982625976,derm,1,1,2012,154657,244,0,47,18,1,19,3
1982644803,derm,0,1,2012,119871,244,0,50,11,1,19,1
1578727335,derm,0,1,2012,160932,246,0,49,22,1,7,1
1962462838,derm,1,1,2012,158315,246,0,56,12,1,7,2
1841212487,derm,1,1,2012,163985,250,0,40,12,1,7,1
1861413080,derm,1,1,2012,163985,250,1,38,11,1,7,1
1407814635,derm,1,1,2012,147342,251,1,34,7,1,117,1
1538173406,derm,1,1,2012,162123,251,0,40,13,0,117,3
1548305931,derm,1,1,2012,164180,251,0,42,15,0,117,1
1639273113,derm,0,1,2012,164692,251,1,35,9,1,117,2
1255592804,derm,1,1,2012,164759,254,1,47,25,0,5,1
1417951021,derm,0,1,2012,161311,256,0,59,34,1,26,1
1528056637,derm,0,1,2012,180721,261,0,55,10,1,2,1
1326075391,derm,1,1,2012,327633,264,0,60,32,1,31,1
1356510465,derm,0,1,2012,212085,268,1,36,12,0,59,2
1578516548,derm,0,1,2012,303603,268,0,62,25,1,59,1
1881738052,derm,0,1,2012,211941,268,1,33,7,1,59,3
1174690630,derm,1,1,2012,169670,270,1,43,18,0,18,1
1801872460,derm,0,1,2012,172262,270,1,39,14,1,18,1
1043476716,derm,0,1,2012,169898,273,1,30,6,0,111,1
1083724272,derm,0,1,2012,170445,273,1,50,22,1,111,1
1184698243,derm,0,1,2012,150541,273,0,48,23,1,111,6
1457367278,derm,0,1,2012,93141,273,0,54,27,1,111,2
1508842352,derm,0,1,2012,153563,273,0,58,32,1,111,1
1770505059,derm,0,1,2012,169926,273,1,42,10,1,111,4
1851385009,derm,0,1,2012,169926,273,1,49,26,0,111,1
1730192857,derm,1,1,2012,294459,274,0,41,14,1,21,2
1265635809,derm,0,1,2012,294465,276,1,37,8,1,10,2
1295932515,derm,0,1,2012,294465,276,0,35,8,1,10,1
1336127463,derm,0,1,2012,101725,276,0,52,25,1,10,1
1003005836,derm,0,1,2012,199878,278,1,32,6,1,24,4
1396897815,derm,0,1,2012,122310,279,0,49,22,1,31,2
1639167638,derm,1,2,2012,326497,279,1,54,28,1,48,2
1720152473,derm,0,1,2012,115584,279,0,56,24,0,31,1
1730380585,derm,1,1,2012,326514,279,1,35,1,0,31,4
1083659585,derm,0,1,2012,3940,282,0,41,14,1,36,2
1275520009,derm,1,1,2012,78647,282,1,45,16,0,36,2
1659361756,derm,0,1,2012,326298,282,1,41,16,1,36,1
1760403968,derm,0,1,2012,326298,282,1,57,19,1,36,2
1053465112,derm,0,1,2012,80588,283,0,60,33,1,101,1
1083634406,derm,0,1,2012,114143,283,1,37,11,1,101,3
1164752002,derm,0,1,2012,62082,283,0,62,36,1,101,3
1174536114,derm,0,2,2012,227637,283,0,41,14,0,207,3
1215032156,derm,0,1,2012,112901,283,1,58,33,1,101,6
1295798262,derm,0,1,2012,80572,283,0,43,15,1,101,1
1326258732,derm,0,1,2012,80119,283,0,39,10,1,101,3
1811082373,derm,0,2,2012,78646,283,1,48,20,1,142,4
1811955875,derm,0,1,2012,4858,283,0,38,9,1,101,1
1831196971,derm,0,1,2012,175956,283,0,49,23,1,101,1
1164449724,derm,0,1,2012,37907,284,0,41,13,0,70,3
1699919506,derm,0,1,2012,175758,284,1,31,5,0,70,1
1346280567,derm,0,1,2012,81379,285,0,50,24,1,62,2
1053319962,derm,0,1,2012,71012,288,1,46,22,1,42,1
1134137292,derm,0,1,2012,67240,288,1,43,16,0,42,2
1376560110,derm,0,1,2012,77024,288,1,48,23,0,42,1
1467417808,derm,0,1,2012,101175,288,0,44,18,0,42,1
1972646487,derm,0,1,2012,82831,288,1,43,18,0,42,1
1437143559,derm,0,1,2012,46195,293,0,63,37,1,43,3
1437313491,derm,0,1,2012,321551,293,0,43,18,1,43,1
1689791782,derm,0,2,2012,321316,293,0,48,8,1,64,2
1699749051,derm,0,1,2012,316394,293,0,49,21,1,43,4
1740235480,derm,0,1,2012,321313,293,0,56,15,1,43,2
1518020502,derm,0,1,2012,95830,295,0,38,10,1,44,7
1558419689,derm,0,1,2012,38302,295,1,59,30,1,44,2
1568509800,derm,0,1,2012,38952,295,1,51,25,1,44,1
1730172792,derm,1,1,2012,43165,296,0,42,15,1,4,1
1275595787,derm,0,1,2012,51273,297,0,57,30,0,32,1
1588736953,derm,0,1,2012,39622,297,0,47,22,1,32,2
1154490514,derm,0,1,2012,33412,301,0,43,17,1,230,1
1225103583,derm,0,1,2012,18624,301,0,38,11,0,230,1
1376598136,derm,0,1,2012,24341,301,1,41,12,1,230,1
1154588804,derm,1,1,2012,33369,303,0,36,6,0,331,1
1265604565,derm,0,3,2012,227304,303,0,45,17,1,754,9
1346292786,derm,0,2,2012,137460,303,1,59,28,0,409,2
1386880250,derm,0,1,2012,28659,303,0,54,31,1,331,1
1447296736,derm,0,1,2012,177221,303,1,37,11,1,331,1
1457467862,derm,0,2,2012,80281,303,0,69,43,1,409,2
1598801573,derm,0,1,2012,48331,303,0,36,9,1,331,1
1023228996,derm,0,1,2012,65603,304,1,37,14,0,39,1
1194782722,derm,0,1,2012,42605,304,0,56,30,1,39,1
1861485849,derm,0,1,2012,43752,307,0,43,18,0,16,1
1518049865,derm,1,2,2012,35725,308,0,47,13,0,112,3
1013094903,derm,0,1,2012,54821,309,0,62,34,1,25,9
1023080454,derm,0,1,2012,178035,309,1,58,31,1,25,5
1174595425,derm,0,1,2012,54821,309,0,61,29,1,25,8
1235101452,derm,0,1,2012,54821,309,0,48,16,1,25,3
1275569402,derm,0,1,2012,178035,309,0,51,24,1,25,4
1295835007,derm,0,1,2012,54821,309,1,47,17,1,25,8
1346225232,derm,0,1,2012,52998,309,0,45,18,1,25,1
1447349741,derm,0,1,2012,54821,309,0,47,21,1,25,5
1568663722,derm,0,1,2012,54821,309,1,31,5,1,25,4
1679789861,derm,0,1,2012,54821,309,0,43,11,1,25,3
1861507881,derm,1,1,2012,229403,309,1,36,9,1,25,1
1952567166,derm,0,1,2012,231935,309,1,33,5,1,25,4
1275796575,derm,1,2,2012,229628,311,1,32,6,1,86,2
1467469320,derm,0,1,2012,30138,311,0,64,38,1,76,1
1720095508,derm,0,1,2012,230786,311,0,44,19,1,76,2
1811097967,derm,1,1,2012,232664,311,1,42,16,0,76,3
1225098908,derm,0,1,2012,177876,312,1,47,17,1,63,1
1558364828,derm,0,1,2012,231204,313,1,44,16,1,19,2
1679553135,derm,0,1,2012,230882,313,1,47,11,1,19,2
1639140775,derm,0,1,2012,231845,314,0,39,13,1,17,1
1649267220,derm,0,1,2012,230114,314,0,44,15,1,17,1
1184724338,derm,0,1,2012,229410,315,0,57,31,1,5,1
1215058722,derm,0,1,2012,113182,318,1,38,5,1,42,4
1215109509,derm,0,1,2012,92987,318,1,36,12,0,42,1
1225061088,derm,0,1,2012,229905,318,1,39,12,1,42,2
1245456060,derm,0,1,2012,113182,318,1,35,8,1,42,1
1376521872,derm,0,1,2012,106275,318,0,42,15,0,42,3
1376560938,derm,0,1,2012,231350,318,0,56,30,0,42,1
1427017888,derm,0,1,2012,240246,318,0,58,30,1,42,3
1457389793,derm,0,1,2012,231350,318,0,44,14,1,42,2
1467498840,derm,0,1,2012,240246,318,1,45,21,0,42,3
1528290665,derm,0,1,2012,92987,318,0,34,8,1,42,1
1548234347,derm,0,1,2012,240246,318,1,44,18,1,42,4
1578590071,derm,0,1,2012,240246,318,0,49,26,1,42,5
1699749408,derm,0,1,2012,240246,318,0,46,18,1,42,2
1760419261,derm,0,1,2012,240246,318,1,42,16,1,42,4
1770607228,derm,0,1,2012,160446,318,0,53,27,1,42,1
1871687327,derm,0,1,2012,121715,318,1,52,23,1,42,3
1952350241,derm,0,1,2012,176602,318,1,48,17,1,42,2
1386713923,derm,0,1,2012,87970,319,0,62,36,1,20,3
1609862010,derm,0,1,2012,99297,319,1,42,17,1,20,3
1740284157,derm,0,1,2012,110987,319,0,53,30,1,20,4
1114014511,derm,1,1,2012,229462,320,0,41,14,0,42,2
1134191380,derm,1,1,2012,82968,320,0,57,31,1,42,2
1316074693,derm,1,1,2012,231566,320,0,41,10,0,42,1
1922009190,derm,1,1,2012,82968,320,0,66,37,0,42,1
1659500155,derm,0,1,2012,172981,321,0,34,3,1,6,2
1760470926,derm,1,1,2012,173017,321,1,40,15,0,6,2
1427276260,derm,1,1,2012,95010,322,0,31,5,1,12,2
1003860438,derm,1,1,2012,138202,328,1,37,14,0,123,1
1205048667,derm,1,1,2012,138202,328,1,34,7,0,123,1
1598749814,derm,1,1,2012,138202,328,0,53,20,1,123,2
1710936505,derm,1,1,2012,140070,328,0,34,6,1,123,1
1023064094,derm,0,1,2012,130943,329,1,45,19,1,85,4
1578689493,derm,1,1,2012,129229,329,0,49,12,1,85,3
1821107715,derm,0,1,2012,130310,329,0,39,15,1,85,3
1326025438,derm,1,1,2012,138460,334,0,48,18,1,21,2
1053315937,derm,1,1,2012,277333,339,1,41,14,0,41,1
1164450573,derm,0,1,2012,276889,339,0,42,16,1,41,1
1528067626,derm,0,1,2012,70979,339,0,44,22,0,41,1
1598971277,derm,1,1,2012,53105,339,1,38,9,1,41,1
1144383654,derm,1,1,2012,39472,340,0,44,15,1,31,2
1386698678,derm,0,1,2012,116268,341,0,41,11,1,10,2
1891806295,derm,0,1,2012,332945,341,1,38,12,1,10,4
1235174723,derm,1,1,2012,332937,342,0,60,35,1,17,2
1518162668,derm,1,1,2012,121533,342,0,31,5,0,17,1
1659539245,derm,1,1,2012,331928,343,0,34,10,1,11,1
1720193907,derm,0,1,2012,333136,343,0,64,38,1,11,3
1235129891,derm,1,1,2012,331911,344,1,40,16,0,78,1
1447387360,derm,1,1,2012,101654,344,1,37,9,0,78,1
1538119052,derm,0,1,2012,119200,344,0,53,27,1,78,2
1548310352,derm,0,1,2012,332013,344,0,42,10,0,78,2
1811959828,derm,0,1,2012,85239,346,1,60,14,1,24,1
1205916251,derm,1,1,2012,87798,350,1,55,31,0,26,4
1295065050,derm,1,1,2012,87798,350,1,34,12,0,26,5
1427089895,derm,0,1,2012,89956,352,0,58,32,1,30,1
1154522167,derm,0,1,2012,86900,355,1,35,12,0,15,1
1477526093,derm,0,1,2012,83850,355,0,38,11,1,15,3
1700072790,derm,0,1,2012,86900,355,0,36,8,1,15,2
1073721999,derm,0,1,2012,87455,356,0,35,9,0,215,4
1619915527,derm,0,1,2012,85271,356,0,44,20,1,215,2
1891877932,derm,0,2,2012,81206,356,0,59,34,0,550,5
1992742977,derm,0,1,2012,83952,356,0,47,20,1,215,1
1053517904,derm,1,1,2012,104613,357,0,38,12,0,75,1
1215032958,derm,0,1,2012,89425,357,1,37,11,0,75,1
1215111844,derm,0,1,2012,90019,357,0,46,11,1,75,2
1497714406,derm,0,1,2012,64244,357,1,36,9,1,75,1
1861683476,derm,0,1,2012,89425,357,1,34,5,1,75,1
1033202502,derm,0,1,2012,87531,358,0,55,29,1,12,4
1306083076,derm,0,1,2012,326298,358,1,34,9,1,12,1
1467434688,derm,0,1,2012,86799,362,0,39,17,1,4,1
1023044245,derm,0,1,2012,18037,365,1,38,11,1,41,1
1316906191,derm,0,1,2012,236855,365,0,50,24,1,41,4
1336252931,derm,0,1,2012,236379,365,0,68,42,1,41,1
1639115066,derm,1,1,2012,236314,365,1,55,27,1,41,5
1720168735,derm,0,2,2012,236522,365,1,42,15,1,112,9
1891931713,derm,0,1,2012,101441,365,1,36,13,0,41,3
1982677183,derm,0,1,2012,240246,365,0,56,30,1,41,1
1467492488,derm,0,1,2012,236623,367,1,44,15,1,3,1
1124284120,derm,1,1,2012,236487,368,1,31,5,1,30,1
1245200161,derm,0,1,2012,235640,368,0,38,12,1,30,2
1275591216,derm,1,1,2012,236487,368,0,56,29,1,30,2
1578590386,derm,1,1,2012,236487,368,0,42,16,1,30,1
1609986827,derm,0,1,2012,259549,369,0,58,33,1,6,1
1316922438,derm,1,1,2012,184611,370,0,57,31,1,12,2
1811063555,derm,0,1,2012,184701,371,0,48,14,0,20,1
1972712867,derm,1,1,2012,184513,371,1,34,7,1,20,3
1164466827,derm,0,1,2012,105479,375,1,47,13,1,12,1
1538326012,derm,1,1,2012,258995,375,0,33,8,0,12,1
1568464907,derm,1,2,2012,70963,375,0,62,36,1,95,5
1194925487,derm,0,1,2012,86025,377,1,36,8,1,27,1
1801177159,derm,0,1,2012,260847,377,1,44,16,1,27,2
1265586259,derm,0,1,2012,260812,380,1,57,8,1,70,2
1336331719,derm,1,1,2012,258598,380,1,38,5,1,70,1
1396910600,derm,0,1,2012,260530,380,1,36,5,1,70,4
1396932463,derm,0,1,2012,6939,380,0,36,13,0,70,1
1649425885,derm,0,1,2012,49246,380,0,35,6,1,70,3
1659331924,derm,0,1,2012,237261,380,0,53,27,1,70,2
1770783151,derm,0,1,2012,261375,380,0,33,5,1,70,1
1851426621,derm,0,1,2012,11265,380,1,44,16,1,70,1
1851443063,derm,0,1,2012,120021,380,0,55,24,1,70,1
1861431983,derm,0,1,2012,260204,380,0,46,20,1,70,2
1205872900,derm,0,1,2012,288633,382,1,40,14,1,6,1
1265468326,derm,0,1,2012,288633,382,0,46,20,0,6,1
1265478408,derm,0,1,2012,288633,382,1,47,20,1,6,2
1326075532,derm,0,1,2012,288633,382,0,47,20,1,6,2
1508874918,derm,0,1,2012,285400,382,1,41,9,0,6,1
1699779348,derm,0,1,2012,288633,382,0,40,11,1,6,1
1275529919,derm,0,1,2012,67239,383,1,40,14,1,9,1
1972619583,derm,0,1,2012,321331,383,0,77,45,1,9,1
1124173513,derm,0,1,2012,126611,385,0,32,8,0,71,2
1275530826,derm,0,1,2012,334540,385,0,40,12,1,71,1
1295727410,derm,1,1,2012,279278,385,0,41,15,1,71,4
1356455265,derm,0,1,2012,91609,385,1,44,18,1,71,2
1457368730,derm,1,3,2012,288965,385,0,51,25,1,361,16
1669675757,derm,1,1,2012,278550,385,1,42,16,0,71,1
1336107549,derm,1,1,2012,281570,388,0,61,34,1,3,2
1124203344,derm,1,1,2012,287745,391,0,33,5,1,151,7
1205093424,derm,0,1,2012,285236,391,1,35,12,0,151,3
1225180680,derm,1,1,2012,287745,391,0,42,9,1,151,3
1245222033,derm,1,1,2012,285000,391,0,40,13,1,151,1
1295792299,derm,0,1,2012,285236,391,1,42,17,1,151,1
1407923337,derm,0,1,2012,175837,391,1,41,18,1,151,1
1477588358,derm,1,1,2012,285000,391,1,39,13,0,151,1
1518144534,derm,0,1,2012,278426,391,0,32,6,1,151,1
1679503932,derm,0,1,2012,127133,391,0,57,32,0,151,1
1750481537,derm,0,1,2012,104878,391,0,53,29,1,151,1
1801080130,derm,0,2,2012,284157,391,1,39,14,0,197,4
1821046244,derm,0,1,2012,283718,391,0,44,19,1,151,3
1851384648,derm,1,1,2012,282581,391,0,58,33,1,151,5
1992800486,derm,0,1,2012,109731,391,1,55,24,1,151,13
1346349420,derm,0,1,2012,243018,393,1,44,17,1,11,2
1649291782,derm,0,1,2012,280196,393,1,58,32,0,11,1
1669534699,derm,0,1,2012,285345,393,1,40,12,1,11,2
1942252549,derm,0,1,2012,285345,393,0,55,29,0,11,3
1063624302,derm,0,1,2012,243018,394,0,40,14,0,59,2
1194794701,derm,1,2,2012,288965,394,0,39,11,1,92,6
1265657571,derm,0,1,2012,286350,394,1,41,17,1,59,8
1356314355,derm,0,1,2012,288965,394,0,37,11,1,59,5
1548268501,derm,0,1,2012,286099,394,0,53,27,1,59,2
1568408375,derm,0,1,2012,288965,394,0,57,30,1,59,2
1598762825,derm,0,1,2012,288965,394,1,42,11,1,59,10
1700820461,derm,0,1,2012,114657,394,1,52,23,1,59,6
1083650386,derm,0,1,2012,284089,397,1,68,32,1,191,5
1083829568,derm,0,1,2012,99260,397,0,45,9,0,191,5
1144401027,derm,0,1,2012,68413,397,1,36,10,0,191,1
1205808318,derm,0,1,2012,180399,397,0,46,22,0,191,2
1689623597,derm,0,1,2012,97258,397,1,48,25,0,191,2
1528075124,derm,0,1,2012,282841,399,1,57,27,1,5,1
1285730499,derm,0,1,2012,279732,402,0,72,45,0,6,3
1518999671,derm,0,1,2012,285427,406,0,45,18,1,7,1
1912178039,derm,1,1,2012,285181,411,0,35,11,0,4,1
1043324445,derm,0,1,2012,279659,412,0,76,33,0,79,1
1124027792,derm,0,1,2012,116808,412,0,55,22,1,79,7
1194784728,derm,0,1,2012,231437,412,0,49,21,1,79,1
1235196163,derm,0,1,2012,135044,412,1,42,16,1,79,1
1275509176,derm,0,1,2012,303533,412,0,59,30,1,79,1
1467439265,derm,0,1,2012,303533,412,0,45,14,0,79,1
1548435860,derm,1,2,2012,93140,412,1,34,7,1,422,3
1700941424,derm,0,1,2012,225716,412,1,56,31,1,79,1
1952309841,derm,0,1,2012,226048,412,0,60,33,0,79,1
1730384405,derm,1,1,2012,281570,413,1,31,5,1,15,1
1780666388,derm,0,1,2012,91997,413,0,42,15,1,15,2
1932314846,derm,1,1,2012,281570,413,1,37,9,1,15,2
1912013665,derm,0,1,2012,285243,416,0,42,16,1,15,3
1487817102,derm,0,1,2012,280349,417,0,32,4,1,3,1
1245203835,derm,0,1,2012,286489,420,1,43,16,1,3,1
1013941228,derm,0,1,2012,334967,421,0,43,14,1,13,2
1104934280,derm,0,1,2012,334967,421,0,49,21,1,13,6
1144339904,derm,0,1,2012,325461,421,0,36,7,1,13,2
1194833244,derm,0,1,2012,334967,421,0,56,20,1,13,3
1235349192,derm,0,1,2012,334967,421,0,38,8,1,13,6
1275556870,derm,0,1,2012,334967,421,0,50,20,1,13,3
1326068974,derm,0,1,2012,334967,421,0,40,11,1,13,3
1336169176,derm,0,1,2012,334967,421,0,61,31,1,13,1
1366449241,derm,0,1,2012,334967,421,0,40,12,1,13,1
1437351723,derm,0,1,2012,334967,421,0,35,6,1,13,3
1457445744,derm,0,1,2012,334967,421,0,37,10,1,13,1
1588736292,derm,0,1,2012,334967,421,1,37,9,1,13,3
1639288715,derm,0,1,2012,334967,421,0,37,7,1,13,1
1699707059,derm,0,1,2012,334967,421,0,41,13,1,13,6
1710957980,derm,0,1,2012,334967,421,0,62,30,0,13,2
1770658684,derm,0,1,2012,334967,421,0,47,18,1,13,3
1912923541,derm,0,1,2012,334967,421,0,47,18,0,13,2
1922021427,derm,0,1,2012,334967,421,0,44,14,1,13,3
1932122520,derm,0,1,2012,334967,421,0,39,10,0,13,2
1932196771,derm,0,1,2012,334967,421,0,59,31,1,13,2
1164474037,derm,0,1,2012,120921,423,0,48,20,1,72,1
1174748404,derm,1,1,2012,317646,423,1,61,24,1,72,2
1194914747,derm,0,1,2012,310963,423,1,39,8,1,72,2
1740266972,derm,0,1,2012,176449,423,0,43,10,1,72,1
1841238987,derm,0,1,2012,328274,423,0,60,31,1,72,1
1063511483,derm,0,1,2012,69555,424,0,57,32,1,18,5
1083697908,derm,1,2,2012,292204,426,0,43,20,1,164,3
1326056045,derm,0,1,2012,223948,426,0,54,23,1,83,3
1386757482,derm,0,1,2012,222509,426,0,69,38,1,83,2
1396899852,derm,1,1,2012,224238,426,0,36,8,0,83,1
1679593909,derm,0,1,2012,113665,426,1,33,6,0,83,1
1275562068,derm,1,1,2012,222221,427,1,40,13,1,31,3
1447216163,derm,0,1,2012,100679,427,1,55,19,1,31,1
1629053111,derm,0,1,2012,6699,427,0,51,25,1,31,1
1184772535,derm,1,1,2012,222462,430,0,35,7,1,47,3
1407077134,derm,0,1,2012,329464,430,1,41,15,0,47,1
1700087202,derm,1,1,2012,222462,430,1,45,20,1,47,4
1053442558,derm,0,1,2012,223624,432,0,35,8,1,14,3
1164494498,derm,1,1,2012,221677,432,1,57,28,1,14,1
1851559454,derm,0,1,2012,177513,432,0,34,7,0,14,1
1982760823,derm,0,2,2012,100679,435,0,36,7,1,23,2
1164463378,derm,1,1,2012,233188,437,0,36,9,1,17,2
1558517623,derm,0,1,2012,214833,437,0,43,8,1,17,1
1548227531,derm,0,1,2012,329945,438,1,46,20,1,5,2
1053450627,derm,0,1,2012,328949,439,0,49,22,1,126,7
1225175359,derm,1,1,2012,328878,439,1,38,9,1,126,1
1396921342,derm,0,1,2012,117180,439,0,34,7,0,126,4
1922038827,derm,0,1,2012,329768,439,0,42,17,0,126,4
1962608646,derm,1,2,2012,328896,439,0,36,9,0,138,5
1104979269,derm,1,2,2012,328880,440,0,38,13,0,68,3
1215984638,derm,0,1,2012,175713,440,0,53,26,1,38,2
1780899799,derm,0,1,2012,65286,440,0,37,8,1,38,1
1386605889,derm,0,1,2012,329295,441,0,56,28,1,13,1
1679675888,derm,0,1,2012,330812,441,1,32,8,0,13,1
1124042429,derm,0,1,2012,162014,447,0,48,19,1,19,1
1407865181,derm,0,1,2012,161223,447,0,56,27,1,19,3
1730299983,derm,1,1,2012,161311,448,1,42,12,1,11,1
1013134725,derm,1,1,2012,162277,449,1,35,8,1,32,2
1093702714,derm,1,1,2012,161948,449,1,60,21,0,32,2
1164415519,derm,1,1,2012,13435,449,0,55,16,1,32,1
1255372751,derm,1,1,2012,161343,449,1,41,15,1,32,1
1518950591,derm,1,1,2012,162277,449,0,36,10,1,32,1
1629063110,derm,1,1,2012,162277,449,0,41,14,1,32,1
1871620468,derm,1,1,2012,162277,449,0,45,18,1,32,1
1942271846,derm,1,1,2012,162277,449,1,54,22,1,32,1
1114988730,derm,1,1,2012,161217,451,1,47,21,1,81,1
1235385220,derm,0,1,2012,150048,451,1,37,6,1,81,1
1023076650,derm,0,2,2013,73254,1,0,44,12,1,134,2
1114167764,derm,0,1,2013,61915,1,0,39,15,0,67,1
1215102660,derm,0,1,2013,263394,1,0,38,12,1,67,2
1265428031,derm,0,1,2013,112739,1,0,39,12,1,67,2
1265470900,derm,0,1,2013,262117,1,1,51,10,1,67,1
1295773125,derm,0,1,2013,258002,1,1,43,16,1,67,1
1497764849,derm,1,1,2013,261815,1,1,48,22,0,67,1
1528270790,derm,0,1,2013,116329,1,0,47,23,1,67,1
1184698516,derm,0,2,2013,116979,2,0,55,29,1,25,3
1629060785,derm,0,1,2013,261901,6,0,51,22,1,21,2
1851621064,derm,0,1,2013,172980,10,0,49,15,,10,1
1912995671,derm,0,1,2013,331721,10,1,61,26,1,10,1
1013901578,derm,0,1,2013,330556,11,1,49,21,1,31,2
1083663306,derm,0,2,2013,330556,11,0,43,15,0,61,2
1194980367,derm,0,1,2013,119086,11,0,33,5,1,31,8
1578717146,derm,0,1,2013,328274,11,1,56,26,0,31,1
1780654715,derm,0,2,2013,330556,11,0,44,15,1,61,2
1871566455,derm,0,1,2013,328274,11,0,45,18,1,31,8
1134232564,derm,0,1,2013,183289,12,0,66,19,1,109,2
1134391410,derm,0,2,2013,158244,12,0,58,31,0,114,2
1659379014,derm,1,2,2013,334633,12,0,44,18,1,462,10
1780662619,derm,0,1,2013,334633,12,0,43,19,0,109,10
1801025630,derm,0,1,2013,186217,12,0,31,4,1,109,1
1962675223,derm,1,1,2013,323713,12,1,33,7,1,109,5
1033159207,derm,0,1,2013,328274,14,1,41,15,0,30,8
1114145778,derm,0,1,2013,328274,14,1,36,8,1,30,8
1174560494,derm,0,1,2013,328274,14,1,49,20,1,30,8
1205880861,derm,0,1,2013,328274,14,0,64,33,1,30,5
1235176207,derm,0,1,2013,328274,14,0,63,37,1,30,8
1245277243,derm,0,1,2013,328274,14,0,67,39,1,30,10
1245287093,derm,0,1,2013,328274,14,1,41,16,0,30,9
1265472443,derm,0,1,2013,328274,14,0,42,13,0,30,4
1295720746,derm,0,1,2013,328274,14,0,40,13,1,30,7
1356379473,derm,0,1,2013,328274,14,1,44,17,1,30,6
1356381537,derm,0,2,2013,328274,14,1,45,23,0,47,10
1417901075,derm,0,1,2013,328274,14,0,63,34,1,30,8
1427240928,derm,0,2,2013,328274,14,1,34,10,1,139,5
1518925460,derm,0,1,2013,328274,14,0,57,31,1,30,7
1538106570,derm,0,1,2013,328274,14,0,65,40,1,30,9
1538113006,derm,0,1,2013,328274,14,0,62,38,1,30,6
1548397995,derm,0,1,2013,328274,14,0,46,14,0,30,13
1598735201,derm,0,1,2013,328274,14,1,55,35,0,30,8
1609813922,derm,0,1,2013,71206,14,1,50,28,1,30,4
1639119746,derm,0,1,2013,328274,14,0,66,27,1,30,6
1649279654,derm,0,1,2013,328274,14,0,64,38,1,30,10
1720062953,derm,0,1,2013,328274,14,1,43,14,1,30,2
1790764843,derm,0,1,2013,328274,14,1,40,13,1,30,2
1801830542,derm,0,1,2013,328274,14,0,52,11,1,30,6
1821141268,derm,0,1,2013,328274,14,0,65,39,1,30,2
1831362581,derm,0,1,2013,328274,14,1,34,10,0,30,5
1851553861,derm,0,1,2013,328274,14,1,36,7,1,30,6
1871540138,derm,0,1,2013,328274,14,0,69,42,1,30,5
1881789352,derm,0,1,2013,328274,14,0,68,43,1,30,4
1952355042,derm,0,1,2013,328274,14,1,52,17,1,30,7
1982691994,derm,0,1,2013,328274,14,0,60,31,1,30,11
1073565255,derm,0,1,2013,175510,15,0,70,44,1,46,1
1114027117,derm,0,1,2013,46148,15,0,58,29,0,46,2
1962453647,derm,0,1,2013,64063,15,0,54,31,0,46,5
1124040464,derm,0,1,2013,276505,16,0,67,39,1,6,1
1144496191,derm,0,1,2013,98292,19,0,53,5,1,44,1
1588632384,derm,0,1,2013,273258,19,1,53,19,1,44,1
1659697555,derm,1,2,2013,260846,19,0,34,3,1,133,7
1811199029,derm,0,1,2013,227199,21,1,63,16,1,8,4
1043357262,derm,0,1,2013,135202,23,0,55,23,1,158,1
1154434447,derm,0,1,2013,332812,23,1,43,16,1,158,1
1417164450,derm,0,1,2013,328083,23,1,36,9,1,158,1
1093756140,derm,0,1,2013,160474,31,0,44,17,1,11,1
1437306313,derm,0,1,2013,271226,33,1,33,6,1,29,3
1548370786,derm,0,1,2013,271226,33,1,43,16,1,29,5
1972548741,derm,0,1,2013,335445,33,0,42,18,1,29,1
1972574739,derm,0,1,2013,167388,33,0,49,24,0,29,2
1265486070,derm,0,1,2013,103110,43,0,46,15,0,16,2
1548317126,derm,1,1,2013,334330,43,1,36,14,0,16,2
1316900236,derm,0,1,2013,95142,56,0,39,13,0,326,13
1487697843,derm,0,1,2013,264540,56,1,41,13,0,326,1
1518006550,derm,0,1,2013,97468,56,1,41,10,0,326,1
1568442986,derm,1,1,2013,332819,56,1,48,21,1,326,1
1598798043,derm,0,1,2013,339454,56,1,46,15,1,326,3
1598931131,derm,1,1,2013,134519,56,0,45,19,1,326,1
1639336134,derm,1,1,2013,340328,56,0,44,19,1,326,1
1871638080,derm,1,1,2013,340328,56,1,43,12,0,326,1
1528053303,derm,0,2,2013,334087,58,0,62,33,1,52,3
1528260429,derm,0,1,2013,333411,58,1,55,7,1,15,2
1598723538,derm,0,1,2013,233180,58,0,56,31,1,15,1
1215907233,derm,0,1,2013,270989,62,1,40,18,1,11,4
1316099443,derm,0,1,2013,335445,65,1,45,9,1,37,2
1326164369,derm,0,1,2013,99986,65,1,40,10,1,37,1
1497768329,derm,1,1,2013,333374,65,1,38,11,0,37,2
1689808073,derm,0,1,2013,335445,65,0,42,14,1,37,2
1760419386,derm,0,1,2013,335445,65,1,50,23,0,37,3
1841259231,derm,0,1,2013,342209,69,0,47,19,0,14,3
1053334995,derm,1,1,2013,271191,77,0,44,15,0,75,4
1063587152,derm,1,2,2013,270897,77,1,56,33,0,125,5
1255351631,derm,1,2,2013,271191,77,0,40,14,1,87,2
1356311427,derm,1,1,2013,271191,77,0,42,14,0,75,2
1427248954,derm,0,1,2013,333362,77,1,35,12,0,75,1
1548349038,derm,1,2,2013,333460,77,0,52,29,0,90,2
1689632077,derm,0,1,2013,333460,77,0,50,23,1,75,1
1699931584,derm,1,1,2013,271191,77,1,42,15,1,75,2
1710910336,derm,0,1,2013,333460,77,1,55,26,0,75,3
1720006067,derm,0,1,2013,333460,77,1,53,28,0,75,2
1023034873,derm,0,1,2013,136388,79,1,54,25,1,45,3
1326284258,derm,0,1,2013,180952,79,1,36,11,0,45,2
1669685079,derm,1,1,2013,135462,79,1,52,26,1,45,1
1104837426,derm,0,1,2013,336289,80,1,40,15,1,157,4
1134377633,derm,0,1,2013,337155,80,1,38,11,0,157,1
1184670226,derm,0,1,2013,335619,80,0,47,19,1,157,1
1255515979,derm,0,1,2013,135234,80,1,32,8,0,157,1
1265641930,derm,1,1,2013,87873,80,1,34,7,0,157,2
1659486025,derm,0,1,2013,335765,80,0,54,24,1,157,2
1689623548,derm,0,1,2013,178159,80,0,45,19,0,157,4
1760452874,derm,0,1,2013,336289,80,0,36,8,1,157,2
1780652420,derm,0,1,2013,336289,80,1,43,20,1,157,2
1952496473,derm,1,1,2013,134113,80,0,46,18,1,157,1
1033357033,derm,0,1,2013,271375,81,1,47,19,0,83,2
1104839620,derm,0,1,2013,261644,81,0,57,34,1,83,8
1265669907,derm,1,2,2013,335619,81,1,30,4,1,180,7
1467464867,derm,0,1,2013,52600,81,0,66,32,0,83,3
1497856827,derm,1,1,2013,335619,81,0,41,13,0,83,1
1740364405,derm,0,1,2013,104552,81,0,63,34,1,83,1
1821080862,derm,1,1,2013,114241,81,1,47,15,0,83,2
1972602464,derm,0,1,2013,290977,81,0,82,56,0,83,1
1790861813,derm,0,1,2013,113578,82,1,45,17,1,53,1
1821109398,derm,1,1,2013,178683,82,1,50,25,0,53,9
1861619355,derm,0,1,2013,291139,83,0,59,33,1,14,2
1447205505,derm,1,1,2013,333374,85,1,42,18,1,68,4
1114938032,derm,1,2,2013,323958,87,0,46,23,0,43,4
1376857409,derm,1,1,2013,333374,87,0,32,6,1,9,2
1124179353,derm,0,1,2013,234234,89,1,52,21,1,26,1
1205076379,derm,0,1,2013,134295,89,1,47,7,1,26,1
1831322148,derm,1,2,2013,270897,91,0,35,7,0,352,3
1851552392,derm,0,1,2013,291586,96,1,39,6,0,41,1
1356345391,derm,0,1,2013,316989,101,0,44,18,1,19,2
1265641013,derm,1,2,2013,316385,102,0,43,7,1,114,2
1033246061,derm,1,1,2013,279439,103,1,39,14,0,91,2
1184662272,derm,0,1,2013,316402,103,1,43,16,1,91,1
1306072202,derm,0,1,2013,221713,103,1,32,4,0,91,1
1609818525,derm,0,1,2013,341774,103,0,63,39,0,91,1
1639159239,derm,0,1,2013,316388,103,0,44,13,1,91,1
1649423914,derm,0,1,2013,316402,103,1,32,6,1,91,2
1265610141,derm,0,1,2013,127691,104,0,40,13,1,10,1
1437186376,derm,0,1,2013,316589,104,1,39,12,0,10,1
1861450116,derm,0,1,2013,97346,104,1,47,21,1,10,1
1811970239,derm,0,1,2013,316693,105,1,52,18,1,15,1
1073655585,derm,0,2,2013,328284,106,1,38,13,1,38,4
1659428787,derm,0,1,2013,16533,109,1,46,21,1,42,1
1942249610,derm,0,1,2013,180669,110,0,47,12,1,55,2
1649231762,derm,0,1,2013,16533,111,0,62,37,1,68,1
1336256502,derm,1,1,2013,219631,113,1,43,19,1,135,3
1427251883,derm,0,1,2013,116132,113,1,38,6,1,135,1
1477658045,derm,0,1,2013,219727,113,0,52,25,0,135,2
1851330872,derm,1,1,2013,179566,113,1,51,21,0,135,1
1023081643,derm,1,1,2013,251569,116,1,38,14,0,29,1
1720084445,derm,0,1,2013,62077,116,0,53,27,1,29,1
1063476786,derm,0,1,2013,250536,118,1,47,11,1,183,1
1558470443,derm,0,1,2013,57117,118,0,44,17,0,183,6
1679793830,derm,0,1,2013,11815,118,1,45,13,0,183,2
1013903590,derm,0,1,2013,54133,119,0,62,35,1,66,1
1033218821,derm,0,1,2013,267625,119,0,56,28,0,66,3
1104025790,derm,1,1,2013,65645,119,0,40,9,1,66,2
1124024047,derm,0,1,2013,57219,119,0,55,29,0,66,2
1326046756,derm,0,1,2013,101285,119,1,42,12,0,66,1
1376598276,derm,0,1,2013,247771,119,0,40,12,1,66,1
1548265424,derm,0,1,2013,137165,119,1,46,23,1,66,9
1588673495,derm,0,1,2013,41179,119,0,42,11,1,66,1
1598835787,derm,0,1,2013,247171,119,0,44,20,0,66,1
1780695098,derm,0,1,2013,247171,119,0,47,21,1,66,4
1023097136,derm,0,1,2013,6961,122,0,45,18,1,12,4
1194721019,derm,0,1,2013,174215,122,0,52,15,1,12,2
1508006610,derm,0,1,2013,232953,122,0,36,12,0,12,1
1669436770,derm,0,1,2013,174215,122,0,57,30,1,12,2
1114034626,derm,1,1,2013,251662,123,0,56,30,0,55,2
1437359981,derm,0,1,2013,253055,123,1,34,9,1,55,3
1477579746,derm,0,1,2013,160468,123,1,46,19,0,55,5
1508190638,derm,0,1,2013,267512,123,0,41,11,1,55,2
1669466645,derm,1,1,2013,251662,123,1,43,19,1,55,3
1760688998,derm,0,1,2013,251799,123,0,33,7,1,55,6
1861466641,derm,0,1,2013,54133,123,0,43,18,0,55,5
1922066604,derm,0,1,2013,54133,123,1,41,16,1,55,1
1932178308,derm,0,1,2013,325348,124,0,47,20,1,19,1
1336198670,derm,0,1,2013,100629,127,0,63,12,1,144,1
1720224850,derm,0,1,2013,282431,127,1,33,-3,1,144,2
1881874584,derm,0,1,2013,252297,127,0,54,7,1,144,2
1053379735,derm,0,1,2013,182735,129,0,37,13,0,22,1
1053415158,derm,0,1,2013,85306,129,1,44,18,0,22,2
1093754657,derm,0,1,2013,65665,129,0,53,20,1,22,5
1144348434,derm,0,1,2013,160482,129,1,36,8,1,22,1
1588695100,derm,0,1,2013,85306,129,0,55,28,1,22,1
1790763332,derm,0,1,2013,251109,129,0,52,25,1,22,1
1821065657,derm,0,1,2013,160482,129,0,68,37,1,22,3
1821084740,derm,0,2,2013,94122,129,1,55,15,1,77,2
1821160664,derm,0,1,2013,65665,129,0,38,14,0,22,7
1982653325,derm,0,1,2013,160482,129,0,61,33,1,22,3
1982679924,derm,0,1,2013,160482,129,0,64,38,1,22,1
1992725089,derm,0,1,2013,160482,129,0,37,11,1,22,1
1033162680,derm,0,1,2013,251285,130,0,46,20,1,107,1
1114221801,derm,0,1,2013,17628,130,1,35,7,1,107,1
1386976009,derm,0,1,2013,252772,130,1,47,21,0,107,1
1417990821,derm,0,1,2013,266788,130,0,49,12,1,107,6
1447226006,derm,0,1,2013,264683,130,0,55,29,1,107,3
1518040492,derm,0,1,2013,325348,130,1,61,35,1,107,5
1518053537,derm,0,1,2013,65665,130,1,42,10,1,107,1
1780696310,derm,0,1,2013,267512,130,1,47,,1,107,3
1811928237,derm,0,1,2013,106461,130,0,38,10,0,107,1
1285771444,derm,0,1,2013,267512,131,1,47,11,1,17,5
1548381049,derm,0,1,2013,247216,131,0,35,9,1,17,2
1013956572,derm,0,1,2013,327219,133,0,61,35,1,4,1
1093785982,derm,0,2,2013,328404,133,1,41,15,1,118,5
1174652275,derm,0,1,2013,247152,134,1,43,13,1,21,2
1427355601,derm,0,1,2013,261263,134,0,32,5,1,21,2
1518942333,derm,0,2,2013,261263,134,0,40,11,1,96,5
1720008436,derm,0,1,2013,108461,134,1,53,27,1,21,1
1902134380,derm,0,1,2013,18211,134,0,50,21,1,21,2
1194831479,derm,0,1,2013,261013,139,0,63,36,1,25,3
1295841609,derm,0,1,2013,261013,139,0,59,32,1,25,4
1386660496,derm,0,1,2013,261013,139,0,59,34,1,25,4
1477516656,derm,0,1,2013,253486,139,1,54,32,1,25,1
1508857681,derm,0,1,2013,261013,139,1,66,40,1,25,3
1629006259,derm,0,1,2013,52881,139,0,46,19,0,25,3
1639404601,derm,0,1,2013,253486,139,1,37,6,1,25,2
1720044951,derm,0,1,2013,261013,139,0,62,35,1,25,7
1760446363,derm,0,1,2013,261013,139,0,47,21,1,25,3
1841306651,derm,0,1,2013,261013,139,0,63,41,0,25,2
1841594801,derm,0,1,2013,261013,139,0,31,4,1,25,7
1720045552,derm,0,1,2013,101624,140,0,52,26,1,23,2
1023076510,derm,0,2,2013,251805,141,0,55,26,1,76,6
1194783738,derm,0,2,2013,251805,141,0,54,26,1,76,11
1205090974,derm,0,1,2013,247244,141,0,35,6,1,52,2
1659660009,derm,0,1,2013,252082,141,0,35,5,1,52,3
1699778019,derm,0,1,2013,252943,141,0,65,38,1,52,1
1144232281,derm,0,1,2013,242048,144,0,34,8,1,197,1
1225178825,derm,0,1,2013,121888,144,0,42,14,0,197,7
1285816017,derm,0,1,2013,79164,144,1,34,8,0,197,1
1477789493,derm,0,1,2013,140538,144,1,32,1,1,197,1
1548223779,derm,1,1,2013,238548,144,0,42,12,1,197,2
1548428519,derm,0,1,2013,114189,144,1,34,8,1,197,1
1598920357,derm,0,1,2013,185963,144,0,35,5,0,197,1
1619199056,derm,0,1,2013,241396,144,0,35,7,1,197,2
1659347581,derm,0,1,2013,241992,144,1,38,12,1,197,1
1740251800,derm,0,1,2013,130382,144,1,42,15,1,197,1
1821205360,derm,0,1,2013,241586,144,1,36,8,0,197,1
1912094046,derm,0,1,2013,121888,144,0,38,12,1,197,2
1912228941,derm,0,1,2013,242048,144,1,34,3,1,197,1
1952591125,derm,0,1,2013,116181,144,0,40,18,0,197,1
1366602153,derm,0,1,2013,240885,148,1,36,8,0,5,1
1558365049,derm,0,1,2013,92821,149,1,57,18,1,20,1
1760400881,derm,0,1,2013,118697,149,0,48,18,1,20,1
1841252905,derm,0,2,2013,241479,149,1,49,15,0,220,3
1730313586,derm,0,1,2013,176317,151,0,34,4,1,25,2
1841204567,derm,0,1,2013,176317,151,0,37,11,1,25,2
1841486198,derm,1,1,2013,149149,154,1,37,5,0,6,1
1023007143,derm,0,1,2013,145793,155,0,38,11,0,19,3
1114033669,derm,0,1,2013,145793,155,1,49,22,1,19,2
1134119035,derm,0,1,2013,145793,155,0,69,41,0,19,4
1245308048,derm,0,1,2013,145793,155,1,51,17,1,19,2
1437143013,derm,0,1,2013,149695,155,0,54,30,0,19,2
1477547875,derm,0,1,2013,147912,155,0,43,14,0,19,1
1487769436,derm,0,1,2013,145793,155,1,41,15,1,19,4
1497741953,derm,0,1,2013,148823,155,1,60,32,1,19,1
1679748552,derm,0,1,2013,145793,155,1,32,7,0,19,1
1861612475,derm,0,1,2013,145793,155,1,40,16,0,19,2
1942311972,derm,0,1,2013,145793,155,1,40,11,1,19,3
1962689117,derm,0,1,2013,145793,155,1,36,13,0,19,1
1366485740,derm,0,1,2013,145808,156,1,39,13,1,96,1
1669672804,derm,0,1,2013,10604,156,1,32,6,1,96,1
1851483119,derm,0,1,2013,51322,156,0,51,22,1,96,3
1902873342,derm,0,1,2013,98608,156,0,42,17,0,96,4
1548272545,derm,0,1,2013,132002,158,0,56,29,1,18,5
1932201712,derm,0,1,2013,149851,158,0,36,13,0,18,2
1649479296,derm,0,1,2013,120114,161,0,47,18,1,73,2
1740403609,derm,1,1,2013,148271,161,1,37,10,1,73,1
1295937464,derm,0,1,2013,12978,163,1,32,6,0,30,1
1386840148,derm,1,1,2013,145933,163,1,35,6,0,30,1
1417122763,derm,1,2,2013,145793,163,1,36,11,1,51,4
1699761783,derm,0,1,2013,240104,163,1,39,13,0,30,1
1013011394,derm,0,1,2013,152050,170,0,57,30,1,9,4
1891959086,derm,0,1,2013,122715,170,0,32,,1,9,3
1154562080,derm,0,3,2013,149476,171,0,36,6,1,51,5
1245344357,derm,1,1,2013,152081,172,1,63,38,1,22,1
1770576209,derm,1,1,2013,152448,172,1,39,11,1,22,1
1609958032,derm,1,1,2013,152112,173,0,36,12,0,6,1
1962630574,derm,1,1,2013,101999,179,1,31,4,1,11,2
1689847428,derm,0,1,2013,143371,180,0,35,11,0,9,2
1518031475,derm,0,1,2013,257904,181,0,48,20,1,7,1
1649458712,derm,0,1,2013,257904,181,0,61,35,0,7,2
1003898065,derm,1,1,2013,257904,183,0,56,31,1,82,7
1043292022,derm,1,1,2013,257904,183,0,42,15,1,82,2
1043295470,derm,1,1,2013,257904,183,1,60,32,1,82,1
1043382385,derm,1,1,2013,257904,183,0,66,41,0,82,3
1083665384,derm,0,1,2013,69549,183,0,49,22,0,82,3
1093756348,derm,1,1,2013,257904,183,1,38,10,1,82,5
1104095033,derm,1,1,2013,257904,183,1,38,8,1,82,3
1104808252,derm,1,1,2013,257904,183,0,48,21,1,82,5
1144250689,derm,0,1,2013,69549,183,0,41,12,1,82,4
1144494592,derm,1,1,2013,257904,183,0,55,28,1,82,11
1164490215,derm,1,1,2013,257904,183,0,58,32,1,82,5
1225003262,derm,1,1,2013,257904,183,0,42,14,1,82,5
1245214162,derm,0,1,2013,69549,183,1,43,15,1,82,4
1255337366,derm,1,1,2013,257904,183,1,53,26,1,82,4
1275644361,derm,0,1,2013,96855,183,0,38,11,1,82,6
1295061802,derm,1,1,2013,257904,183,0,40,7,0,82,2
1295717270,derm,1,1,2013,257904,183,0,60,34,1,82,2
1336378926,derm,1,1,2013,257904,183,1,35,9,0,82,1
1356354534,derm,1,1,2013,257904,183,0,63,38,1,82,7
1376552265,derm,1,1,2013,257904,183,0,62,37,1,82,4
1386728863,derm,1,1,2013,257904,183,0,35,8,1,82,3
1417934829,derm,1,1,2013,257904,183,0,60,34,1,82,5
1437349180,derm,1,1,2013,257904,183,0,36,10,1,82,1
1467455931,derm,1,1,2013,257904,183,1,45,19,1,82,4
1528040102,derm,1,1,2013,257904,183,0,58,31,1,82,4
1548242522,derm,1,1,2013,257904,183,0,55,28,1,82,6
1568471449,derm,1,1,2013,257904,183,0,62,37,1,82,4
1578566048,derm,1,1,2013,257904,183,0,48,21,1,82,6
1669454260,derm,1,1,2013,257904,183,0,42,16,1,82,4
1679555718,derm,1,1,2013,257904,183,0,45,18,1,82,3
1699878959,derm,0,1,2013,141904,183,0,48,14,1,82,1
1710962840,derm,1,1,2013,257904,183,0,44,17,1,82,4
1720007412,derm,0,1,2013,88040,183,1,53,23,0,82,1
1740262716,derm,1,1,2013,257904,183,0,51,24,1,82,5
1770565145,derm,1,1,2013,257904,183,0,53,26,1,82,7
1801805833,derm,1,1,2013,257904,183,0,64,37,1,82,5
1811941875,derm,1,1,2013,257904,183,0,41,15,1,82,5
1831172949,derm,1,1,2013,257904,183,1,39,12,1,82,2
1851599971,derm,0,1,2013,114221,183,1,33,8,1,82,1
1881653053,derm,0,1,2013,141871,183,0,45,19,1,82,1
1922001494,derm,1,1,2013,257904,183,0,42,16,1,82,2
1952473290,derm,1,1,2013,257904,183,0,67,42,0,82,3
1952566572,derm,1,1,2013,257904,183,0,32,5,1,82,2
1982616348,derm,1,1,2013,257904,183,1,36,9,1,82,1
1952313215,derm,0,2,2013,143296,184,0,35,9,1,15,3
1184715641,derm,0,1,2013,166509,191,0,54,28,1,13,1
1275505505,derm,0,1,2013,149239,191,1,41,13,1,13,6
1295709657,derm,0,1,2013,149239,191,0,49,26,1,13,2
1326010299,derm,0,1,2013,149239,191,0,48,21,1,13,3
1497990667,derm,0,1,2013,149239,191,0,31,5,1,13,1
1750353744,derm,0,1,2013,149239,191,0,54,27,1,13,6
1003876863,derm,0,1,2013,167057,192,0,56,29,1,21,5
1023096518,derm,1,1,2013,167080,192,1,42,14,1,21,2
1043207939,derm,0,1,2013,167057,192,0,36,8,1,21,2
1063471720,derm,0,1,2013,167057,192,1,43,16,1,21,4
1073667606,derm,0,1,2013,167057,192,1,38,9,1,21,3
1083677512,derm,0,1,2013,167057,192,0,38,10,1,21,5
1093764615,derm,0,1,2013,167057,192,0,48,26,0,21,1
1093792962,derm,0,1,2013,167057,192,1,43,15,1,21,1
1093974172,derm,0,1,2013,167057,192,0,32,5,1,21,2
1104939545,derm,0,1,2013,167057,192,1,34,7,1,21,1
1124353099,derm,0,1,2013,167057,192,0,36,5,1,21,2
1134108004,derm,0,1,2013,167057,192,1,42,16,1,21,1
1134127707,derm,0,1,2013,167057,192,0,65,40,1,21,5
1134188683,derm,0,1,2013,167057,192,1,53,22,1,21,2
1134189640,derm,0,1,2013,167057,192,1,43,14,1,21,1
1164627204,derm,0,1,2013,167057,192,1,33,6,1,21,3
1174583843,derm,0,1,2013,167057,192,0,70,38,1,21,3
1184650905,derm,0,1,2013,167296,192,1,36,9,1,21,4
1225099344,derm,0,1,2013,167057,192,0,65,27,1,21,1
1245218023,derm,0,1,2013,167057,192,0,55,28,1,21,6
1255391983,derm,0,1,2013,167057,192,0,47,23,1,21,3
1255643680,derm,0,2,2013,167057,192,0,35,3,1,54,2
1265410450,derm,0,1,2013,167057,192,0,46,18,1,21,3
1265492458,derm,0,1,2013,167057,192,1,49,20,1,21,1
1275592941,derm,0,1,2013,167057,192,0,57,32,1,21,2
1285693796,derm,0,1,2013,167057,192,1,65,38,1,21,1
1306009360,derm,1,2,2013,167057,192,0,31,5,1,57,4
1306852967,derm,0,1,2013,167057,192,1,47,23,0,21,1
1376520338,derm,0,1,2013,167057,192,1,37,11,1,21,2
1376548784,derm,0,1,2013,167057,192,0,56,30,1,21,5
1396706362,derm,0,1,2013,167057,192,1,37,10,1,21,2
1417059130,derm,0,1,2013,167057,192,0,42,16,1,21,3
1447226840,derm,0,1,2013,167057,192,0,71,36,1,21,1
1447279971,derm,0,1,2013,167057,192,1,38,13,0,21,4
1477532125,derm,0,1,2013,167057,192,0,58,27,1,21,6
1497715262,derm,0,1,2013,167057,192,0,41,14,1,21,2
1508844309,derm,0,1,2013,167057,192,0,39,11,1,21,2
1508845454,derm,0,1,2013,166473,192,0,63,38,1,21,2
1518914662,derm,0,1,2013,167057,192,0,40,12,1,21,3
1518928530,derm,0,1,2013,167057,192,1,60,21,1,21,4
1528046117,derm,1,1,2013,167080,192,1,52,19,1,21,4
1528059086,derm,0,1,2013,167057,192,0,59,33,1,21,2
1568421873,derm,0,1,2013,167057,192,1,40,13,1,21,2
1578541108,derm,0,1,2013,167057,192,0,52,26,1,21,2
1619936382,derm,0,1,2013,167057,192,1,41,14,1,21,1
1629038195,derm,0,1,2013,167057,192,0,64,37,1,21,4
1669459533,derm,0,1,2013,167057,192,0,60,33,1,21,2
1679527428,derm,0,1,2013,167057,192,1,49,23,1,21,2
1689634206,derm,0,1,2013,167057,192,0,64,38,1,21,3
1699752790,derm,0,1,2013,167057,192,0,54,27,1,21,2
1700089539,derm,0,1,2013,167057,192,1,33,6,1,21,3
1700846474,derm,0,1,2013,167057,192,0,62,36,1,21,2
1700859261,derm,0,1,2013,167057,192,1,58,27,1,21,1
1740268002,derm,0,1,2013,167057,192,0,51,25,1,21,3
1750368817,derm,0,1,2013,167057,192,0,37,11,1,21,7
1760441273,derm,0,1,2013,167057,192,0,42,16,1,21,2
1760442529,derm,0,1,2013,167057,192,0,62,36,1,21,2
1760442768,derm,0,1,2013,167057,192,1,55,27,1,21,5
1760680235,derm,0,1,2013,167057,192,1,32,6,1,21,2
1780643163,derm,0,1,2013,167057,192,0,63,38,1,21,4
1790754695,derm,0,1,2013,167057,192,0,42,13,1,21,5
1811904295,derm,0,1,2013,167057,192,1,46,13,1,21,3
1821058322,derm,0,1,2013,167057,192,1,40,13,1,21,2
1821297185,derm,0,1,2013,167057,192,0,35,7,1,21,2
1841259504,derm,0,1,2013,167057,192,0,39,13,1,21,5
1841279734,derm,0,1,2013,167057,192,1,56,30,1,21,10
1851351456,derm,0,1,2013,167057,192,0,81,55,1,21,5
1881691517,derm,0,1,2013,167057,192,0,56,30,1,21,2
1922068691,derm,0,1,2013,167057,192,0,63,,1,21,3
1922236181,derm,0,1,2013,167057,192,1,31,4,1,21,2
1942260559,derm,0,1,2013,167057,192,1,60,27,1,21,3
1942298088,derm,0,1,2013,167057,192,0,40,14,1,21,2
1982664082,derm,0,1,2013,167057,192,1,45,16,1,21,3
1992757116,derm,0,1,2013,167057,192,0,60,,1,21,2
1992765994,derm,0,1,2013,167057,192,0,61,35,1,21,5
1124132188,derm,1,3,2013,166498,194,0,56,31,0,121,6
1174637110,derm,0,1,2013,166849,194,0,48,23,1,21,1
1316043565,derm,0,1,2013,167057,197,0,39,14,1,1,1
1336127737,derm,0,1,2013,167057,197,1,58,30,1,1,1
1356382923,derm,0,1,2013,167057,197,1,45,9,1,1,1
1366428559,derm,0,1,2013,167057,197,0,73,49,0,1,1
1396722468,derm,0,1,2013,167057,197,0,44,17,1,1,1
1508823998,derm,0,1,2013,167057,197,0,40,16,0,1,1
1609989789,derm,0,1,2013,167057,197,1,54,27,1,1,1
1376854059,derm,1,1,2013,211813,201,0,31,3,1,16,1
1821037979,derm,0,2,2013,211786,201,0,42,18,1,35,5
1417985235,derm,0,1,2013,129852,203,0,58,27,0,13,1
1669522215,derm,0,1,2013,287331,203,1,62,21,1,13,3
1437137957,derm,0,1,2013,130700,204,0,54,28,1,35,4
1154518074,derm,0,1,2013,256607,205,1,35,6,1,58,1
1619991890,derm,0,1,2013,130263,205,1,38,13,1,58,1
1790796654,derm,0,1,2013,69982,205,0,41,8,1,58,1
1952599763,derm,0,2,2013,154585,205,1,32,6,1,72,2
1437364973,derm,0,1,2013,95848,207,0,46,7,1,4,1
1497779755,derm,0,1,2013,274043,209,0,45,13,1,5,2
1154359974,derm,1,1,2013,274278,212,0,59,23,1,9,1
1306801634,derm,0,1,2013,288631,214,0,41,15,1,7,2
1407817190,derm,0,1,2013,288631,214,0,52,26,1,7,4
1760708606,derm,0,1,2013,288631,214,0,40,14,0,7,1
1972682300,derm,0,1,2013,288631,214,1,63,27,1,7,6
1962406298,derm,0,1,2013,275977,216,0,69,44,1,37,9
1225010184,derm,0,1,2013,550,222,0,59,33,1,30,2
1235387325,derm,0,1,2013,546,222,1,41,7,1,30,2
1982697892,derm,0,1,2013,566,222,1,48,18,0,30,2
1407006992,derm,0,1,2013,216459,223,0,34,10,1,117,3
1528237930,derm,0,1,2013,218645,223,0,34,8,0,117,1
1639171440,derm,0,1,2013,216330,223,0,56,30,1,117,1
1780647321,derm,0,1,2013,219727,223,0,40,12,1,117,1
1164492880,derm,0,1,2013,219727,226,1,59,37,0,29,3
1023091766,derm,0,1,2013,10039,227,0,42,12,0,316,1
1043474018,derm,1,1,2013,9944,227,0,55,28,1,316,5
1184760712,derm,0,1,2013,8314,227,1,55,28,1,316,3
1336302645,derm,0,1,2013,9103,227,1,32,5,0,316,2
1376642157,derm,0,1,2013,9259,227,1,59,36,1,316,1
1497709448,derm,0,1,2013,3952,227,0,59,33,1,316,2
1568408979,derm,1,1,2013,9944,227,0,58,32,1,316,4
1780754457,derm,0,2,2013,78726,227,1,36,10,1,353,4
1316984560,derm,0,3,2013,117287,230,1,51,26,1,108,3
1588830608,derm,0,1,2013,267512,230,0,40,7,1,24,1
1063698322,derm,1,1,2013,9404,231,1,42,16,0,31,1
1336300508,derm,1,1,2013,160953,232,1,32,5,1,55,2
1508881954,derm,1,1,2013,160953,232,0,41,16,1,55,2
1790959492,derm,1,1,2013,160953,232,1,33,5,0,55,2
1073675427,derm,0,1,2013,60819,233,0,44,9,1,16,2
1386623932,derm,0,1,2013,157880,233,0,68,43,0,16,1
1982692273,derm,0,1,2013,156520,233,0,58,34,1,16,2
1154646842,derm,0,2,2013,64468,234,0,35,-2,1,81,4
1477711893,derm,0,1,2013,154585,234,1,31,5,1,53,1
1558320432,derm,0,1,2013,154585,234,1,39,17,1,53,2
1568547958,derm,0,1,2013,157972,235,0,47,21,0,11,3
1043201882,derm,0,1,2013,157880,236,0,66,8,1,20,1
1235223926,derm,0,2,2013,157880,236,1,52,9,1,50,5
1427066646,derm,0,1,2013,157880,236,0,60,33,0,20,3
1740267947,derm,0,1,2013,157880,236,0,66,22,1,20,1
1912910696,derm,0,1,2013,120456,236,0,46,19,1,20,1
1174522957,derm,0,1,2013,156413,238,0,44,18,1,6,1
1770546103,derm,0,1,2013,159218,239,1,49,20,1,11,2
1073525507,derm,0,1,2013,187723,244,0,64,37,1,21,4
1235375361,derm,1,2,2013,154593,244,0,37,11,1,71,2
1255409702,derm,0,1,2013,154593,244,0,63,37,1,21,1
1386775419,derm,0,1,2013,187723,244,0,36,8,1,21,3
1427126960,derm,0,1,2013,154593,244,0,50,24,1,21,2
1689742116,derm,0,1,2013,154593,244,1,57,33,1,21,2
1811099559,derm,0,1,2013,154593,244,1,45,21,1,21,1
1831267368,derm,0,1,2013,154593,244,0,61,28,1,21,1
1881676088,derm,0,1,2013,98117,244,0,44,13,0,21,2
1952561565,derm,0,1,2013,154593,244,1,32,5,1,21,1
1316926165,derm,0,1,2013,293948,245,1,48,24,0,65,1
1649292269,derm,0,1,2013,159340,245,0,66,36,1,65,1
1922245083,derm,0,1,2013,188980,245,0,34,5,0,65,2
1952385098,derm,0,1,2013,72157,245,1,44,20,1,65,6
1316969066,derm,0,1,2013,157880,246,1,58,32,1,7,3
1174764740,derm,1,1,2013,164026,251,1,32,6,1,113,2
1497714455,derm,1,1,2013,167950,251,0,48,17,0,113,1
1831134352,derm,0,2,2013,161358,251,0,54,27,1,118,2
1265694129,derm,0,2,2013,260350,257,1,40,5,1,36,5
1831105980,derm,1,1,2013,263696,258,0,58,32,1,10,3
1841475845,derm,0,1,2013,328690,264,0,36,7,0,31,1
1811195894,derm,0,1,2013,45053,268,1,35,11,0,60,1
1255319810,derm,0,1,2013,325063,273,0,45,18,1,108,1
1356557698,derm,0,1,2013,169376,273,0,40,8,1,108,3
1477767101,derm,0,1,2013,169376,273,1,35,9,1,108,1
1639142508,derm,0,1,2013,114771,274,0,45,19,1,20,1
1346232790,derm,0,1,2013,335564,279,0,62,,1,30,1
1457475410,derm,1,1,2013,326514,279,1,34,11,0,30,1
1477540938,derm,0,2,2013,326497,279,1,58,14,1,37,2
1770520306,derm,0,1,2013,50735,279,0,45,18,0,30,7
1265440994,derm,1,1,2013,78647,281,1,59,20,1,19,1
1811997927,derm,1,1,2013,3589,281,0,51,27,1,19,1
1154434462,derm,1,1,2013,78647,282,1,46,7,1,34,1
1295781748,derm,0,1,2013,326298,282,1,48,21,1,34,3
1982672952,derm,0,2,2013,257616,282,1,51,26,1,105,5
1114983541,derm,0,1,2013,77932,283,0,54,28,0,102,4
1194740225,derm,0,2,2013,219946,283,0,56,29,1,304,19
1255596052,derm,1,2,2013,39758,283,1,31,5,0,128,2
1376549642,derm,0,1,2013,80119,283,0,55,29,1,102,1
1770626111,derm,0,1,2013,39760,283,1,61,28,1,102,1
1427122464,derm,0,1,2013,144426,284,0,74,46,1,78,1
1730352576,derm,0,1,2013,98979,284,0,37,10,0,78,2
1609818756,derm,0,1,2013,81379,285,1,40,15,0,64,1
1609822501,derm,0,1,2013,81379,285,1,51,24,1,64,2
1629081211,derm,0,1,2013,81379,285,0,43,10,0,64,1
1669507588,derm,0,1,2013,80708,285,0,38,12,0,64,1
1699801647,derm,0,1,2013,81379,285,0,57,23,1,64,3
1942386917,derm,0,1,2013,81379,285,0,50,19,1,64,5
1194718130,derm,0,3,2013,62823,288,0,55,17,1,431,3
1407174451,derm,0,1,2013,116334,289,1,33,6,0,41,3
1275798357,derm,0,1,2013,219265,291,1,57,27,1,12,3
1770515918,derm,0,1,2013,219265,291,0,63,33,1,12,3
1336127836,derm,0,1,2013,321313,293,0,47,12,1,47,1
1467675827,derm,0,1,2013,316394,293,1,50,23,1,47,2
1801912985,derm,0,1,2013,326514,293,1,35,9,1,47,1
1053522268,derm,0,1,2013,38238,295,1,33,6,1,49,2
1073562187,derm,0,1,2013,38246,295,0,46,14,1,49,3
1083604433,derm,0,1,2013,9520,295,0,64,35,0,49,1
1164653085,derm,0,1,2013,38238,295,1,34,11,0,49,1
1407842750,derm,0,1,2013,38246,295,1,39,14,1,49,3
1861496127,derm,0,1,2013,32267,295,1,77,46,1,49,1
1023244167,derm,1,1,2013,33412,297,1,33,7,1,31,1
1396874525,derm,0,1,2013,11482,297,1,63,14,1,31,1
1265479976,derm,0,1,2013,81592,301,0,43,21,1,231,4
1720064157,derm,0,1,2013,151265,301,1,53,30,1,231,4
1073621231,derm,0,1,2013,183495,303,0,54,29,1,335,5
1487811121,derm,1,1,2013,35854,303,0,34,7,1,335,2
1609984855,derm,0,1,2013,183495,303,0,59,32,1,335,7
1811976970,derm,0,1,2013,29167,303,0,49,17,1,335,2
1841346392,derm,0,2,2013,328315,303,0,75,31,1,351,2
1891803037,derm,0,1,2013,183495,303,0,57,29,1,335,1
1972679942,derm,0,1,2013,34237,303,0,51,27,0,335,2
1982695383,derm,0,3,2013,130263,303,0,48,15,0,760,5
1649222704,derm,0,1,2013,44226,304,0,40,14,0,39,2
1972697290,derm,0,1,2013,44226,304,0,59,30,1,39,2
1376700070,derm,1,2,2013,33399,308,1,34,6,0,143,5
1679644264,derm,0,1,2013,151265,308,0,61,32,1,71,1
1124092465,derm,0,1,2013,183047,309,0,37,11,1,24,4
1215114129,derm,0,1,2013,231935,309,1,32,6,1,24,1
1427091222,derm,0,1,2013,54821,309,1,33,7,1,24,2
1508843640,derm,0,1,2013,51060,309,1,54,28,1,24,1
1750377651,derm,0,1,2013,175369,309,0,59,32,1,24,1
1093760324,derm,1,1,2013,240246,311,1,36,10,1,81,1
1134348485,derm,1,1,2013,240246,311,0,36,9,1,81,2
1245433291,derm,1,1,2013,232664,311,0,32,6,1,81,4
1518901602,derm,1,1,2013,240246,311,1,43,17,0,81,2
1720214281,derm,1,1,2013,232664,311,1,30,4,1,81,2
1841248770,derm,0,1,2013,230786,311,0,46,15,1,81,6
1851349468,derm,0,1,2013,229730,311,0,44,16,1,81,2
1548249816,derm,0,1,2013,231350,312,0,60,31,1,65,2
1730346834,derm,0,2,2013,231350,312,1,32,6,1,77,2
1326243775,derm,0,2,2013,231615,314,0,35,6,1,357,4
1356370696,derm,1,1,2013,231288,314,0,53,30,0,26,1
1851361976,derm,0,1,2013,106422,314,0,49,23,1,26,3
1497741987,derm,0,1,2013,220164,315,1,50,21,1,8,2
1023001484,derm,0,1,2013,231350,318,1,38,16,1,46,2
1083672547,derm,0,1,2013,54821,318,0,74,47,1,46,3
1275581944,derm,0,1,2013,54821,318,1,56,30,1,46,12
1700945847,derm,0,1,2013,107071,318,0,50,26,1,46,12
1760430144,derm,0,1,2013,54821,318,0,49,23,1,46,11
1760660781,derm,0,1,2013,232613,318,1,43,20,0,46,4
1982674362,derm,0,1,2013,223153,318,0,48,12,1,46,1
1235163668,derm,0,2,2013,240246,319,0,61,29,1,117,6
1063433803,derm,1,1,2013,229575,320,1,46,21,1,43,1
1245461128,derm,0,1,2013,311268,320,0,42,16,0,43,1
1699783092,derm,0,1,2013,231954,320,0,60,25,1,43,4
1811007966,derm,1,1,2013,172984,322,0,51,18,1,14,2
1336185339,derm,1,1,2013,140070,328,1,40,14,1,119,1
1538276472,derm,1,1,2013,138202,328,0,38,12,1,119,2
1700090735,derm,0,1,2013,121754,328,1,32,7,0,119,7
1841420635,derm,0,1,2013,138218,328,0,33,8,1,119,3
1922273432,derm,1,2,2013,138202,328,0,32,5,1,153,3
1952492555,derm,1,1,2013,138202,328,0,37,11,1,119,1
1003127218,derm,1,1,2013,114221,329,1,31,3,1,87,1
1497735344,derm,0,1,2013,130943,329,0,64,38,1,87,2
1659339042,derm,0,1,2013,187323,329,0,50,21,1,87,1
1952504789,derm,0,1,2013,131046,329,1,52,10,1,87,2
1972587657,derm,0,1,2013,86705,329,1,46,20,1,87,2
1780683755,derm,0,1,2013,129795,330,0,55,22,1,18,1
1265432389,derm,1,1,2013,138253,334,0,75,51,0,21,2
1346238326,derm,0,1,2013,184604,335,1,55,28,0,17,1
1619266947,derm,0,2,2013,140056,335,1,31,5,1,135,3
1811974413,derm,0,1,2013,93509,336,0,45,12,1,2,2
1225062359,derm,0,1,2013,177549,339,0,46,22,0,45,7
1740476951,derm,1,1,2013,277017,340,0,33,6,1,32,2
1467418681,derm,0,1,2013,332945,341,1,52,18,1,10,2
1154442986,derm,1,1,2013,332937,342,1,38,13,0,20,3
1235282559,derm,0,2,2013,331906,342,0,38,10,1,29,4
1265591622,derm,0,1,2013,332341,343,0,60,33,1,12,3
1053457937,derm,0,1,2013,330445,344,0,32,7,1,85,5
1346285285,derm,0,1,2013,331896,344,1,38,13,0,85,1
1912136011,derm,1,1,2013,332672,344,1,36,12,0,85,1
1144481250,derm,0,1,2013,83933,346,1,33,10,0,27,2
1235137746,derm,0,1,2013,90604,347,0,43,17,1,6,2
1588824882,derm,0,1,2013,104613,350,1,32,9,1,26,1
1598732018,derm,1,1,2013,87798,350,0,60,31,1,26,1
1619115250,derm,1,1,2013,87798,350,1,34,5,1,26,6
1639342363,derm,1,1,2013,85439,350,0,39,14,1,26,2
1922068162,derm,0,1,2013,104613,350,0,57,32,1,26,3
1952369209,derm,0,1,2013,104613,350,1,47,21,1,26,2
1184776056,derm,0,1,2013,267512,352,0,38,9,1,33,2
1790749059,derm,1,1,2013,90474,352,0,42,17,1,33,1
1821046723,derm,0,2,2013,89813,352,1,59,12,1,58,3
1346347218,derm,0,2,2013,83955,355,0,38,7,1,52,4
1437247954,derm,0,1,2013,86304,355,0,33,7,1,14,1
1538350798,derm,0,1,2013,87151,355,1,35,10,0,14,1
1679546550,derm,0,1,2013,86304,355,0,38,11,1,14,1
1760455638,derm,0,1,2013,83850,355,1,37,11,1,14,2
1013930304,derm,0,1,2013,177633,356,1,43,18,0,227,2
1083661185,derm,0,2,2013,185375,356,0,65,38,1,256,5
1124141148,derm,1,1,2013,86408,356,1,37,9,1,227,1
1700817566,derm,0,1,2013,55784,356,1,42,16,1,227,1
1801050737,derm,0,1,2013,86146,356,1,37,14,1,227,1
1962459156,derm,0,1,2013,85574,356,0,40,13,1,227,2
1992887475,derm,0,1,2013,117086,356,1,52,26,1,227,2
1417272014,derm,0,1,2013,68351,358,1,64,14,1,9,1
1558343897,derm,0,1,2013,60053,365,1,43,16,1,46,2
1053532309,derm,0,1,2013,241905,366,1,38,10,1,21,1
1255317723,derm,0,1,2013,236784,366,1,41,15,1,21,3
1922098680,derm,0,1,2013,236784,366,0,46,19,1,21,6
1114173440,derm,0,1,2013,236052,368,0,41,9,0,34,1
1386871655,derm,1,1,2013,236487,368,1,31,4,1,34,1
1780634824,derm,1,1,2013,236487,368,0,45,17,1,34,2
1801923560,derm,1,1,2013,236487,368,1,34,7,1,34,2
1194994210,derm,0,1,2013,238005,369,0,36,7,1,6,1
1518961028,derm,0,2,2013,70043,369,0,45,18,1,60,2
1669793808,derm,1,1,2013,184513,371,0,35,3,1,19,1
1730123332,derm,1,1,2013,184513,371,0,50,20,1,19,1
1457305161,derm,0,1,2013,97705,373,1,53,17,1,11,1
1699778936,derm,0,1,2013,70963,375,0,63,38,1,12,3
1104930502,derm,0,1,2013,259941,376,1,46,21,0,13,1
1477562312,derm,0,1,2013,242811,379,0,83,57,1,39,4
1356304984,derm,1,1,2013,258598,380,1,59,35,1,70,1
1437315470,derm,0,1,2013,260204,380,0,39,9,1,70,2
1588788301,derm,0,1,2013,260150,380,0,36,9,1,70,3
1649256330,derm,1,1,2013,258598,380,0,39,13,1,70,3
1720181738,derm,0,1,2013,137454,380,0,42,16,1,70,1
1780771543,derm,0,1,2013,131358,380,0,49,21,1,70,1
1013005875,derm,0,1,2013,285257,382,0,43,12,0,6,1
1164458980,derm,0,1,2013,288633,382,0,54,21,1,6,1
1376573162,derm,0,2,2013,285400,382,0,42,16,1,173,2
1659302008,derm,0,1,2013,285302,382,0,38,15,1,6,1
1659369056,derm,0,1,2013,288633,382,0,50,26,0,6,1
1477526044,derm,1,1,2013,285427,383,0,46,22,0,9,2
1700847464,derm,0,1,2013,284089,383,0,45,21,0,9,1
1235129511,derm,0,1,2013,189137,385,0,65,36,1,81,2
1235166786,derm,1,1,2013,281570,385,1,39,13,0,81,2
1528047693,derm,0,1,2013,281465,385,1,41,15,0,81,3
1568476109,derm,0,1,2013,288631,390,0,68,41,0,4,1
1023017175,derm,0,1,2013,288915,391,1,47,21,1,155,6
1043280266,derm,0,1,2013,68413,391,0,38,12,1,155,1
1053503870,derm,0,1,2013,174158,391,0,35,10,0,155,1
1114989910,derm,0,1,2013,288633,391,0,53,27,0,155,3
1124093893,derm,0,1,2013,288633,391,0,42,13,0,155,4
1164485140,derm,0,1,2013,288633,391,0,47,17,0,155,4
1295728152,derm,0,1,2013,288633,391,0,62,34,1,155,4
1316958713,derm,0,1,2013,97258,391,1,39,8,0,155,2
1396070348,derm,0,1,2013,285236,391,1,35,9,0,155,1
1477584480,derm,0,1,2013,288915,391,1,49,19,1,155,9
1528174943,derm,0,1,2013,260488,391,1,38,13,0,155,2
1588657431,derm,0,1,2013,288633,391,0,65,38,1,155,1
1588730170,derm,0,1,2013,288633,391,1,69,37,1,155,1
1639339575,derm,0,1,2013,68413,391,0,31,5,1,155,2
1679548366,derm,0,1,2013,288633,391,0,62,32,1,155,2
1811002454,derm,0,1,2013,109731,391,1,46,20,1,155,8
1902866163,derm,1,1,2013,285000,391,1,42,15,0,155,1
1952560112,derm,1,1,2013,287745,391,1,31,5,1,155,3
1316992779,derm,0,1,2013,286494,393,0,62,17,0,12,1
1376743518,derm,0,1,2013,68413,393,0,45,19,0,12,3
1437149655,derm,0,1,2013,285345,393,0,60,34,0,12,5
1518160548,derm,0,1,2013,68413,393,1,42,17,0,12,3
1801058177,derm,0,1,2013,183531,393,0,31,5,0,12,5
1952492209,derm,0,1,2013,68413,393,1,37,10,1,12,1
1225002736,derm,0,1,2013,327475,394,0,61,,1,60,1
1306816699,derm,0,1,2013,288965,394,1,44,15,1,60,2
1386840643,derm,0,1,2013,288965,394,1,34,6,1,60,1
1477578151,derm,1,1,2013,287760,394,0,58,26,1,60,2
1679591267,derm,0,1,2013,288965,394,0,55,28,1,60,13
1750545364,derm,0,2,2013,288965,394,1,35,8,1,81,7
1790072676,derm,0,1,2013,288965,394,1,29,4,1,60,1
1811018294,derm,1,1,2013,285236,394,0,41,16,0,60,1
1861657355,derm,0,1,2013,288965,394,0,34,5,1,60,5
1740287051,derm,0,1,2013,293974,396,0,65,39,1,5,3
1043364839,derm,0,1,2013,127625,397,0,36,10,0,190,2
1386970523,derm,0,1,2013,181147,397,0,32,5,1,190,2
1396984068,derm,1,1,2013,288746,397,0,41,17,1,190,1
1417994823,derm,0,1,2013,278468,397,1,43,17,1,190,2
1427248970,derm,0,1,2013,289189,397,0,37,7,0,190,1
1467427971,derm,1,1,2013,288746,397,1,42,17,0,190,1
1538471610,derm,1,1,2013,278544,397,1,37,12,0,190,4
1609184027,derm,0,1,2013,289157,397,0,34,7,0,190,1
1740443001,derm,0,1,2013,177351,397,1,33,8,0,190,2
1942479894,derm,0,2,2013,67615,397,1,39,13,1,299,4
1043224223,derm,0,1,2013,67069,399,0,66,29,1,5,2
1073580114,derm,0,1,2013,67069,399,0,62,36,1,5,2
1215904610,derm,0,1,2013,67069,399,0,52,24,1,5,3
1316914831,derm,0,1,2013,67069,399,0,60,35,1,5,1
1396740064,derm,0,1,2013,67069,399,0,55,29,1,5,4
1427051051,derm,0,1,2013,67069,399,0,59,33,1,5,2
1467689158,derm,0,1,2013,67069,399,1,39,15,1,5,2
1750358792,derm,0,1,2013,67069,399,0,43,16,1,5,3
1760427173,derm,0,1,2013,67069,399,1,44,18,1,5,3
1770550311,derm,0,1,2013,67069,399,0,51,17,1,5,3
1841293487,derm,0,1,2013,67069,399,0,53,22,1,5,2
1902872716,derm,0,1,2013,67069,399,1,52,15,1,5,1
1922075126,derm,0,1,2013,67069,399,1,44,18,1,5,2
1992919682,derm,0,1,2013,67069,399,1,34,8,1,5,2
1730147315,derm,0,1,2013,66128,400,0,64,38,1,10,1
1164687448,derm,0,1,2013,267512,402,0,32,5,1,6,2
1366439739,derm,0,1,2013,285565,406,0,55,29,1,7,2
1164535282,derm,0,1,2013,288633,411,0,40,11,1,5,3
1043384654,derm,0,1,2013,6577,412,0,55,23,0,77,1
1114026598,derm,0,1,2013,70018,412,0,59,35,1,77,1
1134195993,derm,0,1,2013,288430,412,1,53,26,1,77,1
1174722367,derm,0,1,2013,288631,412,1,33,6,1,77,5
1225263635,derm,0,1,2013,288631,412,0,37,13,0,77,1
1326148586,derm,0,1,2013,303533,412,0,43,18,1,77,1
1346321999,derm,0,1,2013,281948,412,0,77,53,0,77,4
1366615643,derm,0,1,2013,99254,412,1,33,5,1,77,8
1366672818,derm,0,1,2013,280996,412,0,30,4,1,77,4
1457317232,derm,0,1,2013,83085,412,0,42,17,0,77,2
1518192475,derm,0,1,2013,288631,412,0,34,4,1,77,4
1598831281,derm,0,1,2013,132971,412,0,59,33,1,77,2
1912921701,derm,0,1,2013,111988,412,0,48,22,1,77,1
1952548133,derm,0,1,2013,327319,412,0,63,39,0,77,3
1376595611,derm,0,1,2013,293974,413,0,45,19,0,10,1
1487662078,derm,0,1,2013,71124,418,0,59,33,0,4,1
1740202910,derm,0,1,2013,288965,418,0,50,18,0,4,1
1679551816,derm,0,1,2013,286489,420,0,43,16,1,4,2
1871607911,derm,0,1,2013,286489,420,1,45,20,0,4,1
1013150218,derm,1,1,2013,334967,421,0,32,4,1,15,1
1053346734,derm,1,1,2013,334967,421,0,45,17,1,15,5
1093747743,derm,1,1,2013,334967,421,0,59,30,1,15,9
1124184411,derm,1,2,2013,334967,421,1,33,7,1,27,4
1306838479,derm,1,1,2013,334967,421,0,45,13,1,15,1
1326135807,derm,1,1,2013,334967,421,0,42,14,1,15,3
1356364947,derm,1,1,2013,334967,421,0,61,34,1,15,8
1366462913,derm,1,1,2013,334967,421,0,44,16,1,15,8
1376651448,derm,1,1,2013,334967,421,0,46,16,1,15,5
1417977075,derm,1,1,2013,334967,421,0,53,23,1,15,4
1447320163,derm,1,1,2013,334967,421,0,46,15,1,15,3
1528140878,derm,1,1,2013,334967,421,0,43,14,1,15,3
1538497524,derm,1,1,2013,334967,421,1,32,4,1,15,5
1568435469,derm,1,1,2013,334967,421,0,63,31,1,15,1
1578598298,derm,1,1,2013,334967,421,0,51,22,1,15,3
1619105236,derm,1,1,2013,334967,421,0,35,5,1,15,6
1689603409,derm,1,1,2013,334967,421,0,62,34,1,15,8
1689608895,derm,1,1,2013,334967,421,0,56,27,1,15,2
1730497108,derm,0,1,2013,257796,421,0,34,3,1,15,1
1740377225,derm,1,1,2013,334967,421,0,65,34,1,15,6
1750315966,derm,1,1,2013,334967,421,0,48,22,1,15,6
1780830612,derm,1,1,2013,334967,421,0,36,6,1,15,3
1841233558,derm,1,1,2013,334967,421,0,44,13,1,15,2
1861700239,derm,1,2,2013,334967,421,1,36,3,1,74,2
1962510040,derm,1,1,2013,334967,421,0,53,21,1,15,3
1487657763,derm,1,1,2013,334967,422,0,54,25,1,17,1
1679703094,derm,0,1,2013,317579,422,0,33,4,1,17,2
1093732182,derm,0,1,2013,136448,423,0,53,25,1,78,1
1265659213,derm,0,1,2013,326324,423,1,36,9,1,78,5
1376505214,derm,1,1,2013,325180,423,0,53,22,1,78,1
1457557613,derm,0,1,2013,182551,423,0,42,6,1,78,5
1538329065,derm,1,1,2013,334967,423,1,32,5,1,78,1
1750371399,derm,1,2,2013,310951,423,1,47,15,1,88,2
1982867008,derm,0,1,2013,325266,423,1,31,5,1,78,1
1194727719,derm,0,1,2013,222462,426,1,40,14,0,87,4
1295729341,derm,0,1,2013,222462,426,1,43,16,1,87,4
1346415478,derm,0,1,2013,98370,426,1,42,15,0,87,1
1417073131,derm,0,1,2013,120663,426,1,38,12,0,87,2
1447234513,derm,0,1,2013,113665,426,1,60,37,0,87,1
1821153149,derm,0,1,2013,222462,426,0,56,30,1,87,4
1912900952,derm,0,1,2013,221809,426,0,73,49,1,87,2
1144366816,derm,0,1,2013,94824,427,1,38,8,1,30,2
1528040623,derm,1,2,2013,94824,427,0,51,25,1,113,8
1760528947,derm,0,1,2013,94824,427,0,37,10,1,30,1
1952480139,derm,0,1,2013,118128,427,0,43,17,1,30,1
1497903678,derm,0,1,2013,57217,428,0,31,8,1,5,1
1669487542,derm,0,1,2013,222987,429,0,49,16,0,15,1
1710958681,derm,0,1,2013,223365,429,0,56,29,0,15,1
1043276793,derm,0,1,2013,223365,430,1,64,35,1,41,3
1073511200,derm,0,1,2013,223679,430,0,47,22,0,41,1
1245319599,derm,1,1,2013,222462,430,1,54,27,1,41,6
1265497838,derm,0,1,2013,223365,430,0,44,22,1,41,2
1336104728,derm,0,1,2013,223365,430,0,66,41,1,41,1
1386609782,derm,0,1,2013,223365,430,0,54,27,1,41,3
1609941186,derm,0,1,2013,223679,430,1,36,10,0,41,2
1780886754,derm,1,1,2013,222462,430,1,35,6,1,41,1
1821053802,derm,0,1,2013,223365,430,0,56,30,1,41,2
1407838246,derm,0,1,2013,222987,431,0,52,22,1,56,1
1780665331,derm,0,1,2013,137525,432,0,69,43,0,12,4
1427264639,derm,0,1,2013,324933,435,1,35,8,1,6,1
1831181304,derm,0,1,2013,226936,435,0,58,27,1,6,1
1003970021,derm,1,1,2013,328880,438,0,61,32,1,7,1
1740462233,derm,0,1,2013,287272,438,0,49,23,0,7,3
1811057870,derm,0,1,2013,329593,438,0,77,50,1,7,2
1154329407,derm,1,1,2013,328880,439,0,42,15,1,131,1
1174568653,derm,1,1,2013,328878,439,1,44,18,1,131,2
1194775510,derm,0,1,2013,115919,439,0,64,,1,131,1
1285732289,derm,0,1,2013,183512,439,1,51,23,1,131,4
1306914007,derm,1,1,2013,232758,439,1,46,19,1,131,2
1316107477,derm,1,1,2013,328878,439,0,38,6,1,131,1
1447472204,derm,0,1,2013,330812,439,0,36,12,0,131,1
1649225301,derm,1,1,2013,329479,439,1,47,20,1,131,1
1871645960,derm,1,1,2013,328880,439,0,62,36,1,131,2
1891847620,derm,1,1,2013,328880,439,0,60,34,1,131,1
1265642607,derm,0,1,2013,302815,440,1,33,6,1,36,9
1306834833,derm,1,1,2013,329700,440,0,47,16,1,36,3
1386850972,derm,0,1,2013,183720,440,0,40,8,1,36,1
1912964966,derm,0,1,2013,287173,440,0,44,15,1,36,3
1669681698,derm,0,1,2013,330812,441,1,36,10,0,18,3
1679784623,derm,0,2,2013,329696,441,1,36,8,1,74,3
1831381334,derm,0,1,2013,330812,441,1,35,9,0,18,1
1972745701,derm,0,1,2013,329696,441,1,34,10,0,18,2
1710916986,derm,0,2,2013,330691,442,0,51,25,1,20,3
1447567615,derm,0,1,2013,77024,443,1,38,13,1,15,1
1447461025,derm,1,1,2013,161249,448,1,32,6,1,11,1
1184619231,derm,1,1,2013,13435,449,1,37,10,1,36,2
1447213269,derm,0,1,2013,161406,449,1,43,16,1,36,1
1578670030,derm,1,1,2013,13435,449,1,51,23,1,36,1
1831157114,derm,1,1,2013,161254,449,1,35,9,1,36,2
1174574396,derm,0,2,2013,51361,451,0,55,29,1,90,4
1174623664,derm,0,1,2013,147912,451,0,40,12,1,84,2
1700953759,derm,0,1,2013,49124,451,1,44,18,0,84,1
1730389685,derm,0,1,2013,148271,451,1,36,8,1,84,2
1992816748,derm,1,1,2013,162014,451,1,35,9,1,84,1
1346358991,derm,0,1,2014,263363,1,0,36,9,1,65,3
1659531440,derm,0,1,2014,191399,6,1,32,6,0,22,3
1710935663,derm,0,1,2014,261133,6,0,73,47,1,22,1
1922322940,derm,0,1,2014,160547,6,0,32,4,1,22,2
1528140209,derm,0,1,2014,331563,10,1,46,18,0,10,1
1669560389,derm,0,1,2014,115912,11,0,43,17,1,33,2
1750316337,derm,0,1,2014,328274,11,0,45,11,1,33,3
1770584989,derm,0,1,2014,328274,11,0,64,14,1,33,1
1033145271,derm,0,1,2014,334633,12,0,63,38,1,109,1
1518981638,derm,1,1,2014,323713,12,0,38,12,0,109,3
1710064183,derm,0,1,2014,261095,12,1,48,26,0,109,2
1831174093,derm,0,1,2014,195461,12,0,60,38,1,109,2
1841216884,derm,0,1,2014,60882,12,1,45,20,1,109,1
1306987623,derm,0,1,2014,50759,15,0,54,28,0,49,1
1417901968,derm,0,1,2014,64063,15,1,53,24,1,49,2
1235349390,derm,1,1,2014,274010,19,1,33,7,1,43,1
1295708428,derm,0,1,2014,273004,19,0,67,31,1,43,1
1376570887,derm,0,1,2014,274009,19,0,55,25,1,43,1
1568757730,derm,0,1,2014,273055,21,1,29,3,1,8,1
1497760219,derm,0,1,2014,119964,23,0,52,21,1,164,5
1003007287,derm,0,1,2014,114784,25,1,33,7,1,13,4
1861485732,derm,0,1,2014,290332,25,1,54,22,1,13,1
1003045220,derm,0,1,2014,271226,33,1,32,6,0,30,5
1275849903,derm,0,1,2014,333416,33,1,35,7,1,30,1
1801013594,derm,0,1,2014,271226,33,1,40,18,0,30,2
1033317565,derm,0,2,2014,271219,43,0,37,11,0,189,5
1073716502,derm,1,2,2014,340639,56,0,45,8,1,434,5
1144484122,derm,1,1,2014,340328,56,1,40,8,1,333,3
1619165115,derm,1,1,2014,135351,56,0,38,14,1,333,1
1851552996,derm,0,1,2014,127926,56,1,50,21,1,333,1
1992735609,derm,1,2,2014,340455,56,1,49,24,0,395,2
1477509289,derm,1,2,2014,333411,58,0,59,30,0,27,3
1164456802,derm,1,1,2014,333374,65,0,41,12,0,37,2
1265425326,derm,0,1,2014,342209,69,0,58,32,1,14,3
1811999717,derm,0,1,2014,342209,69,0,49,23,1,14,5
1093992380,derm,0,1,2014,270897,73,1,43,17,0,10,1
1609099969,derm,0,1,2014,55732,73,0,44,18,0,10,1
1790853083,derm,0,1,2014,271461,73,1,51,24,1,10,2
1194744086,derm,1,1,2014,271191,77,0,39,12,1,73,1
1235367236,derm,0,1,2014,270804,77,1,43,6,1,73,2
1659336543,derm,1,1,2014,270897,77,0,50,24,1,73,2
1699940379,derm,0,1,2014,271325,77,0,35,11,0,73,1
1972576270,derm,1,1,2014,270897,77,0,46,17,0,73,2
1194046334,derm,0,1,2014,144788,78,1,31,4,1,13,1
1144413998,derm,1,1,2014,134113,80,1,36,8,1,164,1
1205064326,derm,1,1,2014,87873,80,1,34,7,1,164,1
1245298769,derm,0,1,2014,191325,80,0,62,35,0,164,1
1306095963,derm,1,1,2014,87873,80,1,34,8,0,164,4
1316097751,derm,1,1,2014,134113,80,1,40,12,1,164,1
1538100391,derm,1,1,2014,134113,80,1,44,21,0,164,2
1609865377,derm,1,1,2014,336289,80,0,50,24,0,164,6
1700940186,derm,1,1,2014,134113,80,1,42,15,0,164,4
1932398039,derm,1,1,2014,336289,80,1,35,12,1,164,1
1982804365,derm,0,1,2014,194429,80,0,39,9,1,164,1
1104892199,derm,1,1,2014,335619,81,0,47,18,1,85,5
1467640433,derm,0,1,2014,333359,81,1,38,10,0,85,1
1710111505,derm,1,1,2014,335619,81,1,31,5,1,85,1
1639355944,derm,1,1,2014,333374,82,0,40,16,0,50,1
1891768826,derm,1,1,2014,333374,82,1,40,14,0,50,1
1124133863,derm,0,1,2014,234162,83,0,41,13,1,14,1
1619089588,derm,0,1,2014,121278,83,0,56,19,1,14,4
1265478424,derm,1,1,2014,333374,85,0,53,21,0,64,1
1346370137,derm,1,1,2014,333374,85,0,41,12,1,64,1
1518270743,derm,1,1,2014,333374,85,1,31,4,1,64,3
1649590282,derm,1,1,2014,291339,85,1,32,5,1,64,4
1174556286,derm,0,2,2014,61241,86,1,44,16,1,201,3
1023265816,derm,0,1,2014,134295,89,0,50,8,1,24,4
1962404400,derm,0,1,2014,316383,101,0,63,35,1,20,1
1508823352,derm,0,1,2014,97174,102,1,43,14,1,25,1
1063669968,derm,1,2,2014,317030,103,0,33,6,1,115,3
1407916034,derm,0,1,2014,316402,103,1,38,14,1,95,2
1659304830,derm,1,1,2014,279439,103,1,44,17,1,95,1
1831150564,derm,0,1,2014,316980,103,0,45,16,1,95,1
1831380195,derm,0,1,2014,316402,103,1,36,12,0,95,3
1003075151,derm,0,1,2014,316672,104,0,35,7,1,10,2
1326158684,derm,0,1,2014,316672,104,0,46,19,1,10,1
1417183070,derm,0,1,2014,316672,104,0,32,5,1,10,2
1578683223,derm,0,1,2014,293199,104,0,37,10,1,10,1
1306037726,derm,1,1,2014,293199,106,1,48,7,1,6,1
1497966824,derm,1,1,2014,293199,106,1,41,13,0,6,1
1962596353,derm,0,1,2014,328283,106,0,61,18,1,6,2
1053571216,derm,0,1,2014,16533,109,1,40,12,0,42,4
1548417884,derm,1,1,2014,179566,113,1,41,15,0,141,3
1649447228,derm,0,1,2014,127145,113,1,35,7,0,141,1
1811931140,derm,0,1,2014,218922,113,0,72,50,1,141,3
1629208095,derm,0,1,2014,251036,116,0,34,5,1,29,2
1780728188,derm,0,1,2014,251036,116,1,40,8,1,29,1
1285642959,derm,0,1,2014,189532,118,1,56,24,1,185,2
1366492951,derm,0,1,2014,267236,118,1,58,35,1,185,1
1568404663,derm,0,1,2014,247184,118,1,37,11,0,185,2
1578556486,derm,0,1,2014,174215,118,0,53,24,0,185,3
1144257817,derm,0,1,2014,111155,119,0,50,16,1,68,1
1144281213,derm,0,1,2014,265893,119,1,57,30,1,68,1
1184668618,derm,0,1,2014,247771,119,0,44,19,1,68,3
1245296813,derm,0,1,2014,137165,119,0,60,29,1,68,1
1437313970,derm,0,1,2014,101285,119,0,49,23,1,68,1
1447267208,derm,0,1,2014,101285,119,0,45,17,1,68,2
1457379059,derm,0,1,2014,253486,119,1,60,34,1,68,1
1548480270,derm,0,1,2014,192863,119,0,38,13,1,68,4
1568488476,derm,0,1,2014,137165,119,1,41,12,1,68,5
1669476008,derm,0,1,2014,266399,119,0,71,45,1,68,1
1689822389,derm,1,2,2014,247171,119,0,39,16,1,114,2
1710929757,derm,0,1,2014,249503,119,0,49,25,1,68,3
1891737151,derm,0,1,2014,111155,119,1,43,18,1,68,2
1427254283,derm,0,1,2014,118387,120,0,52,7,0,22,2
1730287152,derm,0,1,2014,70661,123,1,57,23,1,59,2
1205095478,derm,1,1,2014,247168,124,1,33,6,0,18,1
1013016542,derm,1,1,2014,264635,127,0,52,26,1,148,1
1114181005,derm,0,1,2014,176731,127,1,34,8,1,148,1
1467429837,derm,0,1,2014,160482,129,0,76,51,1,20,4
1497798318,derm,0,1,2014,160482,129,0,67,28,1,20,3
1598871436,derm,0,1,2014,160482,129,1,57,24,1,20,1
1700877362,derm,0,1,2014,160482,129,0,61,31,1,20,2
1730126855,derm,0,1,2014,160482,129,1,66,28,1,20,4
1770563991,derm,0,1,2014,160482,129,0,61,36,1,20,3
1821051764,derm,0,1,2014,65665,129,1,43,16,1,20,1
1902906381,derm,0,1,2014,160482,129,1,59,31,1,20,5
1922184498,derm,0,1,2014,160482,129,1,53,29,0,20,2
1174540033,derm,0,1,2014,248113,130,0,67,43,0,111,2
1447401716,derm,0,2,2014,292274,130,0,40,14,0,225,4
1578662581,derm,0,1,2014,6464,130,0,48,19,0,111,3
1659326353,derm,0,1,2014,340642,130,0,63,32,1,111,2
1659427532,derm,0,1,2014,65665,130,0,60,35,0,111,1
1699741009,derm,0,1,2014,250483,130,1,49,25,1,111,3
1750333480,derm,0,1,2014,251125,130,0,54,32,0,111,1
1003826918,derm,0,1,2014,250855,131,0,61,35,1,18,1
1104895473,derm,0,1,2014,250536,131,0,60,27,1,18,1
1124280565,derm,0,1,2014,247216,131,0,41,10,1,18,4
1417266024,derm,0,1,2014,250427,131,0,41,7,0,18,4
1558364265,derm,0,1,2014,250954,131,0,62,25,1,18,2
1639112477,derm,0,1,2014,328404,133,0,39,11,1,5,1
1861447492,derm,0,1,2014,328404,133,1,61,15,1,5,1
1962436857,derm,1,1,2014,250648,134,0,58,32,1,20,9
1144482993,derm,1,1,2014,266661,137,1,37,7,1,48,1
1568432938,derm,1,1,2014,265893,137,1,54,17,1,48,4
1851390983,derm,0,1,2014,55866,137,1,52,22,1,48,2
1861529281,derm,1,1,2014,265893,137,1,35,9,1,48,7
1902863236,derm,0,1,2014,251805,139,0,53,27,1,24,3
1003142555,derm,0,1,2014,252082,141,1,34,8,0,56,1
1033283965,derm,0,1,2014,100861,141,1,40,16,0,56,4
1467692194,derm,0,1,2014,251389,141,1,37,12,0,56,2
1568432375,derm,0,1,2014,115192,141,1,59,17,1,56,2
1043288418,derm,0,1,2014,121888,144,0,46,19,0,196,3
1235187071,derm,1,1,2014,241239,144,1,41,17,0,196,1
1407839905,derm,0,1,2014,121888,144,0,41,14,1,196,1
1417187618,derm,0,1,2014,151356,144,1,33,7,1,196,3
1457318503,derm,0,1,2014,103424,144,0,44,17,1,196,1
1548494180,derm,0,1,2014,241011,144,1,33,5,1,196,5
1649388596,derm,1,2,2014,241061,144,1,55,31,1,249,3
1871789271,derm,0,1,2014,241181,144,1,45,8,1,196,2
1891904017,derm,0,1,2014,188039,144,0,51,30,0,196,1
1912165317,derm,1,1,2014,241239,144,1,32,6,1,196,1
1659320943,derm,0,1,2014,120984,145,0,44,18,1,19,1
1083784375,derm,0,1,2014,192241,147,1,62,35,1,9,1
1699778944,derm,0,1,2014,160540,147,0,44,15,1,9,1
1932404662,derm,0,1,2014,109980,147,1,29,3,1,9,1
1184720708,derm,0,1,2014,240998,149,1,56,27,1,22,3
1235287004,derm,0,1,2014,122828,149,0,44,17,1,22,2
1366549339,derm,1,2,2014,93800,149,0,56,24,1,141,9
1376772582,derm,0,1,2014,240998,149,1,34,2,1,22,2
1750439436,derm,0,1,2014,122827,149,1,44,24,1,22,2
1770758351,derm,0,1,2014,241479,149,0,33,6,1,22,2
1114985231,derm,0,1,2014,342244,150,0,68,,1,46,1
1386614394,derm,0,1,2014,323782,150,1,52,28,1,46,1
1730159732,derm,0,1,2014,342244,150,1,62,31,1,46,1
1932372265,derm,0,1,2014,342916,150,1,31,6,1,46,2
1083792345,derm,0,1,2014,176317,151,1,54,28,1,24,2
1942225909,derm,0,1,2014,237142,155,0,46,16,1,19,1
1023255619,derm,1,1,2014,145793,156,1,32,6,1,98,1
1114000999,derm,0,1,2014,145808,156,1,45,18,1,98,1
1164445854,derm,0,1,2014,180663,156,0,40,11,0,98,2
1477730612,derm,1,1,2014,145793,156,0,39,14,0,98,1
1861658460,derm,0,1,2014,178615,156,1,46,22,1,98,1
1982631875,derm,0,2,2014,71456,156,0,43,19,0,105,4
1033371554,derm,0,1,2014,149138,158,1,39,13,0,22,1
1447562905,derm,0,1,2014,330477,158,1,30,4,0,22,1
1407853435,derm,0,1,2014,194902,161,0,50,22,0,76,1
1649478843,derm,1,1,2014,147425,161,1,35,7,1,76,1
1215994264,derm,0,1,2014,149549,163,1,60,22,0,29,1
1376724773,derm,0,1,2014,145798,164,1,34,8,0,14,1
1841289691,derm,0,1,2014,146387,164,0,70,47,0,14,4
1902970411,derm,1,1,2014,148959,166,1,56,32,0,47,1
1447332424,derm,0,1,2014,152062,170,0,48,18,1,10,3
1275732091,derm,0,1,2014,145822,171,1,34,9,0,10,2
1750619672,derm,0,1,2014,95089,172,0,39,10,0,20,2
1023134293,derm,0,2,2014,95650,179,0,40,9,1,45,2
1992733497,derm,0,2,2014,127895,179,0,49,21,1,74,3
1578876785,derm,0,1,2014,106429,180,0,38,13,0,9,3
1215964127,derm,0,1,2014,145381,183,0,55,29,0,84,1
1871738583,derm,0,1,2014,69549,183,1,37,8,1,84,1
1932123205,derm,0,1,2014,141903,183,0,39,16,1,84,1
1164513719,derm,1,2,2014,257904,184,0,41,14,1,9,3
1649439175,derm,0,1,2014,167077,191,1,33,6,1,12,2
1942294483,derm,0,1,2014,167077,191,1,58,31,1,12,2
1639158330,derm,1,1,2014,166515,193,1,44,18,1,5,1
1114111879,derm,0,1,2014,174855,205,1,33,7,1,60,2
1841261088,derm,0,1,2014,256391,207,0,40,10,0,5,1
1609036466,derm,1,1,2014,122378,210,1,34,8,1,33,2
1710961586,derm,0,1,2014,122180,210,0,39,12,1,33,3
1740264514,derm,0,1,2014,122180,210,1,39,12,1,33,1
1245525419,derm,0,1,2014,275644,212,0,29,3,1,9,1
1336380302,derm,0,1,2014,274021,213,0,34,5,1,16,1
1437228657,derm,0,1,2014,69852,213,0,42,12,1,16,6
1811919749,derm,0,1,2014,190310,213,0,46,21,0,16,1
1891825154,derm,0,1,2014,194963,214,0,48,11,1,7,1
1417043639,derm,1,1,2014,552,221,0,52,26,1,6,1
1437111473,derm,0,1,2014,554,222,0,46,15,1,30,2
1508014481,derm,1,1,2014,216335,223,1,35,6,1,118,5
1750540829,derm,0,1,2014,217717,223,0,36,6,0,118,1
1770882631,derm,1,1,2014,218791,223,1,32,8,0,118,1
1942485321,derm,0,1,2014,181142,223,0,37,11,0,118,2
1164733291,derm,0,1,2014,48886,225,0,33,4,1,11,2
1639282460,derm,0,1,2014,219200,226,0,51,24,1,29,2
1073520607,derm,0,1,2014,116906,227,0,62,14,1,332,1
1083628382,derm,0,1,2014,10156,227,1,55,29,1,332,1
1093987471,derm,0,1,2014,78726,227,1,35,9,1,332,4
1235110396,derm,0,1,2014,10346,227,1,57,16,1,332,1
1558443903,derm,1,1,2014,79164,227,0,50,21,1,332,3
1609876747,derm,0,1,2014,10632,227,1,45,22,1,332,1
1780799437,derm,1,1,2014,9251,227,1,49,22,1,332,1
1861430852,derm,0,1,2014,10346,227,1,41,15,1,332,1
1972672814,derm,0,1,2014,9688,227,0,66,17,1,332,2
1295726966,derm,0,1,2014,9793,230,0,51,26,0,25,2
1427069905,derm,0,2,2014,9793,230,0,50,23,1,354,2
1518907724,derm,0,1,2014,9371,230,1,48,12,1,25,2
1144336975,derm,1,1,2014,160953,232,1,42,15,1,58,2
1467655613,derm,1,1,2014,160953,232,1,39,11,1,58,1
1790712297,derm,1,1,2014,158312,232,0,46,17,1,58,1
1912165226,derm,0,1,2014,157871,232,0,42,19,1,58,7
1093817603,derm,0,1,2014,159146,233,1,48,24,0,18,4
1093889503,derm,1,1,2014,154593,233,1,57,26,1,18,1
1982706941,derm,0,1,2014,159146,233,0,62,37,0,18,2
1326018078,derm,0,1,2014,156788,235,1,53,21,1,12,3
1316927775,derm,0,1,2014,155852,236,0,42,13,1,20,1
1679559801,derm,0,1,2014,159621,236,0,80,53,1,20,1
1417068891,derm,0,1,2014,154621,239,1,48,18,1,12,3
1093833535,derm,0,1,2014,196400,244,0,49,24,1,21,1
1801871660,derm,1,2,2014,154593,244,1,52,25,1,118,2
1093765380,derm,0,1,2014,127761,245,0,63,41,0,63,1
1124137203,derm,0,1,2014,1385,245,1,45,23,0,63,2
1215922059,derm,0,1,2014,160327,245,0,58,29,1,63,1
1639121841,derm,0,1,2014,103097,245,0,39,12,0,63,1
1699869438,derm,0,1,2014,131092,245,1,57,28,1,63,3
1912911447,derm,0,1,2014,157664,245,0,75,49,1,63,1
1851387302,derm,0,1,2014,159148,248,0,60,31,1,3,2
1013919109,derm,0,1,2014,158953,249,1,49,25,1,9,3
1346270865,derm,0,1,2014,157551,249,1,45,19,1,9,4
1972503324,derm,0,1,2014,160059,249,1,40,13,1,9,3
1689867129,derm,1,1,2014,164026,251,1,35,8,1,115,1
1073538559,derm,1,1,2014,164040,253,1,49,23,1,53,1
1386740843,derm,0,1,2014,311253,256,0,44,16,1,32,2
1649208240,derm,1,1,2014,164019,256,0,34,10,1,32,1
1922029479,derm,0,1,2014,164699,256,0,59,27,1,32,1
1992933980,derm,1,1,2014,164019,256,0,35,5,1,32,1
1285680264,derm,1,1,2014,188137,258,0,41,13,1,12,1
1699779371,derm,1,1,2014,263696,258,1,45,18,1,12,1
1669468336,derm,0,1,2014,264251,259,0,55,31,1,23,1
1326249608,derm,1,1,2014,212099,268,1,37,13,0,65,2
1679756381,derm,0,1,2014,224934,270,0,34,10,0,18,2
1427151323,derm,0,1,2014,175530,273,0,50,24,0,109,1
1184612715,derm,1,1,2014,294459,274,0,67,42,1,19,2
1548376452,derm,1,2,2014,294470,274,1,49,24,0,141,2
1982695151,derm,1,1,2014,294459,274,0,51,27,1,19,2
1033285861,derm,1,1,2014,294458,276,1,38,12,1,11,4
1639217888,derm,0,2,2014,294479,276,1,58,33,1,30,3
1053608646,derm,0,1,2014,199960,277,1,31,3,1,12,1
1568495455,derm,0,1,2014,199865,278,1,53,26,0,23,1
1245275718,derm,0,1,2014,94430,279,0,45,12,1,33,2
1831345123,derm,1,1,2014,326514,279,0,38,13,0,33,1
1386887974,derm,0,4,2014,163416,280,0,45,5,1,164,9
1417989120,derm,0,1,2014,192816,280,0,50,20,1,24,1
1184721136,derm,1,1,2014,3589,281,1,37,10,1,19,2
1396997060,derm,1,1,2014,3589,281,1,57,28,1,19,4
1588673909,derm,0,1,2014,3952,282,0,56,26,1,35,1
1841495363,derm,0,1,2014,326298,282,1,35,7,1,35,2
1124266366,derm,0,1,2014,80588,283,1,39,12,0,106,3
1427168145,derm,0,1,2014,81379,283,1,40,14,1,106,1
1699764373,derm,0,1,2014,114143,283,1,41,15,1,106,1
1720034887,derm,0,1,2014,60475,283,1,60,33,1,106,2
1760707327,derm,0,1,2014,90766,283,1,30,4,1,106,1
1770502726,derm,0,1,2014,82445,283,1,40,12,1,106,1
1073751848,derm,0,1,2014,60864,284,1,32,6,0,79,2
1083607162,derm,1,1,2014,81178,284,0,38,13,1,79,1
1427378876,derm,1,2,2014,132124,284,1,31,4,0,127,3
1538264346,derm,0,1,2014,174112,284,0,63,14,1,79,2
1801979752,derm,0,1,2014,78253,284,0,79,51,1,79,4
1962574962,derm,0,1,2014,60864,284,0,66,36,1,79,4
1407846173,derm,0,1,2014,56897,285,0,42,14,0,68,1
1750432787,derm,0,1,2014,81848,292,1,58,29,1,22,1
1083714034,derm,0,1,2014,321313,293,1,59,24,1,45,1
1164516548,derm,0,1,2014,321313,293,0,61,32,1,45,3
1215935531,derm,0,1,2014,321421,293,0,44,15,1,45,1
1306131602,derm,0,1,2014,321313,293,1,29,3,1,45,1
1396972279,derm,0,2,2014,321313,293,0,33,5,0,142,9
1407846926,derm,0,1,2014,321313,293,0,57,29,1,45,1
1538166491,derm,1,1,2014,321332,293,0,60,33,1,45,2
1639106099,derm,0,1,2014,321316,293,0,54,20,1,45,1
1841426186,derm,0,1,2014,321314,293,1,30,5,1,45,2
1548483076,derm,0,1,2014,44233,295,1,44,16,1,48,1
1700870953,derm,0,1,2014,60598,295,0,57,,1,48,1
1710931316,derm,0,1,2014,13730,295,1,44,16,0,48,2
1982923116,derm,0,1,2014,38240,295,0,37,13,1,48,1
1962573220,derm,0,1,2014,25661,297,0,39,15,0,31,1
1376513739,derm,0,1,2014,30832,301,0,50,16,1,229,2
1417995358,derm,0,1,2014,29557,301,0,64,39,1,229,2
1548424039,derm,0,1,2014,26503,301,0,36,9,1,229,6
1578544276,derm,0,1,2014,28688,301,0,59,31,1,229,5
1679598726,derm,0,1,2014,178231,301,1,65,16,1,229,1
1568546182,derm,0,1,2014,53334,303,1,65,16,1,345,1
1285735027,derm,0,1,2014,328503,307,1,37,15,0,15,1
1659321024,derm,0,1,2014,44086,307,1,52,25,1,15,2
1083655211,derm,1,1,2014,240246,311,0,51,18,1,83,1
1225074875,derm,1,1,2014,229390,311,0,40,11,1,83,2
1326099193,derm,1,1,2014,229390,311,1,51,21,1,83,1
1609905876,derm,1,1,2014,240246,311,1,36,10,1,83,1
1790759702,derm,1,1,2014,232664,311,1,54,28,1,83,3
1073533352,derm,0,1,2014,231350,312,0,58,26,1,66,1
1174661110,derm,0,1,2014,177876,312,1,40,18,0,66,1
1851393573,derm,1,1,2014,230929,312,1,59,33,1,66,3
1063610061,derm,1,2,2014,93743,314,0,47,22,1,50,5
1073774295,derm,0,1,2014,160154,314,1,42,6,1,24,2
1275509705,derm,0,1,2014,106422,314,0,48,22,1,24,5
1881639953,derm,1,1,2014,234822,314,1,44,20,0,24,2
1043272339,derm,0,1,2014,286092,315,0,70,39,1,8,2
1053574707,derm,0,1,2014,5089,315,1,33,6,1,8,1
1114165321,derm,0,1,2014,267512,318,0,35,9,1,49,4
1619041233,derm,0,1,2014,113182,318,1,45,18,1,49,1
1710999529,derm,0,1,2014,287598,318,0,59,31,1,49,1
1851317622,derm,0,1,2014,231350,318,0,46,19,1,49,2
1225278914,derm,0,1,2014,240246,319,0,49,8,1,17,5
1023084431,derm,0,1,2014,325113,320,0,46,14,1,39,1
1326125840,derm,0,1,2014,192362,320,1,56,14,1,39,2
1447463682,derm,0,1,2014,83058,320,0,34,8,1,39,1
1033430780,derm,1,1,2014,173017,321,0,32,4,1,8,1
1861503492,derm,0,1,2014,164892,322,0,51,24,1,12,2
1184882953,derm,0,1,2014,130627,326,1,37,10,0,10,1
1811945959,derm,1,1,2014,130330,327,1,46,16,1,57,1
1205000460,derm,0,1,2014,100167,328,0,34,7,1,121,3
1376632687,derm,1,1,2014,138202,328,0,59,34,1,121,2
1619969433,derm,1,1,2014,138202,328,1,42,12,1,121,2
1164474268,derm,0,1,2014,130263,329,1,38,12,1,88,1
1447336896,derm,0,1,2014,187323,329,1,43,14,1,88,2
1811943459,derm,0,1,2014,130072,329,0,41,14,1,88,1
1053403329,derm,0,1,2014,167362,330,0,36,8,1,19,1
1851396659,derm,0,1,2014,157880,332,0,58,18,1,15,1
1033435912,derm,1,1,2014,277031,340,1,32,4,1,31,1
1619921350,derm,0,1,2014,332945,341,1,42,16,1,12,3
1013146794,derm,1,1,2014,327814,342,1,39,14,0,20,4
1013982081,derm,0,1,2014,330540,342,0,62,17,1,20,1
1154320380,derm,0,1,2014,330540,342,0,58,32,1,20,2
1528231636,derm,0,1,2014,331889,342,1,33,6,1,20,1
1972827913,derm,1,1,2014,332825,342,1,32,4,1,20,1
1629109335,derm,0,1,2014,160420,343,1,60,23,1,11,1
1730343633,derm,0,1,2014,93651,344,1,34,7,1,91,1
1750475455,derm,0,1,2014,331920,344,0,52,26,1,91,2
1144286857,derm,0,2,2014,331944,345,0,43,17,1,18,4
1942408190,derm,1,1,2014,85306,346,1,37,11,0,28,2
1104885268,derm,0,1,2014,88748,351,1,60,30,1,12,1
1922008820,derm,0,1,2014,30245,351,0,40,14,1,12,2
1639377856,derm,1,1,2014,90474,352,1,42,16,0,33,1
1780842849,derm,1,1,2014,89956,352,0,37,9,1,33,1
1790850097,derm,0,1,2014,90508,354,0,59,34,1,4,1
1033183454,derm,0,1,2014,87151,355,0,57,30,1,15,1
1356552574,derm,0,1,2014,85100,356,0,42,14,0,229,1
1457475584,derm,0,1,2014,17317,356,0,38,10,1,229,1
1720211196,derm,0,1,2014,86004,356,1,31,5,1,229,3
1790742179,derm,0,1,2014,85100,356,0,72,45,1,229,1
1033372123,derm,0,1,2014,138194,357,1,32,6,1,80,1
1548498512,derm,0,2,2014,104613,357,1,47,22,1,102,3
1568461002,derm,0,1,2014,90064,357,0,59,33,1,80,2
1730323841,derm,1,1,2014,90403,357,0,34,8,1,80,1
1326068362,derm,0,1,2014,194877,365,0,48,21,1,50,2
1447360417,derm,0,1,2014,101441,365,0,65,39,1,50,2
1528288560,derm,0,1,2014,193210,365,1,43,4,1,50,1
1659338226,derm,0,1,2014,236052,365,1,44,15,1,50,1
1750499604,derm,0,1,2014,101441,365,0,56,27,1,50,3
1790705796,derm,0,1,2014,60053,365,0,47,21,1,50,2
1962663963,derm,1,1,2014,236314,365,0,32,6,1,50,2
1689680597,derm,0,1,2014,236669,366,0,51,24,1,21,1
1104828144,derm,0,1,2014,260469,367,0,39,10,1,4,2
1134154735,derm,1,1,2014,236487,368,0,65,39,1,31,1
1255642526,derm,1,1,2014,184611,370,0,32,4,0,14,2
1932380003,derm,1,2,2014,184611,370,1,50,10,1,136,5
1164666277,derm,0,1,2014,168282,371,0,35,5,1,19,1
1215965710,derm,0,1,2014,260665,375,0,47,18,1,12,2
1134231756,derm,0,1,2014,175720,377,1,40,13,1,30,1
1164467379,derm,0,1,2014,261389,377,0,39,10,1,30,4
1326020199,derm,0,1,2014,215463,377,0,52,26,1,30,1
1063458255,derm,0,1,2014,260049,380,0,46,20,1,70,1
1104025329,derm,1,1,2014,258598,380,0,38,7,0,70,2
1134339278,derm,0,1,2014,52198,380,0,36,9,1,70,1
1144305152,derm,0,1,2014,166405,380,0,46,18,0,70,1
1457455693,derm,1,1,2014,259926,380,1,47,17,1,70,6
1508884875,derm,0,1,2014,260992,380,0,48,20,1,70,4
1871579086,derm,1,1,2014,285427,383,1,44,15,1,9,1
1134191760,derm,1,1,2014,119469,385,0,40,13,1,90,8
1225291784,derm,0,1,2014,281465,385,0,34,8,0,90,5
1407872740,derm,1,1,2014,281570,385,1,61,22,0,90,2
1487659157,derm,0,1,2014,328959,385,1,44,17,1,90,1
1598703217,derm,0,1,2014,278451,385,0,43,13,1,90,2
1659570208,derm,1,1,2014,281570,385,1,38,13,1,90,1
1891739801,derm,0,1,2014,91997,385,1,49,21,0,90,1
1982880902,derm,1,1,2014,281570,385,1,32,8,0,90,6
1144389099,derm,1,1,2014,285000,391,0,55,27,1,156,1
1396893491,derm,1,1,2014,285000,391,1,37,11,0,156,1
1518111707,derm,0,1,2014,52714,391,1,36,7,0,156,4
1518925841,derm,0,1,2014,53228,391,0,46,23,1,156,1
1568660504,derm,0,1,2014,321313,391,1,38,10,0,156,2
1588687404,derm,1,1,2014,285000,391,0,39,11,0,156,1
1700094984,derm,0,1,2014,286350,391,1,48,10,1,156,1
1760793418,derm,1,1,2014,285134,391,0,31,4,0,156,2
1790933547,derm,0,1,2014,68413,391,1,36,12,0,156,1
1114002458,derm,0,1,2014,285000,394,0,57,31,0,62,1
1124085774,derm,1,1,2014,285236,394,1,51,27,0,62,7
1215102074,derm,0,1,2014,191008,394,0,47,23,1,62,1
1285809657,derm,1,1,2014,287760,394,1,38,13,0,62,1
1306898911,derm,0,1,2014,285370,394,1,45,21,0,62,1
1316176894,derm,0,1,2014,285094,394,1,32,5,0,62,1
1376739474,derm,0,1,2014,97258,394,1,44,8,1,62,1
1477556009,derm,0,1,2014,58065,394,0,67,32,1,62,3
1508849183,derm,0,1,2014,66605,394,1,40,14,1,62,1
1659502763,derm,0,1,2014,285094,394,1,35,7,1,62,2
1114184868,derm,0,1,2014,237191,397,1,32,7,0,196,1
1134176464,derm,0,1,2014,56946,397,0,56,31,0,196,1
1255517231,derm,1,1,2014,278708,397,0,38,7,0,196,6
1336470434,derm,0,1,2014,285223,397,0,40,12,0,196,2
1508804618,derm,0,1,2014,68413,397,0,48,21,0,196,1
1568480333,derm,0,1,2014,67615,397,1,39,15,0,196,3
1629210927,derm,0,1,2014,288884,397,0,31,5,0,196,2
1790738458,derm,0,1,2014,288965,397,1,46,18,0,196,2
1881697852,derm,0,1,2014,178290,397,0,45,20,0,196,6
1639324304,derm,0,1,2014,285711,400,1,34,13,1,12,4
1912949827,derm,1,1,2014,285426,400,0,60,33,1,12,1
1316184302,derm,0,1,2014,72154,402,0,33,6,0,5,1
1477715084,derm,0,1,2014,187803,402,0,40,15,0,5,1
1053315598,derm,0,1,2014,167621,406,0,50,24,1,8,1
1285838870,derm,0,1,2014,285429,406,1,41,16,0,8,1
1215912118,derm,0,1,2014,281898,412,0,42,13,1,77,3
1770578478,derm,0,1,2014,116808,412,1,44,18,1,77,7
1932390960,derm,0,1,2014,57181,412,0,41,10,1,77,2
1336303270,derm,1,1,2014,281570,413,1,39,12,1,14,1
1992932214,derm,0,1,2014,39378,413,0,36,12,0,14,1
1205072394,derm,1,1,2014,334967,423,0,35,6,1,79,1
1306888219,derm,1,1,2014,334967,423,0,54,17,1,79,4
1447468293,derm,0,1,2014,325690,423,0,36,9,1,79,1
1619928140,derm,1,1,2014,334967,423,0,46,13,1,79,2
1801996384,derm,1,1,2014,334967,423,1,44,18,1,79,2
1861522070,derm,0,1,2014,325690,423,0,63,37,1,79,1
1477545739,derm,0,1,2014,69555,424,0,57,20,1,19,2
1639227184,derm,0,1,2014,185648,424,0,60,36,0,19,1
1770553737,derm,0,1,2014,42016,424,0,43,19,1,19,1
1235273657,derm,1,1,2014,59011,426,0,36,10,0,85,1
1790838118,derm,0,1,2014,222462,426,1,36,11,1,85,2
1932302924,derm,0,1,2014,224370,426,1,36,10,0,85,2
1932321981,derm,0,1,2014,120663,426,0,36,9,0,85,1
1083851851,derm,0,1,2014,221676,427,0,36,11,0,34,3
1336300037,derm,1,1,2014,222221,427,0,34,9,1,34,1
1851555361,derm,1,1,2014,222221,427,1,40,16,1,34,3
1932361730,derm,1,1,2014,99834,427,0,48,6,1,34,2
1013174523,derm,0,1,2014,223819,429,0,36,11,0,16,2
1962418947,derm,0,1,2014,222987,429,1,46,20,0,16,3
1447456959,derm,0,1,2014,223679,430,1,34,10,0,45,1
1700809894,derm,1,1,2014,222462,430,0,61,36,1,45,3
1801087861,derm,1,1,2014,223171,430,0,39,3,0,45,1
1013232297,derm,0,1,2014,219631,431,1,31,4,1,59,1
1013942317,derm,1,2,2014,221830,431,1,61,21,1,177,5
1194907667,derm,0,2,2014,223498,431,0,36,11,0,173,3
1740414234,derm,0,1,2014,222987,431,0,34,5,1,59,1
1083680508,derm,0,1,2014,224417,432,0,49,17,1,16,1
1932133568,derm,0,1,2014,223153,432,0,59,22,1,16,1
1649286873,derm,0,1,2014,177513,435,0,54,28,1,8,1
1003066366,derm,1,1,2014,328893,439,0,35,6,1,136,2
1104985951,derm,0,1,2014,330791,439,0,41,12,0,136,2
1194804161,derm,0,1,2014,330822,439,0,38,10,1,136,1
1457665093,derm,1,2,2014,233778,439,0,38,4,1,158,5
1639355209,derm,0,1,2014,328949,439,1,37,13,0,136,3
1669566006,derm,0,1,2014,330822,439,1,40,10,1,136,1
1891768610,derm,0,1,2014,330812,439,0,46,19,1,136,1
1295769446,derm,1,1,2014,183720,440,1,54,28,1,34,1
1396841987,derm,0,1,2014,185932,440,0,68,41,1,34,1
1548354699,derm,1,2,2014,183720,440,1,50,16,1,62,3
1194717041,derm,0,1,2014,105893,443,1,40,14,1,14,1
1144547027,derm,0,1,2014,161811,446,1,39,5,1,4,1
1366493439,derm,1,1,2014,161249,448,1,41,14,1,15,3
1710939996,derm,1,1,2014,161249,448,0,38,10,0,15,2
1386731883,derm,1,1,2014,161166,450,0,60,25,1,12,1
1093701294,derm,0,1,2014,146891,451,1,46,19,1,92,1
1194709477,derm,0,1,2014,146891,451,1,41,15,1,92,1
1285620484,derm,0,1,2014,146891,451,0,52,26,1,92,1
1740219567,derm,0,1,2014,146891,451,1,49,19,1,92,1
1932127180,derm,1,1,2014,161212,451,1,50,25,0,92,2
1588891725,derm,1,1,2015,261815,1,1,35,6,1,67,1
1942466073,derm,0,1,2015,94155,2,1,36,8,1,11,2
1346496999,derm,0,1,2015,122105,5,1,46,11,0,15,3
1366581977,derm,1,1,2015,328808,10,0,48,11,1,13,4
1609858851,derm,0,1,2015,328274,11,0,55,30,1,37,2
1669572715,derm,0,1,2015,324681,11,0,47,19,1,37,2
1427024603,derm,0,1,2015,122660,12,0,64,38,1,118,1
1780889261,derm,0,1,2015,334633,12,0,36,9,1,118,4
1790734952,derm,0,1,2015,64269,12,0,64,33,1,118,4
1215043062,derm,0,1,2015,328274,14,0,57,30,0,31,3
1255572863,derm,0,1,2015,202331,14,0,34,7,0,31,1
1851527840,derm,0,1,2015,328274,14,1,39,12,0,31,9
1558301929,derm,0,1,2015,64063,15,1,57,31,1,47,7
1386605491,derm,1,2,2015,276505,16,0,59,33,1,11,3
1528063997,derm,0,1,2015,272320,18,0,51,20,1,3,1
1184621294,derm,0,1,2015,122403,19,0,45,19,1,44,4
1306956032,derm,0,1,2015,260496,21,1,48,23,1,9,1
1538204649,derm,0,1,2015,260496,21,0,54,28,1,9,1
1982603718,derm,0,1,2015,135816,23,1,52,25,1,164,1
1568635704,derm,0,1,2015,333416,33,1,36,10,1,32,1
1689642233,derm,0,1,2015,271226,33,1,41,16,0,32,2
1811157126,derm,1,1,2015,271026,33,1,36,7,0,32,2
1225267966,derm,0,1,2015,110265,43,1,34,6,1,17,2
1003012931,derm,0,1,2015,122182,56,0,39,14,0,340,2
1083607667,derm,1,2,2015,207138,56,0,48,12,1,444,2
1225363914,derm,1,1,2015,340455,56,1,33,7,0,340,1
1255538781,derm,1,1,2015,340639,56,1,36,8,1,340,2
1376524371,derm,1,1,2015,340639,56,0,51,24,1,340,1
1437133394,derm,0,1,2015,44935,56,0,44,18,1,340,5
1548279383,derm,1,1,2015,340860,56,1,45,16,0,340,5
1629091897,derm,1,1,2015,340810,56,0,53,26,1,340,2
1730280298,derm,0,1,2015,201477,56,1,40,13,0,340,7
1740481639,derm,1,1,2015,340860,56,1,38,10,1,340,1
1780912485,derm,1,1,2015,340810,56,1,33,8,1,340,1
1851331821,derm,0,1,2015,134075,56,1,59,19,1,340,1
1932126653,derm,0,1,2015,134075,56,0,45,17,1,340,3
1043440845,derm,1,1,2015,333460,58,0,36,10,0,15,5
1992857239,derm,0,2,2015,337899,58,0,44,15,0,182,3
1073784492,derm,0,1,2015,271226,65,1,35,9,0,36,1
1114014172,derm,0,1,2015,4798,65,1,58,34,0,36,3
1396064473,derm,0,1,2015,334530,65,1,35,5,1,36,1
1588899116,derm,0,1,2015,180290,65,1,35,8,1,36,2
1477783827,derm,0,1,2015,342209,69,0,40,6,1,14,4
1942208608,derm,0,1,2015,342209,69,0,64,31,1,14,2
1023276144,derm,0,2,2015,335765,73,1,36,7,1,43,2
1083877377,derm,1,1,2015,270897,77,1,45,17,1,78,1
1275854507,derm,1,1,2015,271191,77,0,45,19,0,78,7
1750471546,derm,0,1,2015,47677,77,0,50,24,1,78,1
1841409893,derm,1,1,2015,271026,77,0,44,11,1,78,2
1225145543,derm,0,1,2015,108586,78,0,57,33,1,15,2
1912062480,derm,0,1,2015,291250,78,1,40,13,1,15,1
1932341203,derm,0,1,2015,201617,78,0,42,7,0,15,2
1235319385,derm,0,1,2015,134295,79,1,57,32,1,42,1
1295701977,derm,1,1,2015,135384,79,0,47,24,1,42,1
1588688832,derm,1,1,2015,135384,79,0,54,28,0,42,1
1124327606,derm,0,1,2015,337155,80,0,34,9,1,172,1
1568498145,derm,1,1,2015,114077,80,1,44,21,1,172,1
1780703355,derm,0,1,2015,93653,80,1,54,27,1,172,1
1871543199,derm,1,1,2015,114077,80,0,54,27,1,172,1
1902890296,derm,0,1,2015,61678,80,0,51,24,0,172,1
1962506238,derm,0,1,2015,194824,80,0,47,21,1,172,1
1972606374,derm,0,1,2015,136759,80,0,50,26,1,172,3
1205071222,derm,0,1,2015,114241,81,1,38,9,0,95,1
1346539509,derm,1,1,2015,335619,81,0,30,4,0,95,1
1770751174,derm,0,1,2015,114241,81,0,41,16,1,95,3
1245542224,derm,0,1,2015,291265,83,1,34,5,1,12,1
1144546672,derm,1,1,2015,342214,86,1,34,5,0,24,2
1578884060,derm,1,1,2015,342214,86,0,32,5,1,24,4
1750341673,derm,1,1,2015,342214,86,0,47,20,1,24,4
1780843953,derm,0,1,2015,290918,86,1,37,9,0,24,1
1053514109,derm,0,1,2015,270897,87,1,40,9,1,12,1
1467429399,derm,0,1,2015,134295,89,1,49,22,1,25,3
1528176989,derm,0,1,2015,134295,89,1,47,20,1,25,2
1548490964,derm,1,1,2015,336287,96,1,39,6,0,44,1
1093804460,derm,0,1,2015,194048,101,1,44,17,1,23,1
1275537078,derm,1,1,2015,316748,101,1,47,19,1,23,3
1396954178,derm,0,1,2015,316383,101,1,45,21,0,23,1
1437384278,derm,0,1,2015,316383,101,1,40,9,1,23,1
1780643262,derm,1,1,2015,316748,101,0,44,19,1,23,5
1437231990,derm,0,1,2015,317346,102,1,37,11,1,22,2
1598757510,derm,0,2,2015,144867,102,0,46,14,1,69,4
1003827585,derm,0,1,2015,316404,103,1,47,21,1,101,6
1043226368,derm,0,1,2015,316402,103,1,59,25,1,101,1
1043485212,derm,0,1,2015,317166,103,1,38,10,1,101,1
1316129364,derm,0,1,2015,293369,103,1,42,10,1,101,3
1477516045,derm,0,1,2015,318039,103,1,39,13,1,101,1
1962418459,derm,1,1,2015,279439,103,1,58,32,1,101,2
1194703926,derm,0,1,2015,316589,104,1,49,14,1,10,2
1801950118,derm,0,1,2015,328283,104,1,42,14,1,10,1
1457361172,derm,1,1,2015,293199,106,0,40,14,1,8,2
1669471868,derm,0,1,2015,119309,106,0,62,37,1,8,1
1891925699,derm,0,1,2015,70591,106,1,36,6,0,8,1
1396971164,derm,0,1,2015,16701,110,0,49,6,1,58,3
1497989123,derm,0,1,2015,180669,110,1,34,6,1,58,1
1083870968,derm,1,2,2015,16533,111,1,37,11,0,142,7
1124137286,derm,0,1,2015,16533,111,0,68,42,1,64,5
1073732244,derm,1,1,2015,219631,113,1,39,12,0,141,2
1598926735,derm,0,1,2015,219658,113,0,34,7,0,141,2
1992745152,derm,0,1,2015,187434,113,1,48,23,1,141,4
1285606442,derm,0,1,2015,293320,115,0,53,17,0,11,4
1093956039,derm,0,2,2015,247555,116,1,33,6,1,97,3
1821186115,derm,0,1,2015,325348,116,1,62,32,1,30,1
1205859188,derm,0,1,2015,116036,118,0,60,33,1,194,1
1215972021,derm,0,1,2015,106362,118,1,53,29,0,194,1
1457658569,derm,0,1,2015,45229,118,0,38,12,1,194,1
1467721464,derm,0,1,2015,247184,118,1,32,10,0,194,2
1518077452,derm,0,2,2015,257524,118,1,55,28,1,371,2
1710984919,derm,0,1,2015,123412,118,1,51,25,1,194,1
1760702666,derm,0,1,2015,265999,118,1,31,5,1,194,5
1780995456,derm,0,1,2015,264635,118,1,44,9,1,194,4
1134235617,derm,0,1,2015,162222,119,1,55,29,1,70,2
1356660476,derm,0,1,2015,247171,119,1,36,8,1,70,2
1376706812,derm,0,1,2015,137165,119,1,34,7,1,70,4
1407921885,derm,0,1,2015,247171,119,1,42,17,0,70,5
1497946172,derm,0,1,2015,65645,119,0,34,8,1,70,1
1558363531,derm,1,1,2015,111155,119,1,55,28,1,70,4
1588828982,derm,0,1,2015,247171,119,0,40,7,1,70,1
1639327919,derm,0,1,2015,247171,119,1,35,7,1,70,1
1780666750,derm,0,1,2015,120244,119,1,62,35,0,70,1
1801022892,derm,1,1,2015,111155,119,0,55,7,0,70,1
1811030067,derm,1,3,2015,137165,119,1,63,32,1,94,4
1831153964,derm,0,1,2015,137165,119,0,61,34,0,70,6
1962667907,derm,0,1,2015,65645,119,1,34,7,1,70,1
1043310790,derm,1,1,2015,247871,120,1,50,24,1,22,1
1003878869,derm,0,1,2015,253055,123,0,43,17,0,65,8
1871532085,derm,1,1,2015,251662,123,1,60,26,1,65,1
1912219593,derm,0,1,2015,253055,123,0,41,10,1,65,3
1922298868,derm,0,1,2015,200125,123,0,41,13,1,65,1
1942330279,derm,1,1,2015,251662,123,0,41,11,1,65,1
1194771105,derm,0,1,2015,247150,127,0,57,34,1,148,2
1346438348,derm,1,1,2015,264635,127,1,40,9,0,148,1
1407008576,derm,0,1,2015,68584,127,1,35,8,0,148,2
1407892573,derm,0,1,2015,267187,127,0,63,32,1,148,2
1710914106,derm,1,1,2015,264635,127,1,39,14,1,148,2
1326066713,derm,0,1,2015,160482,129,1,40,13,1,21,3
1497756878,derm,0,1,2015,160482,129,0,55,27,1,21,3
1720007537,derm,0,1,2015,65665,129,0,59,33,1,21,1
1740493980,derm,0,2,2015,65665,129,1,46,13,1,101,3
1770535346,derm,0,1,2015,160482,129,0,62,36,1,21,4
1013975366,derm,0,1,2015,252493,130,0,50,25,0,114,2
1235188087,derm,0,1,2015,251285,130,0,48,24,1,114,1
1326368234,derm,0,1,2015,197837,130,0,34,9,0,114,2
1639365893,derm,0,1,2015,250946,130,0,38,10,1,114,2
1700086048,derm,0,1,2015,247501,130,0,37,14,0,114,4
1902855596,derm,0,1,2015,250829,130,0,49,22,1,114,1
1144496993,derm,0,1,2015,251525,131,1,35,14,0,19,1
1285677294,derm,0,1,2015,250536,131,0,44,18,1,19,3
1659524304,derm,0,1,2015,250427,131,0,37,4,0,19,1
1659692507,derm,0,1,2015,328404,133,1,31,5,1,4,2
1467612259,derm,1,1,2015,250648,134,1,38,8,1,22,3
1902829005,derm,1,1,2015,265893,137,0,50,15,1,43,6
1104808054,derm,0,1,2015,104693,139,0,46,22,1,24,1
1508852351,derm,0,2,2015,59626,141,0,67,42,1,60,5
1558421818,derm,0,1,2015,115192,141,0,48,22,1,55,1
1700114527,derm,0,1,2015,251036,141,0,36,7,0,55,1
1548468036,derm,0,1,2015,104786,142,0,41,11,1,4,1
1073614475,derm,0,1,2015,239876,144,0,76,51,1,203,5
1295774305,derm,0,1,2015,200978,144,1,45,22,0,203,1
1316175797,derm,0,1,2015,121888,144,0,32,6,0,203,4
1467629964,derm,0,1,2015,241239,144,0,40,14,0,203,1
1629365283,derm,0,1,2015,258058,144,0,37,11,0,203,2
1679621239,derm,0,1,2015,239526,144,0,40,12,1,203,3
1821234147,derm,1,1,2015,239789,144,1,36,12,0,203,1
1871621474,derm,0,1,2015,241181,144,1,56,30,1,203,3
1023220985,derm,0,1,2015,174208,145,0,42,17,1,19,2
1881861839,derm,0,1,2015,240885,148,1,34,7,1,4,1
1356314793,derm,0,1,2015,92821,149,1,46,22,0,18,4
1376548677,derm,0,1,2015,93800,149,1,61,20,1,18,2
1396945648,derm,0,1,2015,240998,149,0,39,11,0,18,3
1417946963,derm,0,1,2015,37446,149,0,55,28,1,18,2
1629067871,derm,0,1,2015,238002,149,0,56,28,1,18,2
1376571125,derm,0,1,2015,342779,150,1,39,13,1,47,1
1538396916,derm,0,1,2015,342715,150,0,33,6,1,47,1
1558680959,derm,0,1,2015,3902,150,0,32,5,1,47,1
1710979695,derm,0,1,2015,342779,150,0,51,24,1,47,1
1841279635,derm,0,1,2015,342779,150,1,48,21,1,47,1
1245267541,derm,0,1,2015,176317,151,0,41,14,1,24,2
1760444244,derm,0,1,2015,176317,151,1,40,14,1,24,2
1023246550,derm,0,1,2015,294194,152,0,40,6,1,5,1
1023334596,derm,0,1,2015,94484,156,0,37,5,0,97,1
1790758944,derm,0,1,2015,50033,156,0,48,21,0,97,6
1154522753,derm,0,1,2015,145793,158,1,43,9,1,23,2
1376704676,derm,0,1,2015,149606,158,0,41,7,1,23,1
1457465098,derm,0,2,2015,328649,158,0,48,21,1,120,2
1831330877,derm,0,1,2015,148511,158,0,36,11,0,23,1
1659509834,derm,0,1,2015,147425,161,1,33,7,1,73,1
1700988706,derm,0,1,2015,240104,163,1,40,14,0,32,5
1043453608,derm,1,1,2015,149149,166,1,37,6,0,46,1
1245242031,derm,0,1,2015,60490,166,1,41,13,1,46,1
1356389647,derm,0,1,2015,147432,166,0,63,36,1,46,1
1346393428,derm,0,1,2015,145789,170,0,70,42,0,10,1
1518133842,derm,0,1,2015,152043,172,1,51,7,0,20,2
1952591315,derm,0,1,2015,95650,179,1,39,15,0,11,2
1053363861,derm,0,1,2015,141854,183,0,48,21,1,84,1
1194936807,derm,0,1,2015,143189,183,1,36,9,1,84,3
1326029158,derm,0,1,2015,143189,183,1,44,15,1,84,1
1932208063,derm,0,1,2015,179959,186,0,38,14,1,9,2
1124112503,derm,1,1,2015,166698,193,1,53,30,1,4,1
1942239355,derm,0,1,2015,167583,200,0,52,8,1,11,1
1114949179,derm,0,1,2015,212298,201,0,42,14,1,14,1
1710121371,derm,1,2,2015,130330,203,1,34,6,1,93,3
1124253133,derm,0,1,2015,256607,205,1,32,6,1,58,2
1235270448,derm,0,1,2015,256450,205,1,37,11,1,58,1
1326102203,derm,0,1,2015,65900,205,0,54,26,1,58,1
1437177797,derm,0,1,2015,256939,205,1,44,16,1,58,6
1679642466,derm,0,1,2015,69982,205,0,68,37,1,58,1
1861631947,derm,0,1,2015,256391,207,0,43,10,1,5,2
1457593618,derm,0,1,2015,274572,213,1,33,6,1,17,2
1386887842,derm,0,1,2015,274942,219,1,32,6,1,20,1
1730318346,derm,1,1,2015,274021,220,0,33,6,1,6,3
1255467684,derm,0,1,2015,568,222,0,39,9,1,33,3
1558336131,derm,0,1,2015,1111,222,0,67,41,1,33,1
1164414298,derm,0,1,2015,293954,223,1,49,24,0,117,1
1396747432,derm,0,1,2015,214484,225,0,68,24,1,14,2
1306830484,derm,0,1,2015,9908,227,0,45,13,1,331,2
1346298817,derm,1,1,2015,9251,227,0,55,30,1,331,3
1356570915,derm,1,1,2015,10604,227,1,34,8,1,331,4
1376521070,derm,0,1,2015,9404,227,1,58,33,0,331,1
1386896256,derm,0,1,2015,10346,227,0,33,7,0,331,3
1417129636,derm,1,1,2015,8983,227,0,35,7,1,331,5
1447571856,derm,0,1,2015,9881,227,1,32,8,0,331,2
1508836719,derm,0,1,2015,10346,227,0,44,18,1,331,4
1639291792,derm,1,1,2015,10422,227,0,41,12,1,331,1
1700041506,derm,0,1,2015,179924,227,1,34,9,0,331,1
1881610970,derm,0,1,2015,9259,227,1,56,29,1,331,2
1104079128,derm,0,1,2015,8518,230,0,37,10,0,23,1
1194852319,derm,0,1,2015,9455,230,1,39,11,1,23,2
1013119221,derm,1,1,2015,8482,231,1,42,18,0,32,1
1841276532,derm,0,1,2015,159621,232,0,75,50,1,58,1
1952573602,derm,0,1,2015,155167,232,0,34,7,1,58,2
1346217627,derm,0,1,2015,126917,233,0,48,24,1,21,2
1144249053,derm,0,1,2015,157573,236,0,46,18,1,22,2
1487803326,derm,0,1,2015,154596,236,0,35,7,1,22,2
1841307154,derm,0,1,2015,154596,236,0,61,35,1,22,1
1629153192,derm,0,1,2015,212452,238,0,59,33,0,5,1
1023215886,derm,0,1,2015,154599,239,0,44,19,0,12,2
1073595351,derm,0,1,2015,158504,239,0,48,19,1,12,2
1396993788,derm,0,1,2015,159573,242,1,35,9,0,5,3
1548585045,derm,0,1,2015,51569,244,0,34,5,1,21,1
1053426049,derm,1,1,2015,174498,245,0,77,19,0,63,2
1124067319,derm,1,1,2015,147342,251,0,48,23,1,116,1
1184917536,derm,1,1,2015,147342,251,1,41,17,1,116,1
1194043034,derm,1,1,2015,164035,251,0,36,12,1,116,1
1588602296,derm,1,1,2015,164026,251,0,50,22,1,116,1
1801959481,derm,1,1,2015,162123,251,0,49,18,1,116,1
1720315906,derm,1,1,2015,164358,253,1,38,14,0,44,2
1548347594,derm,1,1,2015,147342,256,1,37,12,1,36,1
1750385241,derm,0,1,2015,164699,256,0,68,43,1,36,2
1811918246,derm,0,1,2015,264624,257,0,41,12,1,7,2
1700861465,derm,1,1,2015,263696,258,0,62,36,1,11,2
1689664039,derm,0,1,2015,263643,259,0,43,16,1,24,2
1730475815,derm,0,1,2015,188218,259,0,32,3,1,24,1
1760777130,derm,0,2,2015,170474,263,0,38,4,1,79,6
1063707149,derm,1,1,2015,212099,268,1,32,4,1,66,1
1366671422,derm,0,1,2015,50320,268,0,35,7,1,66,1
1386873578,derm,0,1,2015,50320,268,1,35,7,1,66,2
1407968753,derm,0,1,2015,169086,268,0,66,41,0,66,2
1578697074,derm,0,1,2015,95310,268,1,40,12,1,66,1
1275502379,derm,1,1,2015,224933,270,1,48,22,0,20,1
1083716476,derm,0,1,2015,105443,273,0,57,30,1,114,1
1619167483,derm,0,1,2015,180087,273,0,34,9,0,114,2
1669572046,derm,0,1,2015,123554,273,1,48,20,0,114,2
1841464625,derm,0,1,2015,170128,273,0,34,7,1,114,1
1871792796,derm,0,1,2015,169376,273,0,45,8,0,114,2
1568435907,derm,1,1,2015,294459,274,1,59,33,1,17,3
1194984039,derm,0,1,2015,87978,276,1,33,7,1,12,1
1912167669,derm,0,1,2015,199878,278,0,42,12,0,24,1
1235445065,derm,1,1,2015,326514,279,1,37,13,1,32,4
1336192442,derm,0,2,2015,178220,279,0,42,13,1,96,5
1538255823,derm,0,1,2015,327046,279,0,52,31,0,32,2
1114133766,derm,0,1,2015,6292,281,1,66,36,0,21,2
1124382908,derm,1,1,2015,78647,281,0,31,3,1,21,2
1053503532,derm,0,1,2015,80870,283,1,37,12,0,106,1
1780656157,derm,0,1,2015,81321,284,0,53,31,1,79,2
1205032364,derm,0,1,2015,190049,285,1,41,13,0,65,1
1265425342,derm,1,1,2015,81215,285,1,43,17,1,65,2
1366435216,derm,0,1,2015,56897,285,1,54,30,1,65,1
1417929092,derm,1,1,2015,81215,285,0,65,39,1,65,1
1609825033,derm,1,1,2015,81215,285,0,45,16,1,65,3
1871586735,derm,1,1,2015,81215,285,1,42,17,0,65,1
1942240551,derm,1,1,2015,81215,285,0,46,20,1,65,3
1235111337,derm,0,1,2015,106398,288,1,46,19,0,43,1
1104840503,derm,0,1,2015,48983,289,0,54,20,0,41,1
1952333262,derm,0,1,2015,54727,289,0,50,26,0,41,2
1700957479,derm,0,1,2015,82542,292,0,68,40,1,23,1
1952551509,derm,1,1,2015,132124,292,1,37,14,1,23,1
1043535560,derm,0,1,2015,321313,293,0,38,8,1,45,2
1598783326,derm,0,1,2015,317516,293,1,62,36,1,45,1
1700029774,derm,0,1,2015,316874,293,1,34,6,1,45,2
1902884703,derm,1,1,2015,73755,293,0,47,20,0,45,1
1093886194,derm,0,1,2015,38952,295,1,59,33,1,47,1
1205859964,derm,1,1,2015,35111,295,0,49,23,1,47,3
1245289552,derm,0,1,2015,38952,295,0,58,33,1,47,1
1396800793,derm,0,1,2015,9520,295,1,59,30,1,47,2
1447202882,derm,1,1,2015,37446,295,0,58,28,1,47,1
1588719025,derm,1,1,2015,37446,295,1,66,42,0,47,2
1679596738,derm,0,1,2015,34569,295,1,44,12,1,47,1
1023245479,derm,1,1,2015,27652,301,1,32,6,0,231,1
1134132095,derm,0,1,2015,65759,301,0,54,26,1,231,3
1457621500,derm,0,1,2015,191405,301,0,33,7,0,231,2
1467525840,derm,0,1,2015,104164,301,0,47,23,0,231,6
1629380209,derm,0,1,2015,107488,301,1,31,5,1,231,4
1841358140,derm,0,1,2015,202550,301,1,55,28,1,231,2
1891137360,derm,0,1,2015,203741,301,1,34,10,0,231,5
1245548643,derm,1,2,2015,180817,303,0,36,12,0,679,3
1265454631,derm,0,1,2015,118950,303,0,44,14,0,342,1
1366617870,derm,1,1,2015,257947,303,1,43,18,1,342,1
1922261759,derm,0,1,2015,19378,303,0,38,10,0,342,2
1467406934,derm,0,1,2015,42622,304,0,47,20,1,40,1
1467722272,derm,0,1,2015,87960,304,1,32,6,0,40,1
1568691236,derm,0,1,2015,42622,304,0,32,6,0,40,1
1174639819,derm,0,1,2015,28229,308,0,57,33,0,75,1
1245220532,derm,0,1,2015,229750,309,0,46,19,1,28,5
1336107499,derm,0,1,2015,229794,309,0,59,32,1,28,1
1487609533,derm,0,1,2015,229794,309,1,49,23,0,28,1
1730479163,derm,0,1,2015,104100,309,1,29,4,0,28,2
1003967910,derm,1,1,2015,240246,311,0,51,22,1,82,3
1083690325,derm,0,1,2015,230786,311,0,51,25,1,82,2
1215192570,derm,0,1,2015,230786,311,0,36,11,0,82,2
1588687982,derm,1,1,2015,230444,311,1,48,20,1,82,1
1679602957,derm,0,1,2015,231855,311,1,42,9,1,82,2
1811046535,derm,0,1,2015,241905,311,0,66,36,1,82,1
1003013756,derm,0,1,2015,113182,312,0,38,8,0,72,1
1023114261,derm,0,1,2015,194091,312,1,50,22,0,72,3
1043502321,derm,0,1,2015,49359,312,0,33,7,0,72,1
1437258282,derm,0,1,2015,231971,312,1,47,16,1,72,3
1518129220,derm,0,1,2015,113182,312,1,33,7,1,72,1
1669584835,derm,0,1,2015,151441,312,1,42,13,1,72,2
1922315670,derm,0,1,2015,231204,313,1,39,14,1,19,3
1982868865,derm,0,1,2015,229548,313,1,34,7,1,19,1
1356600852,derm,1,1,2015,234822,314,1,42,16,0,24,2
1710241658,derm,0,1,2015,198434,318,0,63,35,0,46,3
1013968650,derm,0,1,2015,231832,319,1,49,23,1,19,1
1124139373,derm,0,1,2015,232274,319,1,46,20,1,19,3
1407858699,derm,0,1,2015,232128,319,1,62,36,1,19,1
1508036328,derm,0,1,2015,231832,319,1,36,8,1,19,1
1649263617,derm,1,1,2015,231615,319,0,52,24,1,19,4
1386825131,derm,1,1,2015,231566,320,1,38,11,0,38,1
1437159118,derm,0,1,2015,231464,320,0,45,18,1,38,1
1689905705,derm,1,2,2015,173015,323,1,49,25,1,53,3
1275510216,derm,1,1,2015,172980,324,1,55,29,1,2,2
1659536761,derm,0,1,2015,97304,326,0,35,4,1,10,1
1780996918,derm,1,1,2015,142212,327,0,31,5,1,55,1
1114985173,derm,1,1,2015,67426,328,0,42,11,1,118,1
1225368053,derm,0,1,2015,139732,328,1,38,12,1,118,2
1114245289,derm,0,1,2015,130425,329,1,32,5,1,89,1
1346419371,derm,0,1,2015,130263,329,1,33,8,1,89,1
1427363902,derm,0,1,2015,130943,329,0,39,7,0,89,1
1639147655,derm,0,1,2015,130263,329,1,44,19,0,89,1
1679551022,derm,0,1,2015,197063,329,1,42,16,1,89,2
1215985197,derm,0,1,2015,167362,330,0,67,44,1,21,1
1497066526,derm,0,1,2015,100782,330,1,32,5,1,21,1
1013910264,derm,1,1,2015,111018,339,1,60,33,1,46,2
1417112442,derm,1,1,2015,277333,339,0,34,7,1,46,1
1023085636,derm,1,1,2015,52344,340,0,43,16,1,30,1
1376765842,derm,0,1,2015,276519,340,1,65,9,1,30,3
1417113226,derm,1,1,2015,277031,340,0,36,8,1,30,1
1457606055,derm,1,1,2015,277017,340,0,40,7,0,30,2
1942251079,derm,0,1,2015,153720,340,0,42,12,1,30,1
1033196795,derm,0,1,2015,116268,341,1,51,26,1,11,6
1225104235,derm,0,1,2015,332945,341,0,47,15,1,11,2
1336168574,derm,0,1,2015,331906,342,0,40,16,0,22,2
1659355899,derm,0,1,2015,331906,342,1,43,18,0,22,1
1962522367,derm,1,1,2015,332937,342,0,40,11,1,22,4
1174542898,derm,0,1,2015,160420,343,0,60,31,0,11,4
1487869129,derm,0,1,2015,333085,343,1,39,12,1,11,2
1124388020,derm,1,1,2015,328891,344,0,34,9,0,89,1
1285854844,derm,1,1,2015,332672,344,1,40,14,0,89,1
1285866582,derm,1,1,2015,328891,344,1,35,10,1,89,1
1649442476,derm,0,1,2015,64475,344,1,48,7,1,89,1
1760531115,derm,0,1,2015,202652,344,0,51,24,1,89,1
1811106891,derm,0,1,2015,331919,344,1,38,10,1,89,3
1225294655,derm,0,1,2015,331944,345,1,47,8,1,8,3
1184883308,derm,0,1,2015,83933,346,0,52,15,0,28,1
1972706091,derm,0,1,2015,85204,346,0,43,7,1,28,2
1033456322,derm,1,1,2015,87798,350,1,31,7,0,28,1
1205885332,derm,0,1,2015,122235,356,1,62,24,1,236,3
1245265354,derm,0,1,2015,6988,356,1,41,15,1,236,1
1396038113,derm,1,1,2015,77034,356,1,33,9,0,236,1
1518058254,derm,0,1,2015,86982,356,0,76,50,0,236,1
1760425235,derm,1,2,2015,86002,356,1,59,34,1,265,2
1760456826,derm,0,1,2015,120012,356,0,59,33,1,236,1
1144487745,derm,0,1,2015,106364,357,0,39,10,1,85,2
1073558409,derm,1,1,2015,88721,359,0,43,21,0,2,1
1366414914,derm,0,1,2015,179738,363,1,45,18,1,10,4
1083877963,derm,0,1,2015,12978,364,1,40,7,1,61,2
1477712057,derm,0,1,2015,12978,364,1,40,8,1,61,2
1518298272,derm,1,1,2015,12697,364,1,35,10,0,61,1
1174545891,derm,1,2,2015,101441,365,0,44,12,1,144,4
1184622607,derm,0,1,2015,60053,365,1,46,20,1,53,2
1760475859,derm,0,1,2015,101441,365,0,62,36,1,53,1
1770672636,derm,1,1,2015,236314,365,1,47,15,1,53,2
1043447378,derm,0,1,2015,235640,368,1,35,9,0,32,2
1689677882,derm,0,1,2015,235635,368,0,46,17,1,32,1
1073595435,derm,0,1,2015,99996,369,0,37,14,1,7,5
1245359132,derm,1,1,2015,238005,369,0,37,10,0,7,1
1700842333,derm,0,1,2015,70043,369,0,47,20,1,7,1
1447211412,derm,1,1,2015,184513,371,1,59,32,1,20,1
1609043249,derm,0,1,2015,261607,374,0,34,7,1,8,2
1689786212,derm,1,2,2015,112541,376,0,66,40,1,91,3
1134236201,derm,0,1,2015,258600,377,1,67,24,1,31,1
1508832718,derm,0,1,2015,260200,377,0,44,13,1,31,1
1538271176,derm,0,1,2015,175720,377,0,40,14,1,31,4
1417076290,derm,0,2,2015,260814,380,0,42,12,1,105,2
1669443875,derm,0,1,2015,282214,380,1,48,22,1,75,1
1164500047,derm,0,1,2015,2422,385,1,45,19,1,91,1
1275852717,derm,0,1,2015,278446,385,0,32,5,0,91,3
1376602359,derm,1,2,2015,281570,385,1,43,16,1,97,4
1407054646,derm,1,1,2015,281570,385,1,42,8,1,91,7
1568409522,derm,1,1,2015,281570,385,0,46,20,1,91,7
1588659817,derm,1,1,2015,279278,385,0,43,19,1,91,4
1639353139,derm,0,1,2015,288965,385,1,41,17,0,91,3
1700988714,derm,0,1,2015,278451,385,0,43,16,1,91,4
1336175231,derm,0,1,2015,288755,386,0,54,15,0,8,1
1831397454,derm,0,1,2015,196116,386,0,35,8,1,8,1
1073568416,derm,0,1,2015,285094,391,1,46,21,1,162,1
1154333169,derm,0,1,2015,106015,391,1,40,16,0,162,1
1215137344,derm,0,1,2015,68413,391,1,35,11,0,162,1
1215152442,derm,0,1,2015,283649,391,0,42,17,1,162,1
1477741569,derm,0,1,2015,68413,391,1,35,9,0,162,1
1528173507,derm,1,1,2015,287745,391,0,39,12,1,162,2
1568645877,derm,0,1,2015,287756,391,1,41,16,0,162,5
1598907529,derm,1,1,2015,287745,391,1,32,6,0,162,2
1609076124,derm,0,1,2015,285246,391,0,49,10,1,162,2
1700804937,derm,0,1,2015,58065,391,0,60,34,1,162,1
1740577766,derm,0,1,2015,203569,391,0,29,5,0,162,1
1740591874,derm,1,1,2015,287745,391,1,31,5,1,162,2
1881791978,derm,0,1,2015,286350,391,0,42,14,1,162,2
1881957140,derm,1,1,2015,287745,391,1,30,3,0,162,1
1942308424,derm,0,1,2015,196047,391,0,41,17,0,162,3
1073593281,derm,0,1,2015,70591,393,1,52,26,1,13,2
1104897248,derm,0,1,2015,321318,393,1,41,12,0,13,4
1053318857,derm,1,1,2015,287760,394,0,47,24,1,62,2
1164473666,derm,0,1,2015,73024,394,0,49,23,1,62,2
1184686719,derm,0,1,2015,272049,397,1,69,,1,206,1
1194794602,derm,1,1,2015,288250,397,0,56,30,0,206,1
1336345487,derm,0,1,2015,288686,397,0,37,8,1,206,1
1386870673,derm,0,1,2015,67615,397,1,36,12,0,206,1
1467489740,derm,0,1,2015,67615,397,1,38,12,1,206,1
1548580970,derm,1,1,2015,128092,397,1,37,5,0,206,2
1679704084,derm,0,1,2015,295184,397,0,34,6,0,206,3
1689663403,derm,0,1,2015,285597,397,0,56,24,1,206,3
1790853414,derm,1,1,2015,287789,397,0,61,36,0,206,3
1821019845,derm,1,1,2015,128092,397,0,56,31,1,206,2
1881911592,derm,0,1,2015,67615,397,1,31,5,0,206,1
1669473559,derm,0,1,2015,331869,406,0,42,18,0,7,1
1043494032,derm,0,1,2015,327392,412,0,37,9,0,76,5
1083746119,derm,0,1,2015,288631,412,1,36,9,1,76,3
1205896230,derm,1,1,2015,278529,412,0,52,20,1,76,1
1235384439,derm,0,1,2015,111349,412,0,36,11,0,76,8
1407088966,derm,1,2,2015,278529,412,0,45,18,0,91,5
1598708794,derm,0,1,2015,53029,412,0,40,13,1,76,6
1841359189,derm,0,1,2015,167454,412,0,50,12,1,76,1
1881790657,derm,0,1,2015,201052,412,0,56,27,1,76,5
1043414402,derm,1,1,2015,281570,413,0,34,8,1,18,4
1639161631,derm,1,1,2015,281570,413,0,46,18,1,18,2
1821156340,derm,0,1,2015,91997,413,1,49,13,1,18,3
1952622888,derm,1,1,2015,281570,413,1,32,5,1,18,1
1982862249,derm,1,1,2015,281570,413,1,36,11,1,18,1
1356351977,derm,0,1,2015,285209,416,1,42,17,1,15,2
1740439769,derm,0,1,2015,285243,416,0,33,7,1,15,3
1336334739,derm,0,1,2015,281611,418,1,37,9,1,6,3
1053446252,derm,1,1,2015,334967,423,0,56,27,1,80,3
1518025360,derm,1,1,2015,334967,423,1,39,12,1,80,3
1538471313,derm,0,1,2015,327941,423,0,34,5,1,80,3
1669765327,derm,0,1,2015,201874,423,1,32,6,0,80,1
1821075821,derm,1,2,2015,340455,423,0,43,16,0,104,5
1134387244,derm,0,1,2015,6330,424,1,36,7,1,18,3
1568495166,derm,0,1,2015,113665,426,1,41,17,0,94,2
1760555221,derm,0,1,2015,223948,426,0,57,29,0,94,4
1801053541,derm,0,1,2015,223947,426,1,45,20,0,94,3
1912183682,derm,0,1,2015,175993,426,0,59,35,0,94,1
1053569582,derm,1,1,2015,222221,427,1,36,10,0,34,3
1275830796,derm,0,1,2015,94685,427,1,33,7,1,34,2
1770602898,derm,1,1,2015,222221,427,1,35,9,1,34,1
1811952393,derm,0,1,2015,121754,427,0,46,19,1,34,2
1366418063,derm,0,1,2015,223323,428,0,60,35,1,7,4
1407072069,derm,0,1,2015,62865,428,0,52,8,1,7,2
1487617213,derm,0,1,2015,222462,429,1,54,20,0,14,2
1689861635,derm,0,1,2015,222987,429,0,39,10,1,14,1
1154528891,derm,0,1,2015,223365,431,1,57,32,0,61,1
1447218193,derm,0,1,2015,2497,431,1,48,20,1,61,2
1467443846,derm,0,1,2015,223781,431,0,61,34,1,61,3
1588635114,derm,0,1,2015,223444,431,0,51,18,1,61,4
1730118175,derm,1,1,2015,221748,431,0,60,32,1,61,2
1508833286,derm,0,1,2015,94685,432,1,63,37,1,15,5
1780652719,derm,1,1,2015,17977,432,0,43,14,1,15,3
1851511422,derm,0,1,2015,222859,435,0,41,15,0,7,2
1568614204,derm,1,1,2015,328875,437,1,38,7,0,15,1
1891967683,derm,0,1,2015,132795,437,0,34,9,0,15,2
1285611699,derm,0,1,2015,329945,438,0,39,10,1,7,1
1326261942,derm,0,1,2015,104638,438,0,38,10,0,7,2
1316043482,derm,0,2,2015,64063,439,0,47,19,1,187,10
1386788784,derm,1,1,2015,328896,439,1,38,12,0,138,1
1669533576,derm,0,1,2015,330812,439,0,52,28,0,138,1
1710113709,derm,1,1,2015,232758,439,1,32,6,1,138,1
1720039548,derm,0,1,2015,199065,439,1,44,15,1,138,3
1972536373,derm,0,1,2015,186174,439,1,55,20,1,138,1
1043522402,derm,0,1,2015,328902,440,1,40,16,0,31,3
1114086675,derm,0,1,2015,331140,440,0,54,28,1,31,1
1215922182,derm,1,1,2015,329700,440,0,43,16,1,31,1
1194750117,derm,0,1,2015,330812,441,0,54,16,0,15,1
1346570728,derm,0,1,2015,329696,441,0,54,26,1,15,1
1386807725,derm,0,1,2015,330812,441,0,41,13,0,15,1
1538168521,derm,0,1,2015,329696,441,0,65,40,1,15,4
1538456892,derm,0,1,2015,72098,444,0,33,4,1,9,1
1407849433,derm,0,1,2015,207151,447,0,61,36,1,14,1
1235323510,derm,1,1,2015,13435,449,1,36,9,1,36,2
1992986897,derm,0,1,2015,161324,449,0,37,10,1,36,1
1801081948,derm,1,1,2015,161166,450,0,54,30,0,11,1
1265446017,derm,0,1,2015,160593,451,0,46,20,0,92,1
1396908505,derm,0,1,2015,161240,451,1,36,11,0,92,1
1851529929,derm,1,1,2015,161910,451,1,42,9,0,92,2
1093026882,derm,0,1,2015,293115,457,0,32,5,1,3,1
1275843609,derm,0,1,2016,263438,1,0,48,24,1,69,3
1124389366,derm,0,1,2016,186886,6,0,32,4,1,21,2
1609005321,derm,0,1,2016,261133,6,1,37,12,1,21,1
1669634796,derm,0,1,2016,262478,6,0,39,10,1,21,1
1396702478,derm,0,1,2016,262084,9,0,60,36,1,10,1
1457619371,derm,0,1,2016,328274,11,0,33,7,1,38,9
1003161035,derm,0,1,2016,102683,12,0,34,0,1,126,1
1013966795,derm,0,1,2016,196136,12,1,48,21,1,126,1
1023150794,derm,0,1,2016,180687,12,1,50,24,1,126,3
1063460830,derm,0,1,2016,298097,12,0,57,23,1,126,2
1497755615,derm,0,1,2016,323819,12,0,43,18,0,126,3
1558487983,derm,0,1,2016,325153,12,1,61,11,1,126,2
1659514594,derm,0,1,2016,49131,12,1,46,17,0,126,2
1750371324,derm,0,1,2016,323808,12,0,43,18,0,126,2
1821003591,derm,0,1,2016,261095,12,0,58,17,1,126,1
1952571341,derm,1,1,2016,189361,12,0,37,12,0,126,2
1255539946,derm,0,1,2016,177900,14,1,41,16,0,30,8
1427351600,derm,0,1,2016,328274,14,1,36,11,0,30,1
1437296795,derm,0,1,2016,50759,15,1,36,10,1,49,5
1477592467,derm,0,1,2016,64063,15,1,47,18,0,49,7
1902062219,derm,1,1,2016,272397,16,1,42,8,1,7,6
1457557936,derm,1,1,2016,274010,19,1,35,9,1,39,1
1972503399,derm,0,1,2016,260520,21,0,47,21,1,9,1
1235369307,derm,0,1,2016,285923,22,0,37,10,1,3,1
1598742413,derm,0,1,2016,135276,23,0,57,26,0,172,2
1700990637,derm,0,1,2016,70891,25,0,52,24,0,13,1
1336400431,derm,0,1,2016,271226,33,1,33,4,0,31,6
1457517229,derm,0,1,2016,271226,33,1,58,8,1,31,1
1659534204,derm,0,1,2016,271226,33,1,54,24,0,31,6
1992863138,derm,0,1,2016,271226,33,1,45,21,1,31,4
1487663233,derm,1,1,2016,194574,43,1,57,24,0,20,3
1821099003,derm,1,2,2016,342779,56,0,49,22,1,418,8
1972757219,derm,0,1,2016,258076,56,1,37,15,1,343,2
1427029040,derm,0,1,2016,134295,62,0,49,23,1,10,4
1518114768,derm,0,1,2016,335445,65,1,38,8,1,34,4
1154492122,derm,1,1,2016,342209,69,0,45,21,1,16,1
1912012972,derm,1,1,2016,342209,69,1,65,38,1,16,5
1033326061,derm,0,1,2016,333530,73,0,48,22,1,8,1
1811093461,derm,1,1,2016,134295,73,0,69,44,1,8,4
1235459793,derm,1,1,2016,271191,77,1,39,14,0,78,6
1255389474,derm,1,1,2016,271026,77,0,47,16,1,78,2
1265724546,derm,1,1,2016,270897,77,1,36,10,1,78,2
1366738825,derm,0,1,2016,192484,77,0,37,5,1,78,3
1538422316,derm,0,1,2016,333362,77,0,59,2,0,78,1
1699773127,derm,1,1,2016,271191,77,0,42,16,1,78,6
1770672859,derm,1,1,2016,271191,77,1,57,26,1,78,3
1912979162,derm,1,1,2016,270897,77,0,60,30,0,78,2
1922324789,derm,1,1,2016,271191,77,1,32,6,1,78,1
1982929535,derm,1,1,2016,271191,77,1,32,6,0,78,1
1124315601,derm,0,1,2016,108586,78,0,33,5,1,16,1
1265414486,derm,0,1,2016,135404,79,0,45,17,0,43,1
1710295464,derm,1,1,2016,135462,79,0,39,16,0,43,1
1013168483,derm,1,1,2016,134113,80,1,38,10,1,165,3
1558302604,derm,1,1,2016,134113,80,1,57,28,1,165,3
1992999551,derm,0,1,2016,337155,80,1,41,12,1,165,1
1114144649,derm,0,1,2016,114241,81,0,38,16,1,100,1
1699812842,derm,0,1,2016,114135,81,1,54,19,1,100,1
1891718185,derm,0,1,2016,114241,81,0,57,31,0,100,7
1518969575,derm,0,1,2016,335445,82,1,50,19,1,53,2
1174749956,derm,1,1,2016,335445,85,0,36,10,0,75,2
1326009838,derm,0,1,2016,291265,86,0,63,37,1,23,3
1992753842,derm,0,1,2016,121278,87,0,53,20,1,11,1
1477782910,derm,1,1,2016,271026,91,0,40,15,0,10,2
1104914019,derm,0,1,2016,270897,96,0,44,17,0,47,3
1558330399,derm,1,1,2016,336297,96,1,42,15,1,47,1
1215910328,derm,1,1,2016,203623,102,1,45,19,1,24,1
1225391683,derm,0,1,2016,107073,102,1,32,4,1,24,1
1306871090,derm,0,1,2016,316394,102,1,40,13,1,24,1
1508825753,derm,0,1,2016,293199,102,0,52,26,1,24,1
1992857577,derm,1,1,2016,203623,102,0,51,24,1,24,4
1073833828,derm,1,1,2016,279439,103,1,32,6,1,97,3
1124056668,derm,0,1,2016,317062,103,1,36,10,1,97,1
1134408750,derm,1,1,2016,279439,103,1,34,6,1,97,1
1437154366,derm,1,1,2016,279439,103,0,50,19,1,97,4
1609864842,derm,1,1,2016,279439,103,1,52,24,1,97,6
1083600183,derm,0,1,2016,316377,104,1,49,26,0,12,1
1003850066,derm,1,1,2016,316476,105,0,59,34,1,16,1
1902883531,derm,0,1,2016,328283,106,0,55,30,0,10,2
1720071665,derm,0,1,2016,115187,109,1,54,30,1,40,2
1942263033,derm,0,1,2016,16533,109,1,42,18,0,40,1
1992787113,derm,0,1,2016,16533,109,0,49,14,1,40,1
1447203393,derm,0,2,2016,16941,110,1,53,25,1,84,2
1205112901,derm,0,1,2016,113226,111,1,34,7,0,65,2
1114157112,derm,0,1,2016,177189,113,0,37,12,0,146,2
1386752806,derm,0,1,2016,177189,113,0,44,20,0,146,4
1538229075,derm,0,1,2016,86004,113,0,50,24,1,146,1
1538349527,derm,0,1,2016,99834,113,1,37,14,0,146,1
1548585615,derm,0,1,2016,224174,113,1,31,6,0,146,1
1689665929,derm,0,1,2016,221113,113,0,62,38,1,146,5
1922130228,derm,0,1,2016,224174,113,0,50,18,1,146,1
1952574840,derm,0,1,2016,217717,113,1,41,16,0,146,1
1972542363,derm,1,1,2016,216487,113,1,61,34,1,146,1
1851617427,derm,0,1,2016,120311,115,1,34,6,0,13,2
1134158702,derm,0,1,2016,252947,116,0,51,14,1,27,1
1427029743,derm,0,1,2016,60006,116,1,57,27,1,27,2
1740288521,derm,0,1,2016,54133,116,0,61,37,0,27,3
1104965599,derm,0,1,2016,148271,118,0,64,34,1,202,3
1174517122,derm,0,1,2016,133177,118,1,42,16,1,202,9
1235197666,derm,0,1,2016,267562,118,0,51,25,0,202,2
1306097035,derm,0,1,2016,247184,118,0,42,18,1,202,4
1326157553,derm,0,1,2016,178813,118,0,44,13,1,202,1
1639328248,derm,0,1,2016,265999,118,1,40,9,0,202,1
1710951694,derm,0,1,2016,264635,118,0,62,33,1,202,1
1811000391,derm,0,1,2016,266011,118,0,53,28,1,202,3
1881613065,derm,0,1,2016,109600,118,1,61,22,1,202,1
1912999608,derm,0,1,2016,264635,118,0,55,29,1,202,8
1992969075,derm,0,1,2016,267743,118,1,35,10,1,202,2
1205900388,derm,0,1,2016,160611,119,1,54,27,1,67,1
1578528238,derm,0,1,2016,137165,119,0,51,25,1,67,4
1609857648,derm,1,1,2016,111155,119,1,58,31,1,67,1
1659437093,derm,0,1,2016,98766,119,1,60,31,1,67,1
1679700694,derm,0,1,2016,265893,119,1,35,7,0,67,1
1699745943,derm,0,1,2016,54133,119,0,47,21,1,67,3
1750370755,derm,0,1,2016,266828,119,0,65,39,1,67,9
1770560260,derm,0,1,2016,137165,119,0,54,21,1,67,4
1922031608,derm,0,1,2016,247771,119,0,45,28,0,67,1
1578591095,derm,0,1,2016,292226,122,0,41,15,1,15,2
1992771869,derm,0,1,2016,62159,122,0,59,34,0,15,3
1184856155,derm,0,1,2016,249150,123,1,40,7,0,65,2
1346478302,derm,0,1,2016,253055,123,0,44,18,0,65,1
1467457721,derm,0,1,2016,252236,123,0,77,53,1,65,1
1609162932,derm,0,1,2016,253055,123,1,32,5,1,65,2
1659361939,derm,0,1,2016,249150,123,0,41,13,1,65,4
1962504787,derm,0,1,2016,39666,123,0,56,29,1,65,2
1053353318,derm,0,1,2016,247202,127,1,63,38,1,151,2
1114108669,derm,0,1,2016,249756,127,1,42,16,1,151,1
1134175938,derm,1,1,2016,264635,127,0,49,25,0,151,2
1134359854,derm,0,1,2016,267705,127,0,38,10,0,151,2
1326061649,derm,1,2,2016,264635,127,0,54,27,1,210,3
1427242866,derm,0,1,2016,68584,127,0,47,26,0,151,2
1831342823,derm,1,1,2016,264635,127,0,47,22,0,151,1
1780792853,derm,0,1,2016,201822,129,1,56,29,1,20,1
1174962807,derm,1,1,2016,187217,130,0,57,31,1,118,5
1356669683,derm,0,1,2016,117596,130,1,43,6,1,118,3
1588861751,derm,0,1,2016,207381,130,0,36,12,0,118,1
1609833284,derm,1,1,2016,187217,130,0,61,33,1,118,2
1700847449,derm,0,1,2016,251285,130,1,41,15,1,118,1
1811209687,derm,1,1,2016,187217,130,1,39,16,1,118,2
1447233408,derm,0,1,2016,251265,131,0,65,34,1,20,2
1013095603,derm,0,1,2016,328758,134,0,58,32,1,22,1
1386963999,derm,0,1,2016,247152,134,0,35,8,0,22,3
1467766006,derm,1,1,2016,250648,134,1,30,6,0,22,2
1528201407,derm,0,1,2016,108461,134,0,40,7,1,22,1
1205070711,derm,0,1,2016,55866,137,0,35,7,1,43,6
1457364028,derm,0,1,2016,55866,137,0,47,18,0,43,2
1679898332,derm,1,1,2016,265893,137,0,44,15,0,43,5
1811901390,derm,1,1,2016,265893,137,0,52,11,0,43,5
1477584746,derm,0,1,2016,128058,139,0,66,40,1,23,1
1649460833,derm,0,1,2016,201624,139,0,40,16,0,23,5
1861509176,derm,0,1,2016,252007,139,0,57,8,1,23,4
1275598278,derm,0,1,2016,137478,140,0,38,12,1,25,1
1033474184,derm,0,1,2016,123920,141,1,34,7,1,57,1
1316902505,derm,0,1,2016,252947,141,1,52,17,1,57,1
1386628709,derm,0,1,2016,168033,141,1,42,14,1,57,1
1497854335,derm,0,1,2016,251036,141,1,61,37,0,57,1
1538332937,derm,0,1,2016,251036,141,1,34,8,1,57,1
1598942963,derm,0,1,2016,252947,141,1,55,16,1,57,2
1699088104,derm,0,1,2016,181558,141,0,38,13,1,57,1
1851377071,derm,1,1,2016,87988,141,0,43,15,1,57,1
1861459117,derm,0,1,2016,325348,141,1,58,17,1,57,4
1982742524,derm,0,1,2016,80588,141,1,62,38,1,57,1
1114120169,derm,0,1,2016,121888,144,1,35,9,0,201,2
1114296910,derm,0,1,2016,59559,144,1,41,17,0,201,1
1265415269,derm,0,1,2016,121888,144,1,49,17,1,201,3
1568783124,derm,0,1,2016,121888,144,1,32,6,1,201,1
1588603435,derm,0,1,2016,240599,144,1,52,20,1,201,1
1629307277,derm,0,1,2016,66765,144,0,37,9,1,201,3
1669766069,derm,0,1,2016,241325,144,1,32,5,1,201,5
1891929006,derm,1,1,2016,241061,144,0,34,6,1,201,2
1972737013,derm,0,1,2016,242070,144,1,34,7,1,201,7
1225138456,derm,0,1,2016,208561,149,0,50,23,1,17,2
1558384776,derm,0,1,2016,92821,149,0,58,31,1,17,3
1639303415,derm,0,1,2016,241479,149,1,34,7,0,17,1
1710087614,derm,0,1,2016,170829,149,0,58,31,1,17,1
1164628756,derm,0,1,2016,342243,150,0,42,9,1,48,2
1790949956,derm,1,1,2016,342304,150,0,38,11,1,48,2
1801843842,derm,0,1,2016,342311,150,1,54,14,0,48,1
1043322217,derm,1,1,2016,58920,151,1,56,14,1,24,2
1710909866,derm,0,1,2016,302807,151,0,52,27,1,24,1
1972540870,derm,1,1,2016,58920,151,0,43,13,1,24,1
1457328874,derm,0,1,2016,102502,155,0,51,27,1,18,2
1568488708,derm,0,1,2016,149996,155,0,50,27,1,18,1
1457388928,derm,0,1,2016,202859,156,0,64,30,1,96,2
1558673228,derm,0,1,2016,147473,156,1,37,12,0,96,2
1831344373,derm,1,1,2016,146891,156,1,34,8,0,96,2
1548230063,derm,0,1,2016,149138,158,0,45,17,0,24,1
1831362946,derm,1,1,2016,148271,161,0,36,8,1,67,1
1992016901,derm,0,1,2016,240104,163,0,39,6,1,35,3
1053440008,derm,1,1,2016,147089,166,1,37,11,0,48,1
1053599233,derm,0,1,2016,240104,166,0,38,14,1,48,1
1285955476,derm,0,1,2016,74736,166,1,34,8,1,48,1
1144362773,derm,1,1,2016,160425,171,0,38,14,0,12,1
1366424368,derm,0,1,2016,161245,171,1,52,14,1,12,1
1295710044,derm,0,1,2016,152504,172,0,52,16,1,21,2
1558380584,derm,1,1,2016,152448,172,0,55,23,1,21,1
1649361858,derm,0,1,2016,105443,172,0,44,21,0,21,2
1366616435,derm,1,1,2016,101999,179,1,35,13,0,12,1
1912903311,derm,0,1,2016,141859,179,0,47,19,1,12,1
1013249838,derm,0,1,2016,145383,183,0,37,11,0,86,3
1154584399,derm,1,1,2016,116364,183,0,38,8,1,86,2
1699975185,derm,0,1,2016,69549,183,0,41,18,0,86,2
1760672760,derm,0,1,2016,143203,183,0,38,14,1,86,4
1871688853,derm,0,1,2016,141871,183,0,50,23,1,86,1
1295744175,derm,0,1,2016,179959,186,0,66,27,1,10,1
1154378602,derm,1,1,2016,141839,187,1,54,19,1,11,3
1447210380,derm,0,1,2016,167123,190,0,64,38,1,7,2
1386649341,derm,0,1,2016,167057,191,1,45,18,1,14,4
1508843384,derm,0,1,2016,167057,191,0,55,29,1,14,4
1558372631,derm,0,1,2016,167057,191,1,46,16,0,14,4
1124257019,derm,1,1,2016,167080,192,1,34,7,1,22,3
1538276894,derm,0,1,2016,167057,192,1,45,21,1,22,3
1811162779,derm,1,1,2016,167080,192,0,38,12,1,22,3
1992797922,derm,0,1,2016,256599,203,0,54,28,1,14,2
1932159852,derm,0,1,2016,261151,204,0,37,11,1,35,2
1952511917,derm,0,1,2016,256607,205,0,40,13,1,59,2
1528021235,derm,0,1,2016,256391,207,0,67,42,1,5,1
1104870591,derm,1,1,2016,274021,210,0,71,45,1,34,1
1174733489,derm,1,1,2016,274021,216,0,38,11,1,38,5
1386744704,derm,1,1,2016,274021,216,1,44,15,1,38,1
1053541565,derm,0,1,2016,288631,219,1,34,7,1,17,2
1013190545,derm,0,1,2016,555,221,0,46,20,1,8,1
1356652937,derm,0,1,2016,297385,221,1,54,21,1,8,1
1487711909,derm,1,1,2016,552,221,0,64,35,1,8,2
1053593962,derm,0,1,2016,1111,222,1,47,20,1,35,1
1073833703,derm,1,1,2016,550,222,1,36,6,1,35,4
1104906155,derm,0,1,2016,557,222,1,45,19,0,35,1
1427014869,derm,0,1,2016,548,222,0,55,29,1,35,1
1760433205,derm,0,1,2016,3588,222,1,39,13,1,35,1
1922291566,derm,1,1,2016,550,222,1,45,12,1,35,1
1003040726,derm,0,1,2016,293954,223,0,68,35,1,110,2
1063473551,derm,0,1,2016,176950,223,1,41,15,0,110,1
1144293713,derm,0,1,2016,55858,223,1,47,21,1,110,2
1356679138,derm,0,1,2016,194212,223,0,45,16,1,110,2
1760777809,derm,1,1,2016,216335,223,1,32,5,0,110,4
1821264425,derm,0,1,2016,216307,223,0,40,10,1,110,2
1689780579,derm,1,1,2016,218945,225,1,49,22,1,13,3
1740342161,derm,0,1,2016,92054,226,1,40,12,0,23,2
1104188747,derm,1,1,2016,118578,227,1,44,18,0,337,1
1154337681,derm,0,1,2016,219695,227,0,43,19,0,337,8
1245488105,derm,1,1,2016,118578,227,1,41,15,1,337,1
1346445392,derm,1,1,2016,8983,227,0,61,33,1,337,2
1427066224,derm,0,1,2016,9688,227,1,41,14,1,337,3
1508157371,derm,0,1,2016,10207,227,1,31,5,1,337,2
1518283274,derm,1,1,2016,9251,227,1,32,6,1,337,2
1629037064,derm,1,1,2016,79164,227,0,54,25,1,337,3
1780613935,derm,1,1,2016,10039,227,0,57,29,1,337,1
1902127673,derm,1,1,2016,79164,227,1,33,6,1,337,2
1902878465,derm,0,1,2016,214416,227,1,49,22,1,337,1
1316181027,derm,0,1,2016,298481,230,1,35,7,1,21,1
1447561204,derm,0,1,2016,78648,230,0,44,18,0,21,2
1437448057,derm,1,1,2016,160953,232,1,32,5,1,59,6
1124298047,derm,1,1,2016,154593,233,1,51,14,0,21,1
1487632493,derm,0,1,2016,206631,233,0,59,31,1,21,2
1003987694,derm,0,1,2016,58479,234,0,58,33,0,47,1
1396997912,derm,0,1,2016,188260,234,0,36,8,1,47,1
1578522686,derm,0,1,2016,298770,234,0,74,42,1,47,2
1912928276,derm,0,1,2016,60819,236,0,49,22,1,24,2
1043530942,derm,0,1,2016,157933,238,0,39,6,1,5,2
1720298359,derm,0,1,2016,157933,238,1,45,20,1,5,1
1992748701,derm,0,1,2016,156947,238,0,55,30,0,5,1
1235331901,derm,0,1,2016,210905,245,0,37,10,1,63,1
1669449443,derm,0,1,2016,157743,249,0,59,33,1,11,1
1023021409,derm,0,1,2016,210244,251,1,50,27,0,116,1
1114136074,derm,1,1,2016,162123,251,1,44,13,1,116,1
1689837114,derm,1,1,2016,147342,251,1,37,8,1,116,1
1174852172,derm,1,1,2016,164358,253,1,34,10,0,48,1
1871710483,derm,1,1,2016,327633,264,1,38,20,0,28,2
1396078226,derm,0,1,2016,211941,268,0,34,8,1,66,1
1558596668,derm,0,1,2016,91918,273,0,33,7,1,114,1
1639252398,derm,0,1,2016,209023,274,0,49,22,1,21,3
1154465839,derm,0,1,2016,87978,276,0,40,11,1,12,1
1174586861,derm,0,1,2016,190868,279,0,64,34,1,28,1
1417939844,derm,0,1,2016,94867,279,0,67,41,1,28,2
1457655482,derm,0,1,2016,326497,279,1,57,22,1,28,2
1821380551,derm,0,1,2016,190644,279,0,39,11,0,28,1
1952394371,derm,0,1,2016,137407,279,1,67,42,1,28,1
1184629230,derm,0,1,2016,323958,280,1,47,21,1,26,1
1831377860,derm,0,1,2016,61959,280,1,36,10,1,26,5
1265480800,derm,1,1,2016,78647,281,0,42,12,1,22,2
1760473656,derm,1,1,2016,3589,281,0,51,24,1,22,2
1043332224,derm,1,1,2016,3902,282,1,45,20,0,33,3
1134290224,derm,0,2,2016,113027,283,0,37,13,1,183,6
1326084989,derm,0,1,2016,62599,283,1,70,44,0,110,2
1417251703,derm,0,1,2016,237201,283,0,44,9,0,110,1
1649577495,derm,0,1,2016,204667,283,1,31,9,0,110,2
1780688192,derm,0,1,2016,39758,283,1,62,32,0,110,1
1992963169,derm,0,1,2016,58608,283,0,39,10,0,110,1
1255316675,derm,0,1,2016,78125,284,1,65,41,0,77,2
1508865411,derm,1,1,2016,132124,284,1,41,15,0,77,3
1215047386,derm,0,1,2016,81465,285,0,54,28,1,68,1
1750306411,derm,0,1,2016,56897,285,0,59,33,1,68,1
1730258070,derm,0,1,2016,179415,288,1,42,17,1,42,1
1023270253,derm,0,1,2016,186396,289,0,51,27,1,40,1
1003943416,derm,0,1,2016,321421,293,0,58,32,1,45,5
1770554149,derm,0,1,2016,165397,293,0,48,14,1,45,2
1811969603,derm,0,1,2016,321449,293,1,63,36,1,45,2
1841428075,derm,0,1,2016,317034,293,0,33,7,1,45,1
1912018870,derm,0,1,2016,321471,293,1,42,9,1,45,2
1811138845,derm,0,1,2016,187016,295,1,45,12,1,47,1
1871800607,derm,0,1,2016,234061,295,1,34,6,0,47,3
1225019946,derm,0,1,2016,204710,301,0,60,31,1,234,3
1366615213,derm,0,1,2016,118950,301,0,41,17,0,234,2
1427284892,derm,0,1,2016,25664,301,1,35,7,1,234,1
1457442956,derm,0,2,2016,52603,301,0,62,34,1,455,5
1477544096,derm,0,1,2016,204244,301,0,57,21,0,234,1
1053343053,derm,1,1,2016,33369,303,1,39,13,1,353,1
1588774657,derm,1,1,2016,257947,303,0,56,29,1,353,1
1790766970,derm,0,1,2016,192388,303,0,54,30,1,353,1
1821329533,derm,0,1,2016,188967,303,1,35,7,0,353,1
1861453631,derm,0,1,2016,118950,303,0,62,35,1,353,1
1881837201,derm,0,1,2016,35780,303,0,36,9,1,353,1
1073512984,derm,1,1,2016,229403,309,0,55,31,1,28,2
1134177827,derm,0,1,2016,56387,311,1,46,20,0,82,2
1164739850,derm,1,1,2016,240246,311,1,35,8,0,82,2
1245206853,derm,0,1,2016,67500,311,0,61,34,1,82,2
1336583798,derm,0,1,2016,236557,311,1,37,3,1,82,1
1811962574,derm,0,1,2016,100699,311,0,57,14,1,82,3
1518992072,derm,0,1,2016,231845,314,1,55,20,1,23,2
1710074273,derm,0,1,2016,176287,315,1,35,10,1,8,2
1043530520,derm,1,2,2016,231350,318,1,34,6,1,112,6
1124008156,derm,0,1,2016,230627,318,0,49,19,0,49,2
1508818873,derm,0,1,2016,231350,318,1,46,21,1,49,2
1578791422,derm,0,1,2016,230100,318,1,37,13,1,49,1
1588631337,derm,0,1,2016,56387,318,0,66,,1,49,1
1679654867,derm,0,2,2016,230484,318,1,42,15,1,69,2
1962433805,derm,0,1,2016,106275,318,0,59,23,1,49,2
1518928795,derm,0,1,2016,175758,320,1,46,19,0,39,1
1174844286,derm,0,1,2016,164247,322,1,33,6,1,14,1
1952543993,derm,0,1,2016,140458,326,0,35,11,1,10,3
1588628648,derm,0,1,2016,57735,327,1,45,19,1,56,2
1689835431,derm,0,1,2016,129779,327,0,50,21,1,56,3
1730168659,derm,0,1,2016,121617,328,1,46,20,1,124,1
1003059684,derm,0,1,2016,130310,329,1,41,15,0,91,4
1003857327,derm,0,1,2016,107042,329,0,66,32,0,91,2
1275855207,derm,0,1,2016,56061,329,0,47,22,0,91,1
1508153776,derm,0,1,2016,130157,329,1,37,9,0,91,4
1689637258,derm,0,1,2016,151399,335,0,56,31,1,14,1
1023049541,derm,0,1,2016,331915,342,1,65,39,1,21,1
1407148349,derm,0,1,2016,330540,342,1,32,5,1,21,1
1518198233,derm,1,1,2016,332825,342,0,37,12,0,21,2
1245598416,derm,0,1,2016,333136,343,0,35,9,0,13,2
1720184013,derm,0,1,2016,333136,343,1,59,31,1,13,2
1053422527,derm,1,1,2016,332672,344,0,56,25,1,90,1
1336436468,derm,1,1,2016,101654,344,0,31,5,1,90,1
1548351877,derm,1,1,2016,332672,344,0,45,13,0,90,1
1588919799,derm,1,1,2016,332672,344,0,34,7,0,90,3
1861575060,derm,1,1,2016,328891,344,1,38,11,0,90,3
1780858118,derm,0,1,2016,82911,346,1,39,10,1,29,1
1073894788,derm,0,1,2016,84252,352,0,33,9,1,29,1
1245273630,derm,0,1,2016,90134,352,0,49,25,0,29,1
1720359821,derm,0,1,2016,89813,352,1,36,10,0,29,1
1174843643,derm,0,1,2016,110118,355,0,55,26,1,18,1
1760636492,derm,0,1,2016,86304,355,0,37,8,1,18,6
1407099930,derm,1,1,2016,86408,356,1,33,7,0,232,1
1417012030,derm,0,1,2016,296714,356,1,44,17,0,232,1
1568499473,derm,0,1,2016,85271,356,1,44,16,1,232,4
1740393412,derm,0,1,2016,122154,356,1,45,15,0,232,2
1780798892,derm,1,1,2016,86408,356,0,56,29,1,232,2
1841502937,derm,0,1,2016,41676,356,0,37,6,0,232,1
1972583599,derm,0,1,2016,86004,356,0,39,11,1,232,1
1295793123,derm,1,1,2016,86152,363,0,60,23,1,10,4
1497984454,derm,0,1,2016,13099,364,1,33,7,0,59,4
1134387830,derm,0,1,2016,236522,365,1,35,8,1,54,2
1164482832,derm,0,1,2016,327714,365,0,57,31,1,54,3
1376525667,derm,0,2,2016,276228,365,1,68,23,1,61,4
1639499577,derm,0,2,2016,236522,365,0,40,6,1,146,3
1801899919,derm,1,1,2016,236314,365,0,56,29,1,54,4
1073718615,derm,0,1,2016,241919,366,1,37,9,0,26,4
1154620987,derm,1,1,2016,236487,368,0,34,6,0,29,1
1295082337,derm,1,1,2016,236487,368,1,57,31,1,29,1
1346259280,derm,0,1,2016,297056,368,0,61,30,1,29,1
1558462648,derm,1,1,2016,236487,368,0,53,28,1,29,8
1629179650,derm,1,1,2016,236487,368,1,54,30,1,29,3
1770764128,derm,1,1,2016,236487,368,0,44,16,1,29,6
1174639348,derm,0,1,2016,70043,369,1,52,24,1,8,1
1922298447,derm,0,1,2016,70043,369,1,52,12,1,8,1
1508840109,derm,1,1,2016,184519,371,0,47,21,1,22,2
1073833364,derm,1,1,2016,261597,373,1,33,6,1,10,2
1023104049,derm,0,1,2016,70963,375,0,51,25,1,11,5
1700101110,derm,0,1,2016,223141,376,0,52,12,1,14,1
1972579944,derm,1,1,2016,259941,376,1,55,29,1,14,4
1124289731,derm,0,1,2016,258600,377,1,34,8,1,31,1
1396039343,derm,0,1,2016,130939,377,1,31,5,1,31,2
1437158920,derm,0,1,2016,260200,377,1,55,23,1,31,2
1649565755,derm,0,1,2016,49138,377,0,32,5,1,31,1
1821251166,derm,0,1,2016,260200,377,0,36,8,1,31,1
1255355277,derm,0,1,2016,260049,380,0,59,18,1,75,1
1316160468,derm,1,1,2016,145029,380,0,45,19,1,75,1
1013142686,derm,0,1,2016,281465,385,1,36,11,1,92,2
1013925874,derm,1,1,2016,107621,385,1,39,13,0,92,3
1295978740,derm,1,1,2016,278550,385,0,33,7,0,92,2
1376741520,derm,1,1,2016,279278,385,1,40,16,0,92,2
1447469077,derm,1,1,2016,281570,385,0,35,11,1,92,1
1659368652,derm,1,1,2016,279278,385,0,47,14,1,92,1
1740415371,derm,1,1,2016,281570,385,1,34,10,1,92,3
1851397798,derm,0,1,2016,176308,385,0,61,35,1,92,3
1932307097,derm,1,1,2016,281570,385,0,42,18,0,92,1
1174786420,derm,0,1,2016,37113,386,0,36,10,1,8,4
1104054295,derm,0,1,2016,285236,391,0,39,7,1,167,3
1174597553,derm,0,1,2016,52934,391,0,46,15,1,167,1
1194859553,derm,0,1,2016,283924,391,1,71,46,1,167,3
1467723544,derm,0,1,2016,330839,391,1,37,11,0,167,1
1669648689,derm,1,1,2016,287745,391,1,37,14,0,167,3
1730400854,derm,0,1,2016,330839,391,1,34,6,1,167,1
1750585626,derm,1,1,2016,285000,391,1,36,9,1,167,2
1790765915,derm,0,1,2016,285446,391,0,55,21,1,167,2
1811996168,derm,0,1,2016,330839,391,0,57,31,1,167,3
1841491685,derm,0,1,2016,174714,391,1,44,10,0,167,3
1003874314,derm,0,1,2016,58065,394,1,48,19,1,62,2
1477708436,derm,0,1,2016,282918,394,0,39,17,0,62,1
1568760981,derm,0,1,2016,285094,394,1,36,8,1,62,2
1649567660,derm,0,1,2016,192577,394,1,32,5,0,62,1
1659638898,derm,0,1,2016,285094,394,0,32,4,0,62,7
1669676326,derm,0,1,2016,288965,394,0,41,17,0,62,4
1871721993,derm,0,1,2016,284341,394,0,34,7,1,62,1
1881631596,derm,1,1,2016,285236,394,0,51,25,1,62,5
1164581682,derm,1,1,2016,287789,397,0,56,15,1,207,5
1245239326,derm,0,1,2016,67615,397,0,67,38,1,207,2
1336330836,derm,0,1,2016,67615,397,1,35,10,0,207,1
1497763189,derm,1,1,2016,288542,397,0,43,17,0,207,1
1598790503,derm,0,1,2016,67615,397,1,47,16,1,207,2
1649490418,derm,0,1,2016,114225,397,0,38,17,0,207,1
1700184231,derm,0,1,2016,127625,397,1,32,9,0,207,2
1710186705,derm,0,1,2016,295184,397,1,41,16,0,207,3
1811328396,derm,1,1,2016,287789,397,0,36,10,0,207,5
1881845634,derm,0,1,2016,48665,397,1,40,16,0,207,1
1982729422,derm,1,1,2016,288250,397,0,38,15,1,207,3
1407836687,derm,0,1,2016,285341,400,1,43,15,0,15,2
1083677793,derm,0,1,2016,116808,412,1,53,30,1,75,1
1154316040,derm,0,1,2016,57181,412,1,44,18,0,75,2
1538262407,derm,0,1,2016,58065,412,1,57,29,1,75,3
1972877785,derm,0,1,2016,60558,412,1,35,7,1,75,1
1740571280,derm,1,1,2016,281570,413,0,43,8,0,16,4
1972819589,derm,1,1,2016,281570,413,0,34,6,1,16,1
1548245012,derm,0,1,2016,285243,416,1,46,19,1,16,3
1598773244,derm,0,1,2016,94305,417,0,45,15,1,3,1
1053548172,derm,0,1,2016,286489,420,1,34,7,0,4,2
1124134325,derm,1,1,2016,325172,422,0,44,14,1,19,1
1194965947,derm,1,1,2016,334967,422,0,36,7,1,19,1
1275541799,derm,1,1,2016,334967,423,0,52,14,0,86,2
1295841419,derm,0,1,2016,261022,423,0,61,29,1,86,6
1053347708,derm,1,1,2016,6091,424,1,46,19,1,19,1
1144437062,derm,0,1,2016,113665,426,1,42,14,1,98,1
1245406636,derm,1,1,2016,221713,426,0,36,8,0,98,1
1255479796,derm,0,1,2016,326297,426,1,44,16,0,98,1
1366411639,derm,0,1,2016,113665,426,1,52,18,1,98,1
1548535735,derm,0,1,2016,326297,426,0,30,4,0,98,2
1962631184,derm,0,1,2016,113665,426,1,38,11,0,98,4
1083860076,derm,1,1,2016,222221,427,1,35,9,0,34,3
1467441592,derm,1,1,2016,222221,427,0,69,40,1,34,7
1073573812,derm,0,1,2016,49359,429,0,55,29,1,14,1
1467581454,derm,0,1,2016,222987,429,0,36,10,1,14,1
1164495800,derm,1,1,2016,223171,430,1,46,19,1,45,2
1437250792,derm,0,1,2016,223365,430,1,54,22,1,45,1
1083682843,derm,1,1,2016,99785,431,1,67,48,1,58,1
1699868802,derm,1,1,2016,223143,431,1,46,19,0,58,1
1740416452,derm,1,1,2016,223143,431,1,35,7,1,58,2
1013142850,derm,0,1,2016,259941,432,1,34,7,1,13,2
1982627519,derm,0,1,2016,223153,432,0,53,20,1,13,4
1114990538,derm,1,1,2016,328875,437,0,62,36,1,17,2
1447318274,derm,1,1,2016,233188,437,0,62,31,1,17,1
1932171527,derm,1,1,2016,328875,437,0,54,25,0,17,2
1154332047,derm,0,1,2016,329479,438,1,48,22,0,6,1
1386856169,derm,0,1,2016,329479,438,1,40,12,1,6,2
1154618882,derm,1,1,2016,328894,439,1,36,7,1,144,2
1184639445,derm,1,1,2016,328896,439,0,41,13,1,144,6
1265667067,derm,1,1,2016,328893,439,1,46,18,1,144,6
1285634790,derm,0,1,2016,328972,439,1,47,24,0,144,6
1366426405,derm,0,1,2016,113635,439,0,43,15,1,144,1
1396723466,derm,0,1,2016,330822,439,0,68,35,1,144,1
1437105335,derm,1,1,2016,329479,439,1,50,21,1,144,1
1578784336,derm,0,1,2016,233778,439,0,47,9,1,144,2
1770709636,derm,1,1,2016,328878,439,1,39,12,0,144,2
1952560179,derm,1,1,2016,328893,439,1,35,8,1,144,4
1275954927,derm,0,1,2016,328902,440,1,32,5,0,31,1
1316998354,derm,0,1,2016,329901,440,0,61,31,1,31,2
1689830093,derm,0,1,2016,329901,440,1,43,17,0,31,1
1972709129,derm,0,1,2016,329901,440,0,36,10,1,31,4
1710955273,derm,0,1,2016,329696,441,1,44,17,1,13,1
1942408406,derm,0,1,2016,330812,441,1,46,12,1,13,1
1942350947,derm,0,1,2016,162594,446,0,44,17,1,5,1
1780671792,derm,0,1,2016,161257,447,1,58,27,1,13,1
1932334216,derm,1,1,2016,161249,448,0,35,7,1,12,2
1255541116,derm,1,1,2016,162277,449,0,38,11,1,38,4
1780785725,derm,1,1,2016,161221,449,0,40,13,0,38,2
1023217528,derm,0,1,2016,161229,451,0,43,9,1,91,1
1174628374,derm,1,1,2016,161910,451,0,45,19,1,91,1
1255325320,derm,1,1,2016,161322,451,1,43,17,1,91,2
1346479474,derm,0,2,2016,67390,451,0,35,7,1,101,4
1720039951,derm,1,1,2016,161212,451,1,53,27,1,91,1
1518124114,derm,0,1,2016,293115,457,1,39,11,1,3,1
1952367377,derm,0,1,2017,302340,7,0,51,25,1,11,1
1124132352,derm,0,1,2017,331553,10,1,65,38,1,14,1
1033195136,derm,1,1,2017,323713,12,1,51,25,1,125,1
1184627648,derm,1,1,2017,322535,12,1,55,28,1,125,1
1215190749,derm,0,1,2017,323808,12,1,38,10,0,125,1
1295022044,derm,1,1,2017,323713,12,0,40,7,0,125,3
1669421038,derm,0,1,2017,175306,12,1,46,21,0,125,3
1295997211,derm,1,1,2017,335116,15,1,43,10,0,49,1
1336123199,derm,1,1,2017,323638,15,0,58,17,1,49,1
1922330844,derm,0,1,2017,272710,19,1,41,15,0,40,1
1356323042,derm,0,1,2017,260520,21,1,52,25,1,9,1
1770808396,derm,0,1,2017,260496,21,1,35,7,1,9,3
1154528396,derm,1,1,2017,134295,23,1,38,10,1,172,2
1639431836,derm,0,1,2017,72596,23,0,38,9,1,172,4
1518052547,derm,0,1,2017,198275,25,0,56,28,0,14,1
1902003734,derm,1,1,2017,145071,31,1,53,31,0,8,2
1477803468,derm,0,1,2017,271226,33,0,38,15,1,33,4
1073610960,derm,0,1,2017,110265,43,0,54,27,1,20,5
1497914402,derm,0,1,2017,110265,43,1,37,13,0,20,1
1326072380,derm,0,1,2017,327728,56,1,50,22,1,337,1
1386847531,derm,0,1,2017,110100,56,0,54,22,1,337,1
1497779219,derm,0,1,2017,258076,56,0,64,37,1,337,3
1538320767,derm,0,1,2017,327728,56,1,51,9,1,337,1
1629007067,derm,1,1,2017,340810,56,0,70,48,1,337,2
1922273275,derm,1,1,2017,340455,56,1,37,9,0,337,2
1285983601,derm,1,1,2017,271026,58,0,37,11,0,12,4
1942284831,derm,0,1,2017,174198,62,0,53,20,1,11,1
1982749842,derm,0,1,2017,333830,62,1,46,13,1,11,1
1144319062,derm,1,1,2017,342209,69,0,65,39,1,16,2
1245209071,derm,1,1,2017,342209,69,1,53,26,1,16,3
1376871772,derm,1,1,2017,342209,69,1,34,8,1,16,9
1053415430,derm,0,1,2017,212644,77,0,69,40,1,74,5
1417037250,derm,0,1,2017,333362,77,0,57,30,1,74,2
1588894331,derm,1,1,2017,271191,77,0,37,12,0,74,7
1588919476,derm,1,1,2017,271191,77,0,33,5,1,74,1
1861716805,derm,1,1,2017,271026,77,1,35,7,1,74,1
1982995825,derm,1,1,2017,270897,77,1,31,6,0,74,2
1215907415,derm,1,1,2017,135462,79,0,55,29,1,37,1
1649255498,derm,1,1,2017,135384,79,0,44,18,1,37,1
1013029487,derm,0,1,2017,31441,80,0,66,41,1,177,1
1013114933,derm,1,1,2017,336289,80,0,39,10,0,177,2
1033329792,derm,0,1,2017,135401,80,0,49,24,1,177,3
1063547420,derm,1,1,2017,114077,80,0,60,30,1,177,1
1346427861,derm,0,1,2017,135401,80,0,41,15,1,177,4
1407112923,derm,0,1,2017,134726,80,0,39,5,1,177,2
1558521583,derm,1,1,2017,336289,80,1,45,12,1,177,1
1578558623,derm,0,1,2017,135857,80,0,63,33,1,177,4
1598059651,derm,1,1,2017,87873,80,1,34,6,1,177,4
1932142767,derm,1,1,2017,335619,81,1,65,39,1,104,7
1033225784,derm,1,1,2017,333374,82,1,51,26,0,57,1
1720370208,derm,1,1,2017,333374,82,1,32,6,1,57,3
1619058864,derm,0,2,2017,121278,83,1,60,35,1,65,3
1639394836,derm,0,1,2017,291265,83,1,35,11,0,12,5
1750669578,derm,1,1,2017,291339,85,1,32,6,0,71,1
1447267257,derm,0,2,2017,121278,86,0,60,26,1,35,2
1104802594,derm,1,1,2017,333830,89,0,66,39,1,21,1
1295934081,derm,0,1,2017,114241,89,1,41,13,1,21,3
1316259724,derm,1,1,2017,271026,91,1,41,12,0,13,2
1841249745,derm,0,1,2017,270897,96,1,46,18,0,48,1
1629145990,derm,1,1,2017,293199,101,1,48,21,1,24,5
1720222813,derm,0,1,2017,316402,101,0,38,8,1,24,4
1922374024,derm,0,1,2017,317447,102,0,31,5,0,26,2
1043430325,derm,0,1,2017,316402,103,0,42,10,1,110,1
1336139534,derm,0,1,2017,206488,103,1,55,22,1,110,1
1407145162,derm,1,1,2017,279439,103,1,32,6,1,110,2
1417904251,derm,0,1,2017,316394,103,1,40,14,1,110,1
1720063324,derm,0,1,2017,316402,103,0,69,44,1,110,1
1730117086,derm,0,1,2017,293199,104,1,51,24,1,12,5
1558434720,derm,0,1,2017,316399,105,1,44,16,1,16,1
1558416560,derm,0,1,2017,302068,106,0,69,40,1,10,4
1205073962,derm,0,1,2017,293416,109,0,39,12,0,40,1
1467590703,derm,0,1,2017,118979,109,0,71,40,0,40,2
1164402970,derm,1,1,2017,214367,112,0,52,26,1,25,3
1629073606,derm,1,1,2017,214367,112,1,43,17,0,25,1
1023189958,derm,0,1,2017,177189,113,1,37,11,1,148,3
1124001540,derm,0,1,2017,177189,113,1,54,31,0,148,1
1598744740,derm,0,1,2017,217717,113,1,51,22,1,148,2
1891767000,derm,1,1,2017,57596,113,0,62,39,1,148,2
1952458101,derm,0,1,2017,250873,116,0,57,28,1,27,1
1225001126,derm,0,1,2017,216582,118,1,60,29,1,202,2
1366405649,derm,0,1,2017,254037,118,0,63,37,1,202,2
1467751859,derm,0,1,2017,265999,118,1,36,6,0,202,3
1730140054,derm,0,1,2017,144569,118,1,46,19,1,202,2
1972571503,derm,0,1,2017,265054,118,0,49,26,1,202,1
1346396801,derm,0,1,2017,54133,119,0,65,37,1,66,1
1487827242,derm,0,1,2017,101882,119,0,68,44,1,66,1
1497758833,derm,0,1,2017,137165,119,1,49,21,1,66,7
1780817734,derm,0,1,2017,247256,119,1,57,30,1,66,1
1164678454,derm,0,1,2017,250253,120,0,42,17,0,16,2
1245282797,derm,0,2,2017,252070,120,0,59,35,1,86,9
1376851451,derm,1,1,2017,247871,120,0,36,8,0,16,1
1003073586,derm,1,1,2017,251662,123,1,44,11,0,62,2
1023314952,derm,0,1,2017,144853,123,0,36,12,0,62,4
1023384179,derm,0,1,2017,250838,123,0,51,10,0,62,2
1184031841,derm,0,1,2017,253055,123,0,47,21,1,62,2
1477519361,derm,0,1,2017,189603,123,0,53,25,1,62,5
1831231299,derm,0,1,2017,87538,123,0,46,20,1,62,1
1497782262,derm,1,1,2017,247168,124,1,55,29,1,16,1
1477634129,derm,0,1,2017,174027,127,0,45,19,0,146,2
1669439782,derm,0,1,2017,249761,127,0,56,29,1,146,1
1700803301,derm,0,1,2017,92313,127,1,58,33,1,146,3
1215139381,derm,0,1,2017,201822,129,1,57,11,1,26,3
1669435772,derm,1,1,2017,160482,129,0,52,25,1,26,1
1689860421,derm,0,1,2017,54133,129,0,37,12,0,26,4
1811141583,derm,0,1,2017,72619,129,0,68,30,0,26,2
1851338099,derm,0,1,2017,65665,129,1,51,30,1,26,1
1881705382,derm,0,1,2017,61649,129,1,67,43,1,26,1
1184722936,derm,0,1,2017,251285,130,1,58,32,0,119,1
1194845628,derm,0,1,2017,251125,130,1,40,13,0,119,1
1477538197,derm,0,1,2017,168039,130,0,66,41,1,119,1
1508816950,derm,0,1,2017,118578,130,1,42,15,1,119,1
1538161518,derm,0,1,2017,251285,130,0,44,17,1,119,2
1720034309,derm,0,1,2017,253188,130,1,43,14,1,119,1
1457516254,derm,0,1,2017,247216,131,0,40,14,0,16,1
1437158409,derm,0,1,2017,55866,137,0,48,20,1,43,4
1467717819,derm,1,1,2017,266661,137,0,31,5,1,43,4
1497758338,derm,0,1,2017,248066,137,1,60,32,1,43,8
1073560124,derm,0,1,2017,174215,139,0,64,34,0,24,2
1134428626,derm,0,1,2017,256939,139,0,34,8,0,24,1
1275508855,derm,0,1,2017,268508,141,0,65,39,1,55,1
1407971807,derm,0,1,2017,189298,141,0,38,11,0,55,2
1447440854,derm,0,1,2017,189298,141,1,44,19,0,55,2
1841433687,derm,0,1,2017,123920,141,0,40,12,0,55,1
1861492498,derm,0,1,2017,266689,141,1,60,33,1,55,2
1952622409,derm,0,1,2017,251036,141,1,36,10,0,55,1
1962672584,derm,0,1,2017,123920,141,1,39,12,1,55,4
1386908143,derm,0,1,2017,240651,144,1,36,6,1,200,4
1649299488,derm,0,1,2017,242048,144,0,48,22,1,200,2
1790877835,derm,0,1,2017,241239,144,0,42,17,0,200,1
1811166705,derm,0,1,2017,121888,144,0,37,10,1,200,1
1497852651,derm,0,1,2017,93800,145,0,41,14,1,17,3
1407964943,derm,0,1,2017,302614,149,0,49,22,1,18,2
1770543837,derm,0,1,2017,240998,149,0,53,26,1,18,2
1164451605,derm,0,1,2017,92373,150,0,46,20,1,51,1
1225067630,derm,0,1,2017,92373,150,1,46,20,1,51,1
1467450486,derm,0,1,2017,342916,150,1,50,23,1,51,5
1811981889,derm,0,1,2017,342505,150,0,60,29,0,51,7
1457648230,derm,0,1,2017,176317,151,1,60,9,1,28,2
1609036086,derm,1,1,2017,58920,151,1,40,9,0,28,2
1760680912,derm,1,1,2017,146027,154,0,41,18,0,6,1
1407825011,derm,1,1,2017,145793,155,0,45,19,0,21,2
1487873808,derm,1,1,2017,146891,156,1,42,15,1,97,4
1790836807,derm,0,1,2017,210806,161,0,48,22,1,70,1
1821199530,derm,1,1,2017,148271,161,1,49,23,1,70,2
1861698607,derm,1,1,2017,148271,161,1,40,13,1,70,1
1659329845,derm,0,1,2017,152050,170,0,41,14,1,12,2
1669430567,derm,0,1,2017,145789,170,0,46,19,0,12,2
1801937545,derm,0,1,2017,107412,171,0,50,25,1,12,1
1033367123,derm,1,1,2017,143371,180,1,35,9,1,11,3
1104002765,derm,1,1,2017,143371,180,0,42,14,0,11,3
1588635650,derm,0,1,2017,63931,180,1,61,35,1,11,2
1457307092,derm,1,2,2017,116364,183,1,48,18,0,181,4
1750382040,derm,0,1,2017,186606,183,0,52,18,1,88,2
1770876658,derm,1,1,2017,116364,183,1,34,6,1,88,1
1821037128,derm,1,1,2017,116364,183,0,43,15,1,88,2
1821100504,derm,0,1,2017,126177,183,0,42,16,1,88,2
1558376368,derm,0,1,2017,311387,186,0,60,31,1,10,2
1487619789,derm,0,1,2017,167057,190,0,58,29,1,8,2
1942435292,derm,0,1,2017,167077,191,1,36,8,1,13,3
1831205525,derm,0,1,2017,166707,192,1,58,32,1,22,1
1083652416,derm,0,1,2017,167583,200,1,58,32,1,12,3
1942242003,derm,0,1,2017,167583,200,0,58,32,1,12,1
1255595807,derm,1,1,2017,130330,203,0,35,9,1,16,3
1326087164,derm,0,1,2017,256607,205,0,67,42,1,58,3
1396904090,derm,1,1,2017,175359,210,1,35,9,0,35,2
1427085893,derm,1,1,2017,274021,218,0,42,14,1,26,1
1023204641,derm,0,1,2017,555,221,0,39,14,0,8,2
1447283981,derm,1,1,2017,552,221,1,55,24,1,8,5
1083642417,derm,0,1,2017,566,222,0,51,24,1,37,1
1386603397,derm,0,1,2017,676,222,1,53,16,1,37,1
1427171545,derm,0,1,2017,3588,222,0,44,17,1,37,1
1841343019,derm,0,1,2017,557,222,1,61,22,1,37,5
1710206321,derm,0,1,2017,16941,223,0,34,7,1,113,1
1902082233,derm,0,1,2017,216332,225,1,36,10,1,13,1
1912115429,derm,0,1,2017,48886,225,1,40,11,1,13,5
1255594388,derm,1,1,2017,10039,227,1,35,12,0,350,1
1265750970,derm,1,1,2017,9251,227,0,37,12,0,350,6
1457485013,derm,0,1,2017,202774,227,1,43,19,1,350,1
1578552121,derm,1,1,2017,10422,227,0,52,26,1,350,2
1780761536,derm,0,1,2017,9881,227,0,69,45,0,350,1
1891766176,derm,0,1,2017,282431,227,0,68,42,1,350,1
1497876643,derm,0,1,2017,9371,230,0,57,29,1,21,2
1538244355,derm,0,1,2017,9455,230,1,50,22,1,21,2
1730247727,derm,0,1,2017,181758,230,1,52,26,0,21,1
1730409335,derm,1,1,2017,9404,231,0,39,7,1,36,1
1932165818,derm,1,1,2017,9404,231,1,61,33,1,36,2
1104034008,derm,1,1,2017,155167,232,1,42,14,1,63,1
1245288992,derm,0,1,2017,11681,232,1,48,22,1,63,3
1477591139,derm,0,1,2017,159419,233,0,62,37,1,19,1
1063683886,derm,0,1,2017,159716,234,0,39,10,1,50,2
1821080359,derm,0,1,2017,160142,234,1,45,18,0,50,1
1790983609,derm,0,1,2017,154607,238,1,38,10,1,5,3
1043430606,derm,0,1,2017,155656,239,0,40,11,1,16,5
1063690535,derm,0,1,2017,160951,239,0,75,17,1,16,2
1437178720,derm,0,1,2017,56851,244,0,46,20,1,20,2
1003893934,derm,0,1,2017,187592,245,0,66,39,0,60,3
1851529614,derm,0,1,2017,157743,249,1,35,8,1,10,3
1215225404,derm,0,1,2017,164274,251,1,34,6,1,122,2
1194925305,derm,1,1,2017,166294,253,0,39,14,1,49,3
1336310119,derm,1,1,2017,166294,253,0,49,23,0,49,1
1679556005,derm,1,1,2017,166294,253,1,56,30,1,49,1
1215373139,derm,0,1,2017,301539,259,0,34,5,1,28,2
1194987461,derm,1,1,2017,327633,264,0,36,9,1,27,1
1023018926,derm,0,1,2017,194060,268,1,46,23,0,63,1
1639433980,derm,0,1,2017,169758,268,0,34,5,1,63,3
1780828673,derm,0,1,2017,169758,268,1,35,8,1,63,2
1790921914,derm,1,1,2017,172245,268,1,37,9,1,63,1
1184699472,derm,0,1,2017,172266,270,0,53,25,1,17,1
1376557264,derm,0,1,2017,172262,270,1,39,13,1,17,5
1326027640,derm,0,1,2017,95796,273,0,64,35,1,118,1
1346450970,derm,0,1,2017,170128,273,0,42,12,1,118,4
1851379572,derm,0,1,2017,170128,273,0,65,33,0,118,2
1861658874,derm,0,1,2017,169926,273,1,48,23,0,118,2
1972694685,derm,0,1,2017,11415,273,1,47,17,1,118,1
1427271592,derm,0,1,2017,87978,276,1,37,10,1,10,1
1528358363,derm,0,1,2017,294465,276,1,32,6,1,10,3
1821258757,derm,0,2,2017,96600,277,1,41,12,1,44,2
1164613899,derm,0,1,2017,112419,278,1,54,13,1,25,1
1912268251,derm,1,1,2017,199672,278,0,33,5,1,25,2
1235343211,derm,0,1,2017,118406,279,0,40,12,0,30,1
1457390262,derm,0,1,2017,326514,279,0,60,37,1,30,1
1720166234,derm,0,1,2017,326497,279,1,54,30,0,30,1
1043448350,derm,0,1,2017,3596,282,0,34,8,1,32,2
1194836791,derm,1,1,2017,78799,282,0,41,14,1,32,4
1215002043,derm,0,1,2017,257616,282,0,48,22,1,32,1
1831260892,derm,0,1,2017,81248,284,0,61,38,1,81,2
1710915582,derm,0,1,2017,181635,285,1,61,37,0,73,1
1154362481,derm,1,1,2017,197842,292,0,40,16,0,24,1
1760406466,derm,0,1,2017,20044,292,0,55,21,1,24,2
1053361378,derm,0,1,2017,321473,293,0,66,40,1,41,1
1336109636,derm,1,1,2017,73755,293,0,53,26,1,41,1
1376578500,derm,0,1,2017,321421,293,0,56,25,0,41,1
1881715563,derm,1,1,2017,73755,293,0,52,26,0,41,1
1922134774,derm,0,1,2017,321313,293,1,43,18,1,41,6
1992880348,derm,0,1,2017,323478,293,0,73,39,1,41,1
1033449384,derm,0,1,2017,42643,299,1,37,13,0,36,1
1285692962,derm,0,1,2017,42644,299,0,63,29,1,36,1
1043328289,derm,0,1,2017,36585,301,0,60,34,1,231,1
1134310170,derm,0,1,2017,204710,301,1,38,12,1,231,1
1023113453,derm,0,2,2017,110288,303,0,43,15,1,392,8
1871581942,derm,0,1,2017,119414,303,0,57,30,1,364,1
1235403742,derm,0,1,2017,179061,308,0,38,7,1,73,2
1114935715,derm,1,1,2017,232664,311,0,60,31,1,78,1
1326291865,derm,0,1,2017,230786,311,0,38,8,1,78,3
1346386190,derm,0,1,2017,232668,311,0,39,14,1,78,4
1528379609,derm,1,1,2017,232664,311,0,38,7,1,78,3
1992024087,derm,1,1,2017,229390,311,0,39,13,1,78,2
1134357239,derm,1,1,2017,229594,312,0,45,10,1,76,1
1346245909,derm,0,1,2017,231350,312,1,51,24,1,76,1
1750340014,derm,0,1,2017,292985,313,0,55,29,0,15,1
1306948963,derm,0,1,2017,176640,314,0,63,28,1,21,2
1417290255,derm,0,1,2017,231845,314,0,39,4,1,21,1
1144531088,derm,0,1,2017,231350,318,1,34,7,0,48,1
1588643597,derm,0,1,2017,231350,318,0,55,21,1,48,4
1669436622,derm,0,1,2017,231350,318,1,42,15,1,48,1
1811976806,derm,0,1,2017,113182,318,0,59,17,1,48,3
1902806235,derm,0,1,2017,145100,318,0,58,31,1,48,1
1023083599,derm,1,1,2017,82968,320,0,56,29,1,41,1
1861592511,derm,1,1,2017,229575,320,0,59,37,0,41,4
1710152442,derm,1,1,2017,95010,322,1,36,9,1,14,1
1306093653,derm,1,1,2017,138202,328,0,38,9,1,122,4
1518994771,derm,1,1,2017,141530,328,1,46,20,1,122,1
1992030449,derm,1,1,2017,138202,328,1,35,8,1,122,1
1508095803,derm,0,1,2017,130310,329,0,35,8,1,92,2
1861465809,derm,0,1,2017,138202,329,0,62,36,1,92,1
1053561993,derm,1,1,2017,108398,334,0,41,9,1,26,2
1467408831,derm,0,1,2017,277135,336,0,52,21,1,3,1
1467411645,derm,0,1,2017,202710,336,0,67,41,1,3,1
1760463251,derm,0,1,2017,277378,339,0,45,20,1,47,1
1275537953,derm,0,1,2017,276519,340,0,42,13,1,32,1
1417063843,derm,0,1,2017,116268,341,1,57,30,1,12,6
1427047539,derm,0,1,2017,332945,342,1,57,26,1,20,2
1992894851,derm,1,1,2017,332937,342,1,59,35,1,20,2
1023325362,derm,0,1,2017,160420,343,0,53,25,1,12,1
1215972195,derm,1,1,2017,331928,343,1,73,52,0,12,1
1245453315,derm,1,1,2017,328959,344,1,38,12,0,90,1
1316051410,derm,1,1,2017,332672,344,1,49,24,1,90,2
1316909310,derm,0,1,2017,331919,344,0,52,23,1,90,2
1669434098,derm,0,1,2017,60991,344,1,62,35,1,90,2
1174874176,derm,0,1,2017,333050,345,1,41,6,0,8,2
1730310830,derm,0,1,2017,332264,345,0,38,15,0,8,1
1003078684,derm,0,1,2017,294417,346,1,46,21,1,26,3
1184659674,derm,1,1,2017,87798,350,1,41,15,0,32,2
1154565638,derm,1,1,2017,90474,352,0,34,8,1,31,1
1154316826,derm,1,1,2017,209467,356,0,58,33,1,235,2
1255698056,derm,1,2,2017,296714,356,1,33,5,0,564,2
1336331313,derm,0,1,2017,85271,356,1,38,12,1,235,1
1427012939,derm,0,1,2017,85271,356,1,40,15,1,235,2
1497738025,derm,0,1,2017,86243,356,0,61,31,1,235,3
1902065162,derm,1,1,2017,86186,356,0,56,31,1,235,2
1932193182,derm,1,1,2017,86408,356,0,45,16,1,235,1
1235499153,derm,0,1,2017,137165,358,1,37,6,1,7,1
1144366931,derm,0,1,2017,327906,363,1,59,34,1,11,2
1497775100,derm,0,1,2017,87349,363,0,59,31,1,11,1
1609027697,derm,0,1,2017,12978,364,1,37,12,0,58,2
1750305330,derm,0,1,2017,13099,364,1,58,16,1,58,1
1235179003,derm,0,1,2017,101441,365,0,44,17,1,54,2
1306886106,derm,0,1,2017,101441,365,1,44,15,1,54,2
1457571432,derm,0,1,2017,60053,365,1,39,13,1,54,4
1932140092,derm,1,1,2017,211055,365,0,53,26,1,54,1
1376594101,derm,0,1,2017,201497,366,1,51,24,1,26,1
1437195120,derm,0,1,2017,231709,368,0,57,23,1,32,1
1598764524,derm,0,1,2017,144711,368,0,44,18,1,32,6
1639142391,derm,0,1,2017,144711,368,0,58,27,1,32,4
1871549055,derm,0,1,2017,37017,368,0,47,17,1,32,6
1871551804,derm,0,1,2017,231709,369,0,55,25,1,6,3
1881666790,derm,0,1,2017,238005,369,0,48,22,1,6,2
1164522751,derm,1,1,2017,184563,370,0,64,34,1,16,1
1710958012,derm,0,1,2017,184723,370,0,54,27,1,16,1
1568691509,derm,0,1,2017,6531,373,1,35,8,1,10,2
1457342883,derm,0,1,2017,70963,375,0,59,32,1,11,2
1881857159,derm,0,1,2017,258678,379,0,35,9,1,33,2
1376725176,derm,0,1,2017,260530,380,1,36,10,1,78,2
1871597435,derm,0,1,2017,260049,380,0,49,23,1,78,3
1942364948,derm,1,1,2017,145029,380,0,38,11,1,78,2
1891056164,derm,0,1,2017,285400,382,1,51,7,0,8,2
1043285836,derm,0,1,2017,288965,385,0,51,19,1,94,1
1073860417,derm,1,2,2017,279278,385,1,31,5,0,237,5
1336101930,derm,1,1,2017,281570,385,1,64,29,1,94,1
1457678336,derm,1,1,2017,279278,385,1,35,7,1,94,2
1497049209,derm,1,1,2017,279278,385,1,36,6,1,94,3
1497761233,derm,1,1,2017,281570,385,0,55,31,1,94,1
1780636613,derm,0,1,2017,13650,385,1,56,23,1,94,2
1811197551,derm,0,1,2017,63416,385,0,41,10,1,94,3
1972594141,derm,0,1,2017,60558,385,0,52,26,1,94,1
1306045679,derm,0,1,2017,278478,388,1,44,21,0,4,3
1275652356,derm,1,1,2017,285000,391,1,45,13,1,178,1
1346490851,derm,0,1,2017,194331,391,0,40,12,1,178,2
1790128098,derm,0,1,2017,330839,391,1,33,4,0,178,3
1225063464,derm,0,1,2017,104409,394,0,47,21,1,65,4
1346366333,derm,1,1,2017,285236,394,1,41,13,0,65,3
1821067083,derm,1,1,2017,285236,394,1,43,20,0,65,3
1861491359,derm,0,1,2017,204960,394,0,51,20,1,65,1
1649289497,derm,0,1,2017,48513,396,0,48,17,0,3,1
1053328609,derm,0,1,2017,288741,397,1,46,21,0,213,1
1346402781,derm,0,1,2017,173716,397,0,36,9,0,213,1
1457328296,derm,0,1,2017,67615,397,1,61,20,1,213,7
1548248636,derm,1,1,2017,287789,397,1,41,15,0,213,2
1568600971,derm,0,1,2017,289014,397,0,47,22,0,213,1
1588794192,derm,0,1,2017,321313,400,0,57,35,0,14,6
1063417632,derm,0,1,2017,331869,406,1,43,16,1,7,1
1043277486,derm,0,1,2017,281420,412,0,53,18,1,80,2
1205096906,derm,0,1,2017,280086,412,0,47,9,1,80,2
1316123953,derm,0,1,2017,60558,412,1,41,12,0,80,1
1609193721,derm,0,1,2017,116808,412,0,38,7,1,80,2
1659506285,derm,0,1,2017,201052,412,1,34,8,0,80,4
1710141437,derm,0,1,2017,118911,412,0,39,16,0,80,5
1740331016,derm,0,1,2017,203564,412,0,65,39,1,80,1
1831419399,derm,0,1,2017,160666,412,1,38,9,1,80,1
1194722876,derm,1,1,2017,281570,413,1,42,16,1,18,2
1023251527,derm,0,1,2017,285243,416,0,34,8,1,14,1
1265464960,derm,1,1,2017,334967,422,0,50,22,1,19,2
1053601096,derm,0,1,2017,201874,423,0,32,6,1,89,1
1760456370,derm,0,1,2017,201874,423,0,46,20,1,89,2
1144366311,derm,0,1,2017,39560,424,0,48,18,1,22,1
1609190560,derm,0,1,2017,38242,424,1,33,7,1,22,3
1821383761,derm,1,1,2017,6091,424,0,37,9,1,22,2
1073551511,derm,0,1,2017,57596,426,0,44,14,0,99,2
1265448310,derm,0,1,2017,94824,427,0,61,22,1,36,8
1477647857,derm,1,1,2017,222221,427,1,50,25,1,36,1
1609865591,derm,0,1,2017,297238,427,0,42,16,1,36,4
1720086622,derm,0,1,2017,94824,427,0,66,40,1,36,4
1801186481,derm,1,1,2017,222221,427,1,32,6,1,36,5
1871534933,derm,0,1,2017,223153,427,0,63,38,1,36,1
1689783631,derm,0,1,2017,62865,428,0,43,20,1,9,1
1144336223,derm,0,1,2017,222987,431,0,56,30,1,57,1
1144437492,derm,0,1,2017,153805,431,1,40,12,1,57,1
1093952582,derm,1,1,2017,328875,437,0,42,18,0,14,1
1598852634,derm,1,1,2017,328875,437,1,41,13,1,14,1
1306920772,derm,0,1,2017,329945,438,0,44,18,0,6,2
1316034101,derm,0,1,2017,329945,438,1,56,33,1,6,1
1619979598,derm,0,1,2017,104638,438,1,65,19,1,6,2
1528142734,derm,0,1,2017,330791,439,0,43,17,0,142,6
1831152198,derm,1,1,2017,328893,439,0,57,30,1,142,1
1982993028,derm,0,1,2017,132795,439,0,37,7,1,142,3
1396841581,derm,1,1,2017,183720,440,1,58,32,1,34,1
1649368986,derm,1,1,2017,329700,440,0,45,16,1,34,1
1740452721,derm,0,1,2017,52178,440,0,36,9,1,34,1
1790874840,derm,1,1,2017,183720,440,0,54,24,1,34,5
1902902737,derm,0,1,2017,151509,440,1,55,23,1,34,1
1467464834,derm,0,1,2017,329696,441,1,63,25,1,15,1
1689950529,derm,1,1,2017,330812,441,0,40,15,0,15,2
1700171972,derm,1,1,2017,226157,445,1,36,6,1,15,3
1669574505,derm,0,1,2017,161278,447,0,55,24,1,14,1
1497987168,derm,1,1,2017,161249,448,0,35,8,1,12,6
1417241415,derm,1,1,2017,161343,449,1,40,6,1,44,3
1992894372,derm,1,1,2017,161343,449,1,46,14,1,44,1
1629015334,derm,1,1,2017,161238,450,0,49,17,0,10,2
1457456881,derm,0,1,2018,115729,2,0,44,21,1,13,1
1659682904,derm,0,1,2018,261133,6,0,38,11,0,21,4
1679869127,derm,0,1,2018,178124,6,0,34,8,1,21,3
1689876252,derm,0,1,2018,114167,11,0,43,12,1,38,2
1962592410,derm,0,1,2018,4656,11,0,55,23,1,38,1
1205891215,derm,0,1,2018,180687,12,0,55,18,1,115,4
1437101789,derm,0,1,2018,102683,12,0,54,28,1,115,2
1811955388,derm,1,1,2018,322535,12,1,62,32,1,115,1
1821431560,derm,0,1,2018,102683,12,0,32,5,1,115,4
1922040997,derm,0,1,2018,322689,12,1,61,35,1,115,1
1689803686,derm,0,1,2018,328274,14,1,40,15,0,29,1
1194776344,derm,0,1,2018,195679,16,1,47,21,1,6,1
1033102637,derm,0,1,2018,302314,22,0,67,41,1,3,1
1346496494,derm,0,1,2018,114713,23,0,41,14,0,167,1
1376964718,derm,0,1,2018,134739,23,1,39,13,0,167,1
1396784500,derm,0,1,2018,290218,25,0,45,23,0,11,1
1275521494,derm,1,1,2018,340328,56,0,56,31,0,339,1
1316921000,derm,1,1,2018,340328,56,0,53,28,0,339,2
1528024056,derm,0,1,2018,65633,56,0,62,32,1,339,2
1851370480,derm,0,1,2018,297204,56,0,64,39,0,339,1
1073691820,derm,0,1,2018,306175,65,1,46,16,1,39,3
1861627457,derm,0,1,2018,302127,65,0,42,12,1,39,2
1679576706,derm,0,1,2018,339382,69,0,61,31,1,16,1
1922041235,derm,0,1,2018,135803,69,0,48,20,1,16,1
1942349378,derm,1,1,2018,342209,69,0,45,19,0,16,2
1043318363,derm,1,1,2018,270897,77,1,48,22,0,75,2
1194724492,derm,0,1,2018,178821,77,0,62,37,0,75,3
1194906107,derm,0,1,2018,333362,77,0,50,23,1,75,1
1295739845,derm,0,1,2018,333455,77,0,55,24,1,75,6
1386694404,derm,0,1,2018,290731,77,0,59,33,1,75,2
1457526972,derm,0,1,2018,333414,77,1,40,11,1,75,6
1891755344,derm,1,1,2018,270897,77,0,54,29,0,75,5
1962485714,derm,1,1,2018,271191,77,0,61,31,1,75,1
1114072782,derm,0,1,2018,108586,78,0,57,29,0,17,6
1528123254,derm,0,1,2018,291358,78,0,58,32,1,17,3
1033210984,derm,1,1,2018,336289,80,1,48,17,1,170,3
1033496088,derm,1,1,2018,336289,80,0,42,9,1,170,1
1093748881,derm,1,1,2018,87873,80,1,45,20,1,170,5
1205871456,derm,1,1,2018,336289,80,1,55,30,1,170,3
1447311261,derm,0,1,2018,135401,80,0,64,38,1,170,1
1528080041,derm,0,1,2018,206054,80,0,52,20,0,170,1
1811938038,derm,0,1,2018,123735,80,0,49,21,1,170,1
1972716918,derm,1,1,2018,336289,80,1,44,12,1,170,1
1255309258,derm,1,1,2018,335445,85,0,53,30,1,69,5
1205870755,derm,0,1,2018,291105,86,0,62,36,1,26,4
1770674202,derm,0,1,2018,121278,86,1,46,20,1,26,1
1023323813,derm,1,1,2018,333374,89,0,39,11,0,21,2
1285994244,derm,1,1,2018,333374,89,1,34,6,0,21,2
1770677957,derm,1,1,2018,333374,89,0,48,23,1,21,3
1063472736,derm,1,1,2018,336287,96,1,68,42,1,47,2
1154525822,derm,0,1,2018,342197,96,1,39,11,0,47,1
1134383540,derm,1,1,2018,293199,101,1,37,10,1,28,4
1356633085,derm,0,1,2018,293199,102,1,41,7,1,24,3
1437325412,derm,1,1,2018,279439,103,0,47,10,1,102,1
1952531147,derm,0,1,2018,316402,103,1,38,9,0,102,3
1861655466,derm,0,1,2018,293416,109,1,50,24,1,44,5
1972543692,derm,0,1,2018,16150,111,0,54,24,1,68,1
1982963443,derm,1,1,2018,214367,112,1,33,6,1,26,2
1750572012,derm,0,1,2018,219921,113,0,39,11,0,138,2
1083654206,derm,0,1,2018,247198,116,0,51,20,1,28,3
1154652741,derm,0,1,2018,251036,116,1,37,11,1,28,2
1528167145,derm,0,1,2018,247198,116,1,50,20,1,28,1
1730176793,derm,0,1,2018,247198,116,0,61,34,1,28,2
1790939015,derm,0,1,2018,300687,116,0,46,13,1,28,2
1275593774,derm,0,1,2018,2262,118,0,57,24,1,201,1
1376641902,derm,1,1,2018,264635,118,0,42,17,0,201,9
1538470331,derm,0,1,2018,106349,118,1,35,8,0,201,5
1568457547,derm,0,1,2018,189195,118,1,68,43,0,201,2
1750304937,derm,0,1,2018,160730,118,0,56,29,1,201,1
1326122508,derm,0,1,2018,247771,119,1,54,30,1,70,4
1417977125,derm,0,1,2018,252947,119,0,59,32,1,70,2
1831293141,derm,0,1,2018,137165,119,0,56,28,0,70,1
1235108754,derm,1,1,2018,247871,120,1,49,22,1,16,1
1073596458,derm,1,1,2018,251662,123,0,50,23,1,61,2
1437476462,derm,0,1,2018,247150,127,1,40,8,1,146,4
1699784330,derm,0,1,2018,309645,127,0,55,23,1,146,1
1548592991,derm,0,1,2018,292226,129,1,37,10,0,29,1
1003865502,derm,0,1,2018,250902,130,0,53,28,1,118,1
1033376918,derm,0,1,2018,251285,130,1,39,10,0,118,2
1093715989,derm,0,1,2018,137529,130,1,57,34,0,118,1
1376650895,derm,0,1,2018,251285,130,0,53,27,1,118,4
1376735654,derm,0,1,2018,252663,130,0,41,12,0,118,6
1760748644,derm,0,1,2018,257786,130,1,39,6,0,118,2
1932147402,derm,0,1,2018,251959,131,1,51,27,1,17,3
1629025606,derm,1,1,2018,247152,134,1,54,19,1,25,3
1942452255,derm,0,1,2018,198260,134,0,49,10,0,25,2
1013352343,derm,1,1,2018,265893,137,1,35,11,0,44,1
1083979942,derm,0,1,2018,101285,137,1,37,14,1,44,3
1114984689,derm,0,1,2018,113401,137,1,43,17,1,44,2
1124306436,derm,0,1,2018,101285,137,0,40,16,0,44,2
1326280413,derm,1,1,2018,265893,137,1,37,9,1,44,7
1710933650,derm,0,1,2018,252663,137,0,62,37,1,44,2
1487814414,derm,0,1,2018,124561,139,1,39,13,1,28,1
1245499615,derm,1,1,2018,251085,141,1,42,16,1,55,1
1326347584,derm,0,1,2018,123920,141,1,33,7,1,55,1
1003043324,derm,0,1,2018,121888,144,1,41,16,0,202,1
1255331765,derm,0,1,2018,73036,144,1,54,20,1,202,1
1265405849,derm,0,1,2018,97499,144,1,47,17,1,202,1
1629396585,derm,0,1,2018,66765,144,1,45,10,0,202,4
1952557977,derm,1,1,2018,239789,144,0,41,19,0,202,1
1043287329,derm,0,1,2018,240885,148,0,59,30,1,4,1
1831206382,derm,0,1,2018,240998,149,1,46,19,1,17,4
1235161787,derm,1,1,2018,331353,150,0,43,18,1,49,3
1598721714,derm,0,1,2018,328719,150,1,57,29,1,49,4
1649386335,derm,0,1,2018,147646,156,0,65,39,1,93,2
1831100296,derm,0,1,2018,145793,158,1,51,28,0,21,1
1407915978,derm,1,1,2018,146891,161,0,54,28,1,70,2
1043256324,derm,0,1,2018,145793,163,0,58,32,1,31,2
1144414921,derm,0,1,2018,240104,163,0,41,16,0,31,2
1194801423,derm,0,1,2018,30347,166,0,50,23,1,49,1
1992932073,derm,0,1,2018,145783,166,0,38,14,0,49,1
1588644744,derm,0,1,2018,141829,179,1,54,26,1,10,2
1154571529,derm,0,1,2018,73614,181,1,39,15,1,8,2
1952580466,derm,0,1,2018,257904,181,1,40,14,1,8,1
1508870221,derm,0,1,2018,69549,183,1,42,16,0,81,1
1831119239,derm,1,1,2018,116364,183,1,46,19,1,81,1
1932202991,derm,1,1,2018,102012,183,1,43,17,1,81,2
1205820396,derm,0,1,2018,166801,192,0,52,25,1,20,1
1194859421,derm,1,1,2018,213008,200,1,46,14,1,10,2
1982916995,derm,1,1,2018,211813,201,1,35,8,1,17,1
1730116229,derm,0,1,2018,69982,204,1,50,18,1,32,3
1578820619,derm,0,1,2018,274223,218,0,37,7,1,28,7
1003897935,derm,1,1,2018,550,222,1,58,33,1,37,6
1598725871,derm,0,1,2018,1078,222,0,64,38,1,37,5
1861653818,derm,0,1,2018,188220,223,0,35,14,1,107,1
1215974894,derm,0,1,2018,203965,225,0,61,35,1,11,1
1619219862,derm,0,1,2018,216332,225,1,31,5,1,11,3
1093027062,derm,1,1,2018,9251,227,0,45,20,1,329,3
1215970512,derm,0,1,2018,10346,227,0,63,37,1,329,2
1457508079,derm,0,1,2018,306951,227,1,38,15,0,329,3
1659632883,derm,1,1,2018,10422,227,1,34,6,0,329,3
1831359637,derm,0,1,2018,258228,227,0,37,15,1,329,4
1164680336,derm,0,1,2018,9371,230,1,38,15,0,21,1
1982658274,derm,0,1,2018,183171,230,0,65,41,0,21,1
1790752186,derm,1,1,2018,9404,231,1,50,27,0,33,1
1700862034,derm,0,1,2018,156151,233,0,68,45,0,17,1
1508186404,derm,0,1,2018,156788,235,1,38,8,1,9,1
1871821389,derm,0,1,2018,159065,245,0,51,23,1,56,2
1114926946,derm,0,1,2018,174498,246,0,66,40,1,6,1
1073703567,derm,1,1,2018,147342,251,1,41,14,1,121,1
1376513903,derm,1,1,2018,164007,251,0,55,20,1,121,1
1417057886,derm,0,1,2018,67260,251,0,69,42,1,121,2
1659698512,derm,1,1,2018,164026,251,0,38,8,1,121,1
1487631974,derm,1,1,2018,166294,253,1,43,17,1,40,3
1356514657,derm,1,1,2018,164019,256,1,37,10,0,31,3
1972658979,derm,0,1,2018,168622,263,1,58,29,0,3,2
1114278124,derm,0,1,2018,172263,264,1,33,6,1,25,4
1578884995,derm,1,1,2018,168743,264,1,37,8,1,25,2
1104138668,derm,1,1,2018,294459,274,1,33,8,0,17,2
1851358147,derm,1,1,2018,294459,274,1,58,31,1,17,1
1992783948,derm,0,1,2018,310840,274,0,63,26,1,17,4
1194735316,derm,0,1,2018,258103,276,0,51,21,1,11,1
1366672578,derm,0,1,2018,258103,276,1,40,10,1,11,1
1053499970,derm,0,1,2018,326514,279,0,50,19,1,31,1
1235342957,derm,0,1,2018,192396,279,0,44,13,1,31,1
1508187360,derm,0,1,2018,192396,279,0,55,8,1,31,2
1851473938,derm,0,1,2018,304726,279,0,64,20,0,31,2
1215081849,derm,0,1,2018,96245,280,1,50,24,0,29,4
1144297516,derm,0,1,2018,326298,282,1,51,33,0,32,1
1861666133,derm,0,1,2018,3940,282,0,57,34,0,32,2
1922056738,derm,0,1,2018,3644,282,1,49,23,1,32,1
1497700561,derm,0,1,2018,39760,283,0,62,36,1,109,2
1891974507,derm,0,1,2018,115850,283,0,54,29,1,109,1
1457580177,derm,0,1,2018,298926,284,0,42,12,0,74,2
1659307643,derm,0,1,2018,56897,285,1,41,12,1,70,1
1164532909,derm,0,1,2018,107330,289,0,55,32,0,35,1
1780663898,derm,0,1,2018,298668,289,0,55,28,0,35,1
1841424074,derm,0,1,2018,78796,289,0,41,11,0,35,1
1083831051,derm,0,1,2018,321320,293,1,41,15,1,38,1
1154480689,derm,0,1,2018,321314,293,0,74,48,1,38,1
1578657706,derm,0,1,2018,321320,293,0,50,17,1,38,1
1588621395,derm,0,1,2018,44970,295,0,63,37,1,46,1
1992042378,derm,0,1,2018,38359,295,0,42,9,1,46,1
1396792867,derm,0,1,2018,208961,297,0,65,30,0,25,1
1174854970,derm,1,1,2018,177221,301,0,35,9,1,221,2
1801952981,derm,1,1,2018,186417,301,1,43,17,0,221,2
1215258470,derm,0,1,2018,160559,303,0,38,8,1,352,1
1215950092,derm,0,1,2018,160559,303,0,55,29,1,352,1
1548428675,derm,0,1,2018,118950,303,0,38,11,0,352,2
1033107354,derm,0,1,2018,104100,309,0,64,37,1,28,5
1134485964,derm,1,1,2018,232666,311,1,33,6,1,73,2
1194832691,derm,0,1,2018,229414,311,1,46,22,1,73,1
1346508017,derm,0,1,2018,230786,311,1,32,6,1,73,1
1477991479,derm,1,1,2018,232664,311,0,32,5,1,73,8
1861589566,derm,1,1,2018,232664,311,1,60,33,1,73,1
1306836093,derm,0,1,2018,113182,312,1,46,20,1,72,1
1598872624,derm,0,1,2018,62865,312,1,61,34,0,72,1
1790764603,derm,0,1,2018,292985,313,1,62,36,1,14,1
1477640480,derm,0,1,2018,231845,314,0,56,20,1,22,4
1538177100,derm,0,1,2018,106422,314,0,55,25,1,22,2
1699879924,derm,1,1,2018,234822,314,0,56,29,1,22,2
1154507978,derm,0,1,2018,231350,318,1,38,13,1,47,4
1619927282,derm,0,1,2018,106275,318,1,54,25,1,47,1
1902127244,derm,0,1,2018,120447,318,1,33,8,1,47,1
1972787109,derm,0,1,2018,187689,318,1,37,11,1,47,4
1669460374,derm,0,1,2018,240246,319,0,68,42,1,22,1
1750376356,derm,1,1,2018,231615,319,1,46,18,0,22,5
1629233119,derm,0,1,2018,181037,320,0,45,13,1,40,1
1861629511,derm,1,1,2018,229575,320,1,37,13,0,40,1
1003015314,derm,1,1,2018,95010,322,1,41,14,1,15,2
1164650297,derm,1,1,2018,172984,322,1,36,12,1,15,2
1043287501,derm,0,1,2018,138355,326,1,48,24,1,10,5
1245289529,derm,0,1,2018,167634,327,0,60,34,1,59,1
1477599793,derm,1,1,2018,138202,328,1,46,20,0,113,2
1619143492,derm,1,1,2018,138202,328,0,38,15,0,113,1
1902065147,derm,0,1,2018,130310,329,1,38,12,1,92,1
1376593806,derm,0,1,2018,121756,334,0,63,39,1,25,1
1508958737,derm,0,1,2018,196735,334,0,48,21,1,25,1
1922268978,derm,1,1,2018,138460,334,1,40,10,1,25,2
1134382880,derm,1,1,2018,290132,339,1,35,12,0,46,1
1215076468,derm,0,1,2018,270897,341,0,53,22,1,11,2
1083705479,derm,1,1,2018,121533,342,1,52,22,1,22,4
1184603680,derm,1,1,2018,332937,342,1,51,19,1,22,2
1225239908,derm,1,1,2018,332825,342,1,51,25,0,22,3
1568570547,derm,0,1,2018,299177,342,0,58,26,1,22,1
1609989474,derm,1,1,2018,332825,342,0,47,20,1,22,2
1093070278,derm,1,1,2018,331911,344,1,32,6,1,87,1
1235124520,derm,1,1,2018,332672,344,0,45,18,0,87,3
1386964310,derm,0,1,2018,331919,344,0,38,8,1,87,2
1336323088,derm,0,1,2018,332264,345,0,45,12,1,7,2
1144260126,derm,0,1,2018,85239,346,1,41,15,0,24,1
1457316804,derm,1,1,2018,87798,350,0,54,28,1,24,1
1730323387,derm,1,1,2018,87798,350,0,39,13,0,24,2
1548296601,derm,0,1,2018,89956,352,0,53,22,1,28,1
1598720823,derm,1,1,2018,90474,352,0,70,42,1,28,2
1740253970,derm,0,1,2018,86152,355,0,57,18,1,14,2
1639122492,derm,0,1,2018,83930,356,0,59,34,1,227,2
1851366215,derm,0,1,2018,86146,356,1,51,25,1,227,1
1902005960,derm,0,1,2018,209515,356,0,40,14,0,227,1
1205196292,derm,0,1,2018,90019,357,0,32,6,1,92,1
1639126584,derm,0,1,2018,90556,357,1,43,16,1,92,1
1932362399,derm,1,1,2018,86766,357,0,43,19,0,92,1
1487639704,derm,0,1,2018,70592,358,0,63,36,1,9,2
1265489371,derm,0,1,2018,12662,364,0,42,18,1,55,1
1356398432,derm,0,1,2018,201497,366,1,53,31,0,26,1
1013965532,derm,0,1,2018,294193,367,0,57,30,1,5,1
1144285354,derm,1,1,2018,236487,368,0,61,36,1,28,1
1417059007,derm,1,1,2018,236487,368,1,62,37,1,28,1
1457378309,derm,0,1,2018,235640,368,1,61,18,1,28,1
1306872080,derm,0,1,2018,236487,369,0,56,31,1,7,1
1750523635,derm,1,1,2018,184519,371,1,37,9,1,22,1
1306831961,derm,0,1,2018,229384,375,0,61,37,1,11,1
1447543970,derm,0,1,2018,215463,377,1,33,7,1,31,1
1043400435,derm,0,1,2018,260395,380,0,47,11,1,77,1
1285620344,derm,1,1,2018,145029,380,0,55,27,1,77,1
1518944784,derm,0,1,2018,260049,380,0,64,41,1,77,1
1932153244,derm,1,1,2018,145029,380,1,51,21,1,77,1
1053738971,derm,0,1,2018,281465,385,1,32,5,1,94,9
1720158207,derm,1,1,2018,281570,385,1,45,21,1,94,1
1902814874,derm,1,1,2018,279278,385,0,63,26,1,94,2
1962571091,derm,1,1,2018,281570,385,0,48,25,0,94,1
1528321221,derm,0,1,2018,285094,391,1,34,6,1,177,3
1588959621,derm,1,1,2018,287745,391,1,33,7,1,177,5
1770711913,derm,1,1,2018,287745,391,1,36,9,0,177,2
1992898860,derm,0,1,2018,203569,391,1,47,24,0,177,1
1588656409,derm,0,1,2018,285712,394,1,48,17,1,61,4
1235199613,derm,0,1,2018,6553,397,0,54,29,0,207,1
1245429158,derm,0,1,2018,307930,397,0,47,14,0,207,4
1376703116,derm,0,1,2018,67615,397,0,55,29,1,207,6
1881834158,derm,0,1,2018,288633,397,1,39,11,0,207,1
1497001184,derm,0,1,2018,145097,399,0,39,9,1,3,1
1083927271,derm,0,1,2018,63745,400,1,36,11,0,14,3
1518025766,derm,0,1,2018,309981,412,0,53,25,0,79,1
1528356565,derm,0,1,2018,190800,412,0,34,7,0,79,5
1194980128,derm,0,1,2018,68828,413,0,50,25,0,19,1
1265403638,derm,1,1,2018,281570,413,0,57,23,1,19,3
1396936019,derm,1,1,2018,281570,413,0,43,17,0,19,2
1972865426,derm,1,1,2018,281570,413,0,34,6,1,19,3
1275866212,derm,0,1,2018,280600,418,0,36,10,1,6,1
1013193093,derm,0,1,2018,78702,424,0,45,12,1,21,2
1124312335,derm,1,1,2018,6091,424,1,33,7,1,21,2
1396777199,derm,1,1,2018,6124,424,1,50,24,1,21,2
1073659900,derm,0,1,2018,223293,426,0,63,34,0,106,1
1912086794,derm,0,1,2018,187434,426,1,54,28,1,106,2
1801987847,derm,0,1,2018,62865,428,0,49,19,1,9,2
1609986942,derm,0,1,2018,222987,429,0,61,43,0,21,4
1629098918,derm,0,1,2018,222462,429,1,38,12,1,21,2
1982622429,derm,1,1,2018,221677,432,0,52,26,1,13,1
1669486155,derm,1,1,2018,328875,437,1,41,15,1,17,2
1053501452,derm,0,1,2018,329945,438,0,44,15,1,6,3
1154613677,derm,1,1,2018,113635,439,0,36,7,1,143,1
1417049040,derm,0,1,2018,49127,440,1,64,28,1,36,1
1558368571,derm,0,1,2018,331357,440,0,73,,1,36,1
1255425393,derm,0,1,2018,196458,448,0,43,15,1,13,1
1033103940,derm,1,1,2018,162277,449,1,51,25,1,44,3
1902034812,derm,1,1,2018,162277,449,0,37,9,0,44,3
1871572362,derm,0,1,2018,257904,456,1,68,37,1,8,1
